{"resourceId":3014,"properties":{"process_id":"delete-related-content","name":"delete-related-content","documentation":"","process_author":"","process_version":"","process_namespace":"http://www.activiti.org/processdef","executionlisteners":"","eventlisteners":"","signaldefinitions":"","messagedefinitions":"","executionvariables":"","metadata":""},"stencil":{"id":"BPMNDiagram"},"childShapes":[{"resourceId":"startEvent1","properties":{"overrideid":"","name":"","documentation":"","executionlisteners":"","initiator":"","formkeydefinition":"","formreference":"","fieldstovariables":"","formproperties":""},"stencil":{"id":"StartNoneEvent"},"childShapes":[],"outgoing":[{"resourceId":"sid-46712163-652E-4C94-B5FA-3BAEB4592216"}],"bounds":{"lowerRight":{"x":130,"y":193},"upperLeft":{"x":100,"y":163}},"dockers":[]},{"resourceId":"sid-484144CE-4AF9-42CD-A87C-35A23A277131","properties":{"overrideid":"","name":"Upload New File","documentation":"","asynchronousdefinition":"false","exclusivedefinition":"false","executionlisteners":"","multiinstance_type":"None","multiinstance_cardinality":"","multiinstance_collection":"","multiinstance_variable":"","multiinstance_condition":"","isforcompensation":"false","usertasksendemail":true,"usertaskassignment":"","formkeydefinition":"","formreference":{"id":3015,"name":"test","referenceId":3014},"fieldstovariables":"","duedatedefinition":"","prioritydefinition":"","categorydefinition":"","formproperties":"","tasklisteners":"","emailtemplate":""},"stencil":{"id":"UserTask"},"childShapes":[],"outgoing":[{"resourceId":"sid-68DDC9A2-C460-460D-8FBC-8CD4361A5797"}],"bounds":{"lowerRight":{"x":275,"y":218},"upperLeft":{"x":175,"y":138}},"dockers":[]},{"resourceId":"sid-46712163-652E-4C94-B5FA-3BAEB4592216","properties":{"overrideid":"","name":"","documentation":"","conditionsequenceflow":"","executionlisteners":"","defaultflow":"false"},"stencil":{"id":"SequenceFlow"},"childShapes":[],"outgoing":[{"resourceId":"sid-484144CE-4AF9-42CD-A87C-35A23A277131"}],"bounds":{"lowerRight":{"x":174.15625,"y":178},"upperLeft":{"x":130.609375,"y":178}},"dockers":[{"x":15,"y":15},{"x":50,"y":40}],"target":{"resourceId":"sid-484144CE-4AF9-42CD-A87C-35A23A277131"}},{"resourceId":"sid-D638F668-93B2-4E33-AD13-4FB1172BDE5E","properties":{"overrideid":"","name":"","documentation":"","asynchronousdefinition":"false","exclusivedefinition":"false","sequencefloworder":""},"stencil":{"id":"ExclusiveGateway"},"childShapes":[],"outgoing":[{"resourceId":"sid-7C2AA361-811E-43B3-AC04-44C2E1D9A630"},{"resourceId":"sid-2F05A685-6419-4624-8059-63E3F2B53A5D"}],"bounds":{"lowerRight":{"x":520,"y":198},"upperLeft":{"x":480,"y":158}},"dockers":[]},{"resourceId":"sid-DB19704A-F3B3-4E79-9500-83F71D3EAD5D","properties":{"overrideid":"","name":"","documentation":"","executionlisteners":""},"stencil":{"id":"EndNoneEvent"},"childShapes":[],"outgoing":[],"bounds":{"lowerRight":{"x":643,"y":192},"upperLeft":{"x":615,"y":164}},"dockers":[]},{"resourceId":"sid-7381FABA-731C-4D89-AD8F-D6E7B1165B03","properties":{"scriptformat":"groovy","scripttext":"def page = null;\ndef pageNumber = 0;\t\t\nwhile ((page == null) || (page.hasNext())) {\n\tpage = relatedContentService\n\t\t\t.getFieldContentForProcessInstance(\n\t\t\t\t\texecution.getProcessInstanceId(), 'uploadfield', 50,\n\t\t\t\t\tpageNumber);\n\trelatedContentService.deleteRelatedContent(page.getContent());\n\tpageNumber++;\n}","executionvariables":"","overrideid":"","name":"Delete Existing Content","documentation":"","asynchronousdefinition":"false","exclusivedefinition":"false","executionlisteners":"","multiinstance_type":"None","multiinstance_cardinality":"","multiinstance_collection":"","multiinstance_variable":"","multiinstance_condition":"","isforcompensation":"false","usertasksendemail":true,"type":"http://b3mn.org/stencilset/bpmn2.0#UserTask","emailtemplate":"","tasklisteners":"","formproperties":"","categorydefinition":"","prioritydefinition":"","duedatedefinition":"","fieldstovariables":"","formreference":"","formkeydefinition":"","usertaskassignment":""},"stencil":{"id":"ScriptTask"},"childShapes":[],"outgoing":[{"resourceId":"sid-9AF7FEED-DE38-42AE-81F0-A28EA309823B"}],"bounds":{"lowerRight":{"x":385,"y":425},"upperLeft":{"x":285,"y":345}},"dockers":[]},{"resourceId":"sid-9AF7FEED-DE38-42AE-81F0-A28EA309823B","properties":{"overrideid":"","name":"","documentation":"","conditionsequenceflow":"","executionlisteners":"","defaultflow":"false"},"stencil":{"id":"SequenceFlow"},"childShapes":[],"outgoing":[{"resourceId":"sid-484144CE-4AF9-42CD-A87C-35A23A277131"}],"bounds":{"lowerRight":{"x":284.15625,"y":385},"upperLeft":{"x":225,"y":218.62109375}},"dockers":[{"x":50,"y":40},{"x":225,"y":385},{"x":50,"y":40}],"target":{"resourceId":"sid-484144CE-4AF9-42CD-A87C-35A23A277131"}},{"resourceId":"sid-7C2AA361-811E-43B3-AC04-44C2E1D9A630","properties":{"overrideid":"","name":"","documentation":"","conditionsequenceflow":"","executionlisteners":"","defaultflow":true},"stencil":{"id":"SequenceFlow"},"childShapes":[],"outgoing":[{"resourceId":"sid-7381FABA-731C-4D89-AD8F-D6E7B1165B03"}],"bounds":{"lowerRight":{"x":500.5,"y":385},"upperLeft":{"x":385.1328125,"y":198.859375}},"dockers":[{"x":20.5,"y":20.5},{"x":500.5,"y":385},{"x":50,"y":40}],"target":{"resourceId":"sid-7381FABA-731C-4D89-AD8F-D6E7B1165B03"}},{"resourceId":"sid-2F05A685-6419-4624-8059-63E3F2B53A5D","properties":{"overrideid":"","name":"","documentation":"","conditionsequenceflow":{"expression":{"type":"variables","leftFormFieldId":"exit","operator":"==","rightValue":"true"}},"executionlisteners":"","defaultflow":false},"stencil":{"id":"SequenceFlow"},"childShapes":[],"outgoing":[{"resourceId":"sid-DB19704A-F3B3-4E79-9500-83F71D3EAD5D"}],"bounds":{"lowerRight":{"x":614.9492263200514,"y":178.4218902288718},"upperLeft":{"x":520.5742111799486,"y":178.0546722711282}},"dockers":[{"x":20.5,"y":20.5},{"x":14,"y":14}],"target":{"resourceId":"sid-DB19704A-F3B3-4E79-9500-83F71D3EAD5D"}},{"resourceId":"sid-68DDC9A2-C460-460D-8FBC-8CD4361A5797","properties":{"overrideid":"","name":"","documentation":"","conditionsequenceflow":"","executionlisteners":"","defaultflow":"false"},"stencil":{"id":"SequenceFlow"},"childShapes":[],"outgoing":[{"resourceId":"sid-0924BCFD-F053-4CC9-95C8-C9F1352A816D"}],"bounds":{"lowerRight":{"x":329.3515625,"y":178},"upperLeft":{"x":275.6484375,"y":178}},"dockers":[{"x":50,"y":40},{"x":50,"y":40}],"target":{"resourceId":"sid-0924BCFD-F053-4CC9-95C8-C9F1352A816D"}},{"resourceId":"sid-32335F9D-9F2F-4CA0-8488-9C8B173067CE","properties":{"overrideid":"","name":"","documentation":"","conditionsequenceflow":"","executionlisteners":"","defaultflow":"false"},"stencil":{"id":"SequenceFlow"},"childShapes":[],"outgoing":[{"resourceId":"sid-D638F668-93B2-4E33-AD13-4FB1172BDE5E"}],"bounds":{"lowerRight":{"x":480.25,"y":178},"upperLeft":{"x":430.6875,"y":178}},"dockers":[{"x":50,"y":40},{"x":20,"y":20}],"target":{"resourceId":"sid-D638F668-93B2-4E33-AD13-4FB1172BDE5E"}},{"resourceId":"sid-0924BCFD-F053-4CC9-95C8-C9F1352A816D","properties":{"overrideid":"","name":"Publish Uploaded File somewhere","documentation":"","asynchronousdefinition":"false","exclusivedefinition":"false","executionlisteners":"","multiinstance_type":"None","multiinstance_cardinality":"","multiinstance_collection":"","multiinstance_variable":"","multiinstance_condition":"","isforcompensation":"false","emailtemplate":"","usertaskassignment":"","formkeydefinition":"","formreference":"","fieldstovariables":"","duedatedefinition":"","prioritydefinition":"","categorydefinition":"","usertasksendemail":true,"type":"http://b3mn.org/stencilset/bpmn2.0#UserTask","formproperties":"","tasklisteners":""},"stencil":{"id":"ManualTask"},"childShapes":[],"outgoing":[{"resourceId":"sid-32335F9D-9F2F-4CA0-8488-9C8B173067CE"}],"bounds":{"lowerRight":{"x":430,"y":218},"upperLeft":{"x":330,"y":138}},"dockers":[]}],"bounds":{"lowerRight":{"x":1200,"y":1050},"upperLeft":{"x":0,"y":0}},"stencilset":{"url":"stencilsets/bpmn2.0/bpmn2.0.json","namespace":"http://b3mn.org/stencilset/bpmn2.0#"},"ssextensions":[]}