<?xml version='1.0' encoding='UTF-8'?>
<definitions xmlns="http://www.omg.org/spec/BPMN/20100524/MODEL" xmlns:xsi="http://www.w3.org/2001/XMLSchema-instance" xmlns:xsd="http://www.w3.org/2001/XMLSchema" xmlns:activiti="http://activiti.org/bpmn" xmlns:bpmndi="http://www.omg.org/spec/BPMN/20100524/DI" xmlns:omgdc="http://www.omg.org/spec/DD/20100524/DC" xmlns:omgdi="http://www.omg.org/spec/DD/20100524/DI" typeLanguage="http://www.w3.org/2001/XMLSchema" expressionLanguage="http://www.w3.org/1999/XPath" targetNamespace="http://www.activiti.org/processdef" xmlns:modeler="http://activiti.com/modeler" modeler:version="1.0en" modeler:exportDateTime="20180223114139253" modeler:modelId="3014" modeler:modelVersion="4" modeler:modelLastUpdated="1519407666664">
  <process id="delete-related-content" name="delete-related-content" isExecutable="true">
    <startEvent id="startEvent1">
      <extensionElements>
        <modeler:editor-resource-id><![CDATA[startEvent1]]></modeler:editor-resource-id>
      </extensionElements>
    </startEvent>
    <userTask id="sid-484144CE-4AF9-42CD-A87C-35A23A277131" name="Upload New File" activiti:assignee="$INITIATOR" activiti:formKey="3015">
      <extensionElements>
        <modeler:allow-send-email><![CDATA[true]]></modeler:allow-send-email>
        <modeler:form-reference-id><![CDATA[3015]]></modeler:form-reference-id>
        <modeler:form-reference-name><![CDATA[test]]></modeler:form-reference-name>
        <modeler:activiti-idm-initiator><![CDATA[true]]></modeler:activiti-idm-initiator>
        <modeler:editor-resource-id><![CDATA[sid-484144CE-4AF9-42CD-A87C-35A23A277131]]></modeler:editor-resource-id>
      </extensionElements>
    </userTask>
    <sequenceFlow id="sid-46712163-652E-4C94-B5FA-3BAEB4592216" sourceRef="startEvent1" targetRef="sid-484144CE-4AF9-42CD-A87C-35A23A277131">
      <extensionElements>
        <modeler:editor-resource-id><![CDATA[sid-46712163-652E-4C94-B5FA-3BAEB4592216]]></modeler:editor-resource-id>
      </extensionElements>
    </sequenceFlow>
    <exclusiveGateway id="sid-D638F668-93B2-4E33-AD13-4FB1172BDE5E" default="sid-7C2AA361-811E-43B3-AC04-44C2E1D9A630">
      <extensionElements>
        <modeler:editor-resource-id><![CDATA[sid-D638F668-93B2-4E33-AD13-4FB1172BDE5E]]></modeler:editor-resource-id>
      </extensionElements>
    </exclusiveGateway>
    <endEvent id="sid-DB19704A-F3B3-4E79-9500-83F71D3EAD5D">
      <extensionElements>
        <modeler:editor-resource-id><![CDATA[sid-DB19704A-F3B3-4E79-9500-83F71D3EAD5D]]></modeler:editor-resource-id>
      </extensionElements>
    </endEvent>
    <scriptTask id="sid-7381FABA-731C-4D89-AD8F-D6E7B1165B03" name="Delete Existing Content" scriptFormat="groovy" activiti:autoStoreVariables="false">
      <extensionElements>
        <modeler:editor-resource-id><![CDATA[sid-7381FABA-731C-4D89-AD8F-D6E7B1165B03]]></modeler:editor-resource-id>
      </extensionElements>
      <script><![CDATA[def page = null;
def pageNumber = 0;		
while ((page == null) || (page.hasNext())) {
	page = relatedContentService
			.getFieldContentForProcessInstance(
					execution.getProcessInstanceId(), 'uploadfield', 50,
					pageNumber);
	relatedContentService.deleteRelatedContent(page.getContent());
	pageNumber++;
}]]></script>
    </scriptTask>
    <sequenceFlow id="sid-9AF7FEED-DE38-42AE-81F0-A28EA309823B" sourceRef="sid-7381FABA-731C-4D89-AD8F-D6E7B1165B03" targetRef="sid-484144CE-4AF9-42CD-A87C-35A23A277131">
      <extensionElements>
        <modeler:editor-resource-id><![CDATA[sid-9AF7FEED-DE38-42AE-81F0-A28EA309823B]]></modeler:editor-resource-id>
      </extensionElements>
    </sequenceFlow>
    <sequenceFlow id="sid-7C2AA361-811E-43B3-AC04-44C2E1D9A630" sourceRef="sid-D638F668-93B2-4E33-AD13-4FB1172BDE5E" targetRef="sid-7381FABA-731C-4D89-AD8F-D6E7B1165B03">
      <extensionElements>
        <modeler:editor-resource-id><![CDATA[sid-7C2AA361-811E-43B3-AC04-44C2E1D9A630]]></modeler:editor-resource-id>
      </extensionElements>
    </sequenceFlow>
    <sequenceFlow id="sid-2F05A685-6419-4624-8059-63E3F2B53A5D" sourceRef="sid-D638F668-93B2-4E33-AD13-4FB1172BDE5E" targetRef="sid-DB19704A-F3B3-4E79-9500-83F71D3EAD5D">
      <extensionElements>
        <modeler:conditionDefinition modeler:index="0" modeler:leftFormFieldId="exit" modeler:rightValue="true" modeler:operator="=="/>
        <modeler:editor-resource-id><![CDATA[sid-2F05A685-6419-4624-8059-63E3F2B53A5D]]></modeler:editor-resource-id>
      </extensionElements>
      <conditionExpression xsi:type="tFormalExpression"><![CDATA[${(activiti_flowConditionsBean.exists(execution, 'exit') && exit == true)}]]></conditionExpression>
    </sequenceFlow>
    <sequenceFlow id="sid-68DDC9A2-C460-460D-8FBC-8CD4361A5797" sourceRef="sid-484144CE-4AF9-42CD-A87C-35A23A277131" targetRef="sid-0924BCFD-F053-4CC9-95C8-C9F1352A816D">
      <extensionElements>
        <modeler:editor-resource-id><![CDATA[sid-68DDC9A2-C460-460D-8FBC-8CD4361A5797]]></modeler:editor-resource-id>
      </extensionElements>
    </sequenceFlow>
    <sequenceFlow id="sid-32335F9D-9F2F-4CA0-8488-9C8B173067CE" sourceRef="sid-0924BCFD-F053-4CC9-95C8-C9F1352A816D" targetRef="sid-D638F668-93B2-4E33-AD13-4FB1172BDE5E">
      <extensionElements>
        <modeler:editor-resource-id><![CDATA[sid-32335F9D-9F2F-4CA0-8488-9C8B173067CE]]></modeler:editor-resource-id>
      </extensionElements>
    </sequenceFlow>
    <manualTask id="sid-0924BCFD-F053-4CC9-95C8-C9F1352A816D" name="Publish Uploaded File somewhere" activiti:async="true" activiti:exclusive="false">
      <extensionElements>
        <activiti:executionListener event="start" class="com.activiti.runtime.activiti.ContentProcessorExecutionListener">
          <activiti:field name="externalContentHandler">
            <activiti:expression><![CDATA[${externalContentHandler}]]></activiti:expression>
          </activiti:field>
        </activiti:executionListener>
        <modeler:editor-resource-id><![CDATA[sid-0924BCFD-F053-4CC9-95C8-C9F1352A816D]]></modeler:editor-resource-id>
        <modeler:ignore-listener-on-import><![CDATA[com.activiti.runtime.activiti.ContentProcessorExecutionListener]]></modeler:ignore-listener-on-import>
      </extensionElements>
    </manualTask>
  </process>
  <bpmndi:BPMNDiagram id="BPMNDiagram_delete-related-content">
    <bpmndi:BPMNPlane bpmnElement="delete-related-content" id="BPMNPlane_delete-related-content">
      <bpmndi:BPMNShape bpmnElement="startEvent1" id="BPMNShape_startEvent1">
        <omgdc:Bounds height="30.0" width="30.0" x="100.0" y="163.0"/>
      </bpmndi:BPMNShape>
      <bpmndi:BPMNShape bpmnElement="sid-484144CE-4AF9-42CD-A87C-35A23A277131" id="BPMNShape_sid-484144CE-4AF9-42CD-A87C-35A23A277131">
        <omgdc:Bounds height="80.0" width="100.0" x="175.0" y="138.0"/>
      </bpmndi:BPMNShape>
      <bpmndi:BPMNShape bpmnElement="sid-D638F668-93B2-4E33-AD13-4FB1172BDE5E" id="BPMNShape_sid-D638F668-93B2-4E33-AD13-4FB1172BDE5E">
        <omgdc:Bounds height="40.0" width="40.0" x="480.0" y="158.0"/>
      </bpmndi:BPMNShape>
      <bpmndi:BPMNShape bpmnElement="sid-DB19704A-F3B3-4E79-9500-83F71D3EAD5D" id="BPMNShape_sid-DB19704A-F3B3-4E79-9500-83F71D3EAD5D">
        <omgdc:Bounds height="28.0" width="28.0" x="615.0" y="164.0"/>
      </bpmndi:BPMNShape>
      <bpmndi:BPMNShape bpmnElement="sid-7381FABA-731C-4D89-AD8F-D6E7B1165B03" id="BPMNShape_sid-7381FABA-731C-4D89-AD8F-D6E7B1165B03">
        <omgdc:Bounds height="80.0" width="100.0" x="285.0" y="345.0"/>
      </bpmndi:BPMNShape>
      <bpmndi:BPMNShape bpmnElement="sid-0924BCFD-F053-4CC9-95C8-C9F1352A816D" id="BPMNShape_sid-0924BCFD-F053-4CC9-95C8-C9F1352A816D">
        <omgdc:Bounds height="80.0" width="100.0" x="330.0" y="138.0"/>
      </bpmndi:BPMNShape>
      <bpmndi:BPMNEdge bpmnElement="sid-2F05A685-6419-4624-8059-63E3F2B53A5D" id="BPMNEdge_sid-2F05A685-6419-4624-8059-63E3F2B53A5D">
        <omgdi:waypoint x="519.57421875" y="178.42578125"/>
        <omgdi:waypoint x="615.0001059807191" y="178.05447429579488"/>
      </bpmndi:BPMNEdge>
      <bpmndi:BPMNEdge bpmnElement="sid-68DDC9A2-C460-460D-8FBC-8CD4361A5797" id="BPMNEdge_sid-68DDC9A2-C460-460D-8FBC-8CD4361A5797">
        <omgdi:waypoint x="275.0" y="178.0"/>
        <omgdi:waypoint x="330.0" y="178.0"/>
      </bpmndi:BPMNEdge>
      <bpmndi:BPMNEdge bpmnElement="sid-32335F9D-9F2F-4CA0-8488-9C8B173067CE" id="BPMNEdge_sid-32335F9D-9F2F-4CA0-8488-9C8B173067CE">
        <omgdi:waypoint x="430.0" y="178.0"/>
        <omgdi:waypoint x="480.0" y="178.0"/>
      </bpmndi:BPMNEdge>
      <bpmndi:BPMNEdge bpmnElement="sid-46712163-652E-4C94-B5FA-3BAEB4592216" id="BPMNEdge_sid-46712163-652E-4C94-B5FA-3BAEB4592216">
        <omgdi:waypoint x="130.0" y="178.0"/>
        <omgdi:waypoint x="175.0" y="178.0"/>
      </bpmndi:BPMNEdge>
      <bpmndi:BPMNEdge bpmnElement="sid-9AF7FEED-DE38-42AE-81F0-A28EA309823B" id="BPMNEdge_sid-9AF7FEED-DE38-42AE-81F0-A28EA309823B">
        <omgdi:waypoint x="285.0" y="385.0"/>
        <omgdi:waypoint x="225.0" y="385.0"/>
        <omgdi:waypoint x="225.0" y="218.0"/>
      </bpmndi:BPMNEdge>
      <bpmndi:BPMNEdge bpmnElement="sid-7C2AA361-811E-43B3-AC04-44C2E1D9A630" id="BPMNEdge_sid-7C2AA361-811E-43B3-AC04-44C2E1D9A630">
        <omgdi:waypoint x="500.5" y="197.5"/>
        <omgdi:waypoint x="500.5" y="385.0"/>
        <omgdi:waypoint x="385.0" y="385.0"/>
      </bpmndi:BPMNEdge>
    </bpmndi:BPMNPlane>
  </bpmndi:BPMNDiagram>
</definitions>