{"resourceId":67072,"properties":{"process_id":"TooltipExample","name":"Tooltip Example","documentation":"","process_author":"","process_version":"","process_namespace":"http://www.activiti.org/processdef","executionlisteners":"","eventlisteners":"","signaldefinitions":"","messagedefinitions":"","executionvariables":"","metadata":""},"stencil":{"id":"BPMNDiagram"},"childShapes":[{"resourceId":"startEvent1","properties":{"overrideid":"","name":"","documentation":"","executionlisteners":"","initiator":"","formkeydefinition":"","formreference":{"id":67073,"name":"Tooltip Form","referenceId":67072},"fieldstovariables":"","formproperties":""},"stencil":{"id":"StartNoneEvent"},"childShapes":[],"outgoing":[{"resourceId":"sid-3E190961-5383-439D-9170-D6F32A8DD712"}],"bounds":{"lowerRight":{"x":130,"y":193},"upperLeft":{"x":100,"y":163}},"dockers":[]},{"resourceId":"sid-E715C047-E297-4CB4-A41F-F9C070DA5FF0","properties":{"overrideid":"","name":"","documentation":"","executionlisteners":""},"stencil":{"id":"EndNoneEvent"},"childShapes":[],"outgoing":[],"bounds":{"lowerRight":{"x":203,"y":192},"upperLeft":{"x":175,"y":164}},"dockers":[]},{"resourceId":"sid-3E190961-5383-439D-9170-D6F32A8DD712","properties":{"overrideid":"","name":"","documentation":"","conditionsequenceflow":"","executionlisteners":"","defaultflow":"false"},"stencil":{"id":"SequenceFlow"},"childShapes":[],"outgoing":[{"resourceId":"sid-E715C047-E297-4CB4-A41F-F9C070DA5FF0"}],"bounds":{"lowerRight":{"x":174.125,"y":178},"upperLeft":{"x":130.453125,"y":178}},"dockers":[{"x":15,"y":15},{"x":14,"y":14}],"target":{"resourceId":"sid-E715C047-E297-4CB4-A41F-F9C070DA5FF0"}}],"bounds":{"lowerRight":{"x":1200,"y":1050},"upperLeft":{"x":0,"y":0}},"stencilset":{"url":"stencilsets/bpmn2.0/bpmn2.0.json","namespace":"http://b3mn.org/stencilset/bpmn2.0#"},"ssextensions":[]}