<?xml version='1.0' encoding='UTF-8'?>
<definitions xmlns="http://www.omg.org/spec/BPMN/20100524/MODEL" xmlns:xsi="http://www.w3.org/2001/XMLSchema-instance" xmlns:xsd="http://www.w3.org/2001/XMLSchema" xmlns:activiti="http://activiti.org/bpmn" xmlns:bpmndi="http://www.omg.org/spec/BPMN/20100524/DI" xmlns:omgdc="http://www.omg.org/spec/DD/20100524/DC" xmlns:omgdi="http://www.omg.org/spec/DD/20100524/DI" typeLanguage="http://www.w3.org/2001/XMLSchema" expressionLanguage="http://www.w3.org/1999/XPath" targetNamespace="http://www.activiti.org/processdef" xmlns:modeler="http://activiti.com/modeler" modeler:version="1.0en" modeler:exportDateTime="20171031165054247" modeler:modelId="67072" modeler:modelVersion="2" modeler:modelLastUpdated="1509468639370">
  <process id="TooltipExample" name="Tooltip Example" isExecutable="true">
    <startEvent id="startEvent1" activiti:formKey="67073">
      <extensionElements>
        <modeler:form-reference-id><![CDATA[67073]]></modeler:form-reference-id>
        <modeler:form-reference-name><![CDATA[Tooltip Form]]></modeler:form-reference-name>
        <modeler:editor-resource-id><![CDATA[startEvent1]]></modeler:editor-resource-id>
      </extensionElements>
    </startEvent>
    <endEvent id="sid-E715C047-E297-4CB4-A41F-F9C070DA5FF0">
      <extensionElements>
        <modeler:editor-resource-id><![CDATA[sid-E715C047-E297-4CB4-A41F-F9C070DA5FF0]]></modeler:editor-resource-id>
      </extensionElements>
    </endEvent>
    <sequenceFlow id="sid-3E190961-5383-439D-9170-D6F32A8DD712" sourceRef="startEvent1" targetRef="sid-E715C047-E297-4CB4-A41F-F9C070DA5FF0">
      <extensionElements>
        <modeler:editor-resource-id><![CDATA[sid-3E190961-5383-439D-9170-D6F32A8DD712]]></modeler:editor-resource-id>
      </extensionElements>
    </sequenceFlow>
  </process>
  <bpmndi:BPMNDiagram id="BPMNDiagram_TooltipExample">
    <bpmndi:BPMNPlane bpmnElement="TooltipExample" id="BPMNPlane_TooltipExample">
      <bpmndi:BPMNShape bpmnElement="startEvent1" id="BPMNShape_startEvent1">
        <omgdc:Bounds height="30.0" width="30.0" x="100.0" y="163.0"/>
      </bpmndi:BPMNShape>
      <bpmndi:BPMNShape bpmnElement="sid-E715C047-E297-4CB4-A41F-F9C070DA5FF0" id="BPMNShape_sid-E715C047-E297-4CB4-A41F-F9C070DA5FF0">
        <omgdc:Bounds height="28.0" width="28.0" x="175.0" y="164.0"/>
      </bpmndi:BPMNShape>
      <bpmndi:BPMNEdge bpmnElement="sid-3E190961-5383-439D-9170-D6F32A8DD712" id="BPMNEdge_sid-3E190961-5383-439D-9170-D6F32A8DD712">
        <omgdi:waypoint x="130.0" y="178.0"/>
        <omgdi:waypoint x="175.0" y="178.0"/>
      </bpmndi:BPMNEdge>
    </bpmndi:BPMNPlane>
  </bpmndi:BPMNDiagram>
</definitions>