<?xml version='1.0' encoding='UTF-8'?>
<definitions xmlns="http://www.omg.org/spec/BPMN/20100524/MODEL" xmlns:xsi="http://www.w3.org/2001/XMLSchema-instance" xmlns:xsd="http://www.w3.org/2001/XMLSchema" xmlns:activiti="http://activiti.org/bpmn" xmlns:bpmndi="http://www.omg.org/spec/BPMN/20100524/DI" xmlns:omgdc="http://www.omg.org/spec/DD/20100524/DC" xmlns:omgdi="http://www.omg.org/spec/DD/20100524/DI" typeLanguage="http://www.w3.org/2001/XMLSchema" expressionLanguage="http://www.w3.org/1999/XPath" targetNamespace="http://www.activiti.org/processdef" xmlns:modeler="http://activiti.com/modeler" modeler:version="1.0en" modeler:exportDateTime="20180104224212154" modeler:modelId="18021" modeler:modelVersion="3" modeler:modelLastUpdated="1515127327768">
  <process id="EmailReceiver" name="Email Receiver" isExecutable="true">
    <startEvent id="startEvent1" activiti:formKey="18022">
      <extensionElements>
        <modeler:form-reference-id><![CDATA[18022]]></modeler:form-reference-id>
        <modeler:form-reference-name><![CDATA[EmailStartForm]]></modeler:form-reference-name>
        <modeler:editor-resource-id><![CDATA[startEvent1]]></modeler:editor-resource-id>
      </extensionElements>
    </startEvent>
    <userTask id="sid-3E4D73E6-8107-4A53-9B05-D881C174BF4D" name="Review Email" activiti:async="true" activiti:exclusive="false" activiti:assignee="$INITIATOR" activiti:formKey="18024">
      <extensionElements>
        <activiti:executionListener event="start" class="com.activiti.runtime.activiti.ContentProcessorExecutionListener">
          <activiti:field name="externalContentHandler">
            <activiti:expression><![CDATA[${externalContentHandler}]]></activiti:expression>
          </activiti:field>
        </activiti:executionListener>
        <modeler:allow-send-email><![CDATA[true]]></modeler:allow-send-email>
        <modeler:form-reference-id><![CDATA[18024]]></modeler:form-reference-id>
        <modeler:form-reference-name><![CDATA[Review Email]]></modeler:form-reference-name>
        <modeler:activiti-idm-initiator><![CDATA[true]]></modeler:activiti-idm-initiator>
        <modeler:editor-resource-id><![CDATA[sid-3E4D73E6-8107-4A53-9B05-D881C174BF4D]]></modeler:editor-resource-id>
        <modeler:ignore-listener-on-import><![CDATA[com.activiti.runtime.activiti.ContentProcessorExecutionListener]]></modeler:ignore-listener-on-import>
      </extensionElements>
    </userTask>
    <sequenceFlow id="sid-690D3627-8556-44C8-8471-075C07F985BA" sourceRef="startEvent1" targetRef="sid-3E4D73E6-8107-4A53-9B05-D881C174BF4D">
      <extensionElements>
        <modeler:editor-resource-id><![CDATA[sid-690D3627-8556-44C8-8471-075C07F985BA]]></modeler:editor-resource-id>
      </extensionElements>
    </sequenceFlow>
    <endEvent id="sid-BAC26240-CDF3-446D-8D34-9A9A55ECA419">
      <extensionElements>
        <modeler:editor-resource-id><![CDATA[sid-BAC26240-CDF3-446D-8D34-9A9A55ECA419]]></modeler:editor-resource-id>
      </extensionElements>
    </endEvent>
    <sequenceFlow id="sid-7EF8A1D0-EACE-4E86-8AF9-F7FBBC255F67" sourceRef="sid-3E4D73E6-8107-4A53-9B05-D881C174BF4D" targetRef="sid-BAC26240-CDF3-446D-8D34-9A9A55ECA419">
      <extensionElements>
        <modeler:editor-resource-id><![CDATA[sid-7EF8A1D0-EACE-4E86-8AF9-F7FBBC255F67]]></modeler:editor-resource-id>
      </extensionElements>
    </sequenceFlow>
  </process>
  <bpmndi:BPMNDiagram id="BPMNDiagram_EmailReceiver">
    <bpmndi:BPMNPlane bpmnElement="EmailReceiver" id="BPMNPlane_EmailReceiver">
      <bpmndi:BPMNShape bpmnElement="startEvent1" id="BPMNShape_startEvent1">
        <omgdc:Bounds height="30.0" width="30.0" x="100.0" y="163.0"/>
      </bpmndi:BPMNShape>
      <bpmndi:BPMNShape bpmnElement="sid-3E4D73E6-8107-4A53-9B05-D881C174BF4D" id="BPMNShape_sid-3E4D73E6-8107-4A53-9B05-D881C174BF4D">
        <omgdc:Bounds height="80.0" width="100.0" x="175.0" y="138.0"/>
      </bpmndi:BPMNShape>
      <bpmndi:BPMNShape bpmnElement="sid-BAC26240-CDF3-446D-8D34-9A9A55ECA419" id="BPMNShape_sid-BAC26240-CDF3-446D-8D34-9A9A55ECA419">
        <omgdc:Bounds height="28.0" width="28.0" x="320.0" y="164.0"/>
      </bpmndi:BPMNShape>
      <bpmndi:BPMNEdge bpmnElement="sid-7EF8A1D0-EACE-4E86-8AF9-F7FBBC255F67" id="BPMNEdge_sid-7EF8A1D0-EACE-4E86-8AF9-F7FBBC255F67">
        <omgdi:waypoint x="275.0" y="178.0"/>
        <omgdi:waypoint x="320.0" y="178.0"/>
      </bpmndi:BPMNEdge>
      <bpmndi:BPMNEdge bpmnElement="sid-690D3627-8556-44C8-8471-075C07F985BA" id="BPMNEdge_sid-690D3627-8556-44C8-8471-075C07F985BA">
        <omgdi:waypoint x="130.0" y="178.0"/>
        <omgdi:waypoint x="175.0" y="178.0"/>
      </bpmndi:BPMNEdge>
    </bpmndi:BPMNPlane>
  </bpmndi:BPMNDiagram>
</definitions>