{"resourceId":26028,"properties":{"process_id":"EmailReceiver","name":"Email Receiver","documentation":"","process_author":"","process_version":"","process_namespace":"http://www.activiti.org/processdef","executionlisteners":"{\"executionListeners\":[]}","eventlisteners":"{\"eventListeners\":[]}","signaldefinitions":"[]","messagedefinitions":"[]","executionvariables":"","metadata":""},"stencil":{"id":"BPMNDiagram"},"childShapes":[{"resourceId":"startEvent1","properties":{"overrideid":"startEvent1","name":"","documentation":"","executionlisteners":{"executionListeners":[]},"initiator":"","formkeydefinition":"","formreference":{"id":26027,"name":"EmailStartForm","referenceId":26028},"fieldstovariables":"","formproperties":"","asynchronousdefinition":false,"exclusivedefinition":false},"stencil":{"id":"StartNoneEvent"},"childShapes":[],"outgoing":[{"resourceId":"sid-9D31C1D8-47A0-45E0-8435-8D397C9325F6"}],"bounds":{"lowerRight":{"x":98.18181236913446,"y":259.5454404886117},"upperLeft":{"x":68.18181236913446,"y":229.5454404886117}},"dockers":[]},{"resourceId":"sid-3E4D73E6-8107-4A53-9B05-D881C174BF4D","properties":{"overrideid":"sid-3E4D73E6-8107-4A53-9B05-D881C174BF4D","name":"Review Email","documentation":"","asynchronousdefinition":false,"exclusivedefinition":false,"executionlisteners":{"executionListeners":[]},"multiinstance_type":"None","multiinstance_cardinality":"","multiinstance_collection":"","multiinstance_variable":"","multiinstance_condition":"","isforcompensation":false,"usertasksendemail":true,"usertaskassignment":{"assignment":{"type":"idm","idm":{"type":"initiator"}}},"formkeydefinition":"","formreference":{"id":26026,"name":"Review Email"},"fieldstovariables":"","duedatedefinition":"","prioritydefinition":"","categorydefinition":"","formproperties":"","tasklisteners":{"taskListeners":[]},"emailtemplate":""},"stencil":{"id":"UserTask"},"childShapes":[],"outgoing":[{"resourceId":"sid-7EF8A1D0-EACE-4E86-8AF9-F7FBBC255F67"}],"bounds":{"lowerRight":{"x":494.99998325771963,"y":605},"upperLeft":{"x":394.9999832577197,"y":525.0000000000001}},"dockers":[]},{"resourceId":"sid-BAC26240-CDF3-446D-8D34-9A9A55ECA419","properties":{"overrideid":"sid-BAC26240-CDF3-446D-8D34-9A9A55ECA419","name":"","documentation":"","executionlisteners":{"executionListeners":[]},"asynchronousdefinition":false,"exclusivedefinition":false},"stencil":{"id":"EndNoneEvent"},"childShapes":[],"outgoing":[],"bounds":{"lowerRight":{"x":832.545420056863,"y":265.8181668407675},"upperLeft":{"x":804.545420056863,"y":237.8181668407675}},"dockers":[]},{"resourceId":"sid-7EF8A1D0-EACE-4E86-8AF9-F7FBBC255F67","properties":{"overrideid":"sid-7EF8A1D0-EACE-4E86-8AF9-F7FBBC255F67","name":"","documentation":"","conditionsequenceflow":"","executionlisteners":{"executionListeners":[]},"defaultflow":"false","showdiamondmarker":false},"stencil":{"id":"SequenceFlow"},"childShapes":[],"outgoing":[{"resourceId":"sid-A7E0EB24-C0DA-4C6E-AE58-0CCD7F21180F"}],"bounds":{"lowerRight":{"x":683.4999792118284,"y":565},"upperLeft":{"x":495.3769355450937,"y":272.2544073466936}},"dockers":[{"x":49.99999999999997,"y":39.99999999999994},{"x":683.4999792118284,"y":565},{"x":20.31819729765448,"y":28.73295967480294}],"target":{"resourceId":"sid-A7E0EB24-C0DA-4C6E-AE58-0CCD7F21180F"}},{"resourceId":"sid-9D31C1D8-47A0-45E0-8435-8D397C9325F6","properties":{"overrideid":"","name":"","documentation":"","conditionsequenceflow":"","executionlisteners":"","defaultflow":"false"},"stencil":{"id":"SequenceFlow"},"childShapes":[],"outgoing":[{"resourceId":"sid-A0971FA4-40CE-44FD-ACE2-3C032F390796"}],"bounds":{"lowerRight":{"x":149.7173197002215,"y":244.54543992379595},"upperLeft":{"x":98.78408422450462,"y":244.5454380799689}},"dockers":[{"x":15.000000000000007,"y":15},{"x":50,"y":39.99999999999997}],"target":{"resourceId":"sid-A0971FA4-40CE-44FD-ACE2-3C032F390796"}},{"resourceId":"sid-A0971FA4-40CE-44FD-ACE2-3C032F390796","properties":{"overrideid":"","name":"Run Rules","documentation":"","asynchronousdefinition":"false","exclusivedefinition":"false","executionlisteners":"","multiinstance_type":"None","multiinstance_cardinality":"","multiinstance_collection":"","multiinstance_variable":"","multiinstance_condition":"","isforcompensation":"false","decisiontaskdecisiontablereference":{"id":26030,"name":"emailrules","referenceId":null},"usertaskassignment":"","emailtemplate":"","tasklisteners":"","usertasksendemail":true,"fieldstovariables":"","duedatedefinition":"","prioritydefinition":"","categorydefinition":"","formproperties":"","type":"http://b3mn.org/stencilset/bpmn2.0#UserTask","formreference":"","formkeydefinition":""},"stencil":{"id":"DecisionTask"},"childShapes":[],"outgoing":[{"resourceId":"sid-655EE90F-E5EA-4A9D-8ECB-E28F255819E2"}],"bounds":{"lowerRight":{"x":249.9999872120958,"y":284.5454362596929},"upperLeft":{"x":149.9999872120958,"y":204.54543625969296}},"dockers":[]},{"resourceId":"sid-655EE90F-E5EA-4A9D-8ECB-E28F255819E2","properties":{"overrideid":"","name":"","documentation":"","conditionsequenceflow":"","executionlisteners":"","defaultflow":"false"},"stencil":{"id":"SequenceFlow"},"childShapes":[],"outgoing":[{"resourceId":"sid-9F10C5BC-85BA-4001-9206-93003335AED7"}],"bounds":{"lowerRight":{"x":299.7304645105696,"y":244.95926319405183},"upperLeft":{"x":250.89450982331115,"y":244.75662069235963}},"dockers":[{"x":50,"y":39.99999999999997},{"x":20.5,"y":20.50000000000006}],"target":{"resourceId":"sid-9F10C5BC-85BA-4001-9206-93003335AED7"}},{"resourceId":"sid-9F10C5BC-85BA-4001-9206-93003335AED7","properties":{"overrideid":"","name":"","documentation":"","asynchronousdefinition":"false","exclusivedefinition":"false","sequencefloworder":"","type":"http://b3mn.org/stencilset/bpmn2.0#ExclusiveGateway"},"stencil":{"id":"InclusiveGateway"},"childShapes":[],"outgoing":[{"resourceId":"sid-2B37F272-D0BB-41DF-A65D-AB02D9ED3887"},{"resourceId":"sid-C830E2E0-B75C-4C26-B42D-E8E5C094BDB2"},{"resourceId":"sid-07BA2C02-B2BD-460F-A27F-35E1DCF379F9"},{"resourceId":"sid-715158DC-7E88-4A11-B9E9-158325974C1A"}],"bounds":{"lowerRight":{"x":339.99998713984724,"y":264.54544535331337},"upperLeft":{"x":299.99998713984724,"y":224.54544535331337}},"dockers":[]},{"resourceId":"sid-A7E0EB24-C0DA-4C6E-AE58-0CCD7F21180F","properties":{"overrideid":"","name":"","documentation":"","asynchronousdefinition":"false","exclusivedefinition":"false","sequencefloworder":"","type":"http://b3mn.org/stencilset/bpmn2.0#ExclusiveGateway"},"stencil":{"id":"InclusiveGateway"},"childShapes":[],"outgoing":[{"resourceId":"sid-2F10EC80-1C10-49E3-8126-8FFF5BDBD96B"}],"bounds":{"lowerRight":{"x":703.1817819141739,"y":271.818166967924},"upperLeft":{"x":663.1817819141739,"y":231.81816696792401}},"dockers":[]},{"resourceId":"sid-4AC4540D-525C-4D91-A65E-940471DC2845","properties":{"overrideid":"sid-4AC4540D-525C-4D91-A65E-940471DC2845","name":"Task Action Error","documentation":"","asynchronousdefinition":false,"exclusivedefinition":false,"executionlisteners":{"executionListeners":[]},"multiinstance_type":"None","multiinstance_cardinality":"","multiinstance_collection":"","multiinstance_variable":"","multiinstance_condition":"","isforcompensation":false,"usertasksendemail":true,"usertaskassignment":{"assignment":{"type":"idm","idm":{"type":"initiator"}}},"formkeydefinition":"","formreference":null,"fieldstovariables":"","duedatedefinition":"","prioritydefinition":"","categorydefinition":"","formproperties":"","tasklisteners":{"taskListeners":[]},"emailtemplate":""},"stencil":{"id":"UserTask"},"childShapes":[],"outgoing":[{"resourceId":"sid-D8C4D4FC-E709-4EB6-8D3E-1CEF437BCA00"}],"bounds":{"lowerRight":{"x":489.9999999999999,"y":365},"upperLeft":{"x":390.00000000000006,"y":285.00000000000006}},"dockers":[]},{"resourceId":"sid-1A11D85C-3C95-4646-B4E1-CB990902B6B2","properties":{"overrideid":"","name":"","documentation":"","conditionsequenceflow":"","executionlisteners":"","defaultflow":"false","showdiamondmarker":false},"stencil":{"id":"SequenceFlow"},"childShapes":[],"outgoing":[{"resourceId":"sid-4AC4540D-525C-4D91-A65E-940471DC2845"}],"bounds":{"lowerRight":{"x":423.5238237011083,"y":391.8639037497861},"upperLeft":{"x":423.04460781123254,"y":365.50465238744005}},"dockers":[{"x":15,"y":15},{"x":33.704037236573754,"y":70.59201388652434}],"target":{"resourceId":"sid-4AC4540D-525C-4D91-A65E-940471DC2845"}},{"resourceId":"sid-875614A1-E716-4E2B-B0EF-009AA1134E4C","properties":{"overrideid":"","name":"","documentation":"","asynchronousdefinition":"false","exclusivedefinition":"false","sequencefloworder":""},"stencil":{"id":"ExclusiveGateway"},"childShapes":[],"outgoing":[{"resourceId":"sid-625ABD4C-3F64-4348-AF49-9E73783D14E1"}],"bounds":{"lowerRight":{"x":580.4545240664963,"y":345.00000000000006},"upperLeft":{"x":540.4545240664963,"y":305.00000000000006}},"dockers":[]},{"resourceId":"sid-D6297DA1-A88A-479F-B739-E2DF282E8A12","properties":{"overrideid":"","name":"","documentation":"","conditionsequenceflow":"","executionlisteners":"","defaultflow":"false"},"stencil":{"id":"SequenceFlow"},"childShapes":[],"outgoing":[{"resourceId":"sid-875614A1-E716-4E2B-B0EF-009AA1134E4C"}],"bounds":{"lowerRight":{"x":560.9545240664963,"y":447.7272674663012},"upperLeft":{"x":490.1377754020142,"y":345.5980105416096}},"dockers":[{"x":50,"y":40},{"x":560.9545240664963,"y":447.7272674663012},{"x":20.5,"y":20.5}],"target":{"resourceId":"sid-875614A1-E716-4E2B-B0EF-009AA1134E4C"}},{"resourceId":"sid-D8C4D4FC-E709-4EB6-8D3E-1CEF437BCA00","properties":{"overrideid":"","name":"","documentation":"","conditionsequenceflow":"","executionlisteners":"","defaultflow":"false"},"stencil":{"id":"SequenceFlow"},"childShapes":[],"outgoing":[{"resourceId":"sid-875614A1-E716-4E2B-B0EF-009AA1134E4C"}],"bounds":{"lowerRight":{"x":540.6335046811062,"y":325},"upperLeft":{"x":490.8757013712836,"y":325}},"dockers":[{"x":49.99999999999994,"y":39.99999999999996},{"x":20,"y":20}],"target":{"resourceId":"sid-875614A1-E716-4E2B-B0EF-009AA1134E4C"}},{"resourceId":"sid-625ABD4C-3F64-4348-AF49-9E73783D14E1","properties":{"overrideid":"","name":"","documentation":"","conditionsequenceflow":"","executionlisteners":"","defaultflow":"false"},"stencil":{"id":"SequenceFlow"},"childShapes":[],"outgoing":[{"resourceId":"sid-A7E0EB24-C0DA-4C6E-AE58-0CCD7F21180F"}],"bounds":{"lowerRight":{"x":683.1817819141739,"y":325.50000000000006},"upperLeft":{"x":581.0525331051961,"y":271.8142645465061}},"dockers":[{"x":20.5,"y":20.5},{"x":683.1817819141739,"y":325.50000000000006},{"x":20,"y":20}],"target":{"resourceId":"sid-A7E0EB24-C0DA-4C6E-AE58-0CCD7F21180F"}},{"resourceId":"sid-DE6F50A3-1E8E-4A27-AB6A-F128D5BAB93D","properties":{"overrideid":"","name":"Task Action","documentation":"","asynchronousdefinition":"false","exclusivedefinition":"false","executionlisteners":"","multiinstance_type":"None","multiinstance_cardinality":"","multiinstance_collection":"","multiinstance_variable":"","multiinstance_condition":"","isforcompensation":"false","servicetaskclass":"","servicetaskexpression":"","servicetaskdelegateexpression":"${emailTaskActionDelegate}","servicetaskfields":"","servicetaskresultvariable":"","executionvariables":"","duedatedefinition":"","type":"http://b3mn.org/stencilset/bpmn2.0#UserTask","emailtemplate":"","tasklisteners":"","formproperties":"","categorydefinition":"","prioritydefinition":"","usertaskassignment":"","fieldstovariables":"","formreference":"","usertasksendemail":true,"formkeydefinition":""},"stencil":{"id":"ServiceTask"},"childShapes":[],"outgoing":[{"resourceId":"sid-D6297DA1-A88A-479F-B739-E2DF282E8A12"},{"resourceId":"sid-69F5A806-926E-439E-B54F-589EFCD4AA53"}],"bounds":{"lowerRight":{"x":490.00000000000006,"y":487.7272674663012},"upperLeft":{"x":390.00000000000006,"y":407.7272674663012}},"dockers":[]},{"resourceId":"sid-F6597A6C-3508-4F68-9148-3B44B910A631","properties":{"overrideid":"","name":"Process Start","documentation":"","asynchronousdefinition":"false","exclusivedefinition":"false","executionlisteners":"","multiinstance_type":"None","multiinstance_cardinality":"","multiinstance_collection":"","multiinstance_variable":"","multiinstance_condition":"","isforcompensation":"false","servicetaskclass":"","servicetaskexpression":"","servicetaskdelegateexpression":"${emailProcessStartDelegate}","servicetaskfields":"","servicetaskresultvariable":"","executionvariables":"","duedatedefinition":"","type":"http://b3mn.org/stencilset/bpmn2.0#UserTask","emailtemplate":"","tasklisteners":"","formproperties":"","categorydefinition":"","prioritydefinition":"","usertasksendemail":true,"fieldstovariables":"","formreference":"","formkeydefinition":"","usertaskassignment":""},"stencil":{"id":"ServiceTask"},"childShapes":[],"outgoing":[{"resourceId":"sid-A0989D2A-A9F3-4E23-AAA6-EEEFCD669A64"},{"resourceId":"sid-1912B739-F45F-45A6-902C-7E6937440D9F"}],"bounds":{"lowerRight":{"x":494.9999748865794,"y":93.63636305181123},"upperLeft":{"x":394.9999748865794,"y":13.636363051811237}},"dockers":[]},{"resourceId":"sid-1912B739-F45F-45A6-902C-7E6937440D9F","properties":{"overrideid":"","name":"","documentation":"","errorref":""},"stencil":{"id":"BoundaryErrorEvent"},"childShapes":[],"outgoing":[{"resourceId":"sid-43B0F3EA-BA41-40D1-9308-36357E3B9E15"}],"bounds":{"lowerRight":{"x":485.9953131890052,"y":109.02491696397621},"upperLeft":{"x":455.9953131890052,"y":79.02491696397621}},"dockers":[{"x":73.98989327748308,"y":77.2727250829544}]},{"resourceId":"sid-FE438880-1208-4E5F-992A-DCEB47BF932F","properties":{"overrideid":"sid-FE438880-1208-4E5F-992A-DCEB47BF932F","name":"Process Start Error","documentation":"","asynchronousdefinition":false,"exclusivedefinition":false,"executionlisteners":{"executionListeners":[]},"multiinstance_type":"None","multiinstance_cardinality":"","multiinstance_collection":"","multiinstance_variable":"","multiinstance_condition":"","isforcompensation":false,"usertasksendemail":true,"usertaskassignment":{"assignment":{"type":"idm","idm":{"type":"initiator"}}},"formkeydefinition":"","formreference":null,"fieldstovariables":"","duedatedefinition":"","prioritydefinition":"","categorydefinition":"","formproperties":"","tasklisteners":{"taskListeners":[]},"emailtemplate":""},"stencil":{"id":"UserTask"},"childShapes":[],"outgoing":[{"resourceId":"sid-F309273A-2F6C-4F2C-BCA8-DBF2E12F3173"}],"bounds":{"lowerRight":{"x":618.1817959688269,"y":161.81817831086738},"upperLeft":{"x":518.181795968827,"y":81.81817831086742}},"dockers":[]},{"resourceId":"sid-43B0F3EA-BA41-40D1-9308-36357E3B9E15","properties":{"overrideid":"","name":"","documentation":"","conditionsequenceflow":"","executionlisteners":"","defaultflow":"false"},"stencil":{"id":"SequenceFlow"},"childShapes":[],"outgoing":[{"resourceId":"sid-FE438880-1208-4E5F-992A-DCEB47BF932F"}],"bounds":{"lowerRight":{"x":517.8292851821986,"y":121.81817831086741},"upperLeft":{"x":470.9953131890052,"y":109.79008705451216}},"dockers":[{"x":15,"y":15},{"x":470.9953131890052,"y":121.81817831086741},{"x":49.99999999999994,"y":39.99999999999998}],"target":{"resourceId":"sid-FE438880-1208-4E5F-992A-DCEB47BF932F"}},{"resourceId":"sid-10EAFC8F-450F-492B-B39F-F6FA319B570E","properties":{"overrideid":"","name":"","documentation":"","asynchronousdefinition":"false","exclusivedefinition":"false","sequencefloworder":""},"stencil":{"id":"ExclusiveGateway"},"childShapes":[],"outgoing":[{"resourceId":"sid-0CBB5AC2-9588-47F1-A773-D75EE5D3CEBA"}],"bounds":{"lowerRight":{"x":703.1817959688269,"y":141.8181783108674},"upperLeft":{"x":663.1817959688269,"y":101.81817831086741}},"dockers":[]},{"resourceId":"sid-F309273A-2F6C-4F2C-BCA8-DBF2E12F3173","properties":{"overrideid":"","name":"","documentation":"","conditionsequenceflow":"","executionlisteners":"","defaultflow":"false"},"stencil":{"id":"SequenceFlow"},"childShapes":[],"outgoing":[{"resourceId":"sid-10EAFC8F-450F-492B-B39F-F6FA319B570E"}],"bounds":{"lowerRight":{"x":662.8302428388345,"y":122.22791184710121},"upperLeft":{"x":618.8106928488194,"y":122.03735102463361}},"dockers":[{"x":49.999999999999915,"y":39.999999999999986},{"x":20.5,"y":20.5}],"target":{"resourceId":"sid-10EAFC8F-450F-492B-B39F-F6FA319B570E"}},{"resourceId":"sid-A0989D2A-A9F3-4E23-AAA6-EEEFCD669A64","properties":{"overrideid":"","name":"","documentation":"","conditionsequenceflow":"","executionlisteners":"","defaultflow":"false","showdiamondmarker":false},"stencil":{"id":"SequenceFlow"},"childShapes":[],"outgoing":[{"resourceId":"sid-10EAFC8F-450F-492B-B39F-F6FA319B570E"}],"bounds":{"lowerRight":{"x":683.6817959688269,"y":100.92826440583511},"upperLeft":{"x":495.4145706575134,"y":53.636363051811244}},"dockers":[{"x":50,"y":40.000000000000014},{"x":683.6817959688269,"y":53.636363051811244},{"x":20.5,"y":20.5}],"target":{"resourceId":"sid-10EAFC8F-450F-492B-B39F-F6FA319B570E"}},{"resourceId":"sid-0CBB5AC2-9588-47F1-A773-D75EE5D3CEBA","properties":{"overrideid":"","name":"","documentation":"","conditionsequenceflow":"","executionlisteners":"","defaultflow":"false"},"stencil":{"id":"SequenceFlow"},"childShapes":[],"outgoing":[{"resourceId":"sid-A7E0EB24-C0DA-4C6E-AE58-0CCD7F21180F"}],"bounds":{"lowerRight":{"x":683.6037140486408,"y":231.59551985565457},"upperLeft":{"x":683.2598638343602,"y":142.54082542313682}},"dockers":[{"x":20.5,"y":20.5},{"x":20,"y":20}],"target":{"resourceId":"sid-A7E0EB24-C0DA-4C6E-AE58-0CCD7F21180F"}},{"resourceId":"sid-2F10EC80-1C10-49E3-8126-8FFF5BDBD96B","properties":{"overrideid":"","name":"","documentation":"","conditionsequenceflow":"","executionlisteners":"","defaultflow":"false"},"stencil":{"id":"SequenceFlow"},"childShapes":[],"outgoing":[{"resourceId":"sid-BAC26240-CDF3-446D-8D34-9A9A55ECA419"}],"bounds":{"lowerRight":{"x":803.8483386805161,"y":252.24414702602692},"upperLeft":{"x":703.6469741554696,"y":251.87265552769753}},"dockers":[{"x":20.5,"y":20.5},{"x":14,"y":14}],"target":{"resourceId":"sid-BAC26240-CDF3-446D-8D34-9A9A55ECA419"}},{"resourceId":"sid-69F5A806-926E-439E-B54F-589EFCD4AA53","properties":{"overrideid":"","name":"","documentation":"","errorref":""},"stencil":{"id":"BoundaryErrorEvent"},"childShapes":[],"outgoing":[{"resourceId":"sid-1A11D85C-3C95-4646-B4E1-CB990902B6B2"}],"bounds":{"lowerRight":{"x":437.76128022794865,"y":422.44832643577627},"upperLeft":{"x":407.76128022794865,"y":392.44832643577627}},"dockers":[{"x":38.44445260365495,"y":13.000012860152765}]},{"resourceId":"sid-C830E2E0-B75C-4C26-B42D-E8E5C094BDB2","properties":{"overrideid":"","name":"No Action","documentation":"","conditionsequenceflow":"","executionlisteners":"","defaultflow":"false"},"stencil":{"id":"SequenceFlow"},"childShapes":[],"outgoing":[{"resourceId":"sid-A7E0EB24-C0DA-4C6E-AE58-0CCD7F21180F"}],"bounds":{"lowerRight":{"x":663.7645213369312,"y":251.45556894866075},"upperLeft":{"x":339.9172477170898,"y":245.40804337257663}},"dockers":[{"x":20.5,"y":20.5},{"x":20,"y":20}],"target":{"resourceId":"sid-A7E0EB24-C0DA-4C6E-AE58-0CCD7F21180F"}},{"resourceId":"sid-2B37F272-D0BB-41DF-A65D-AB02D9ED3887","properties":{"overrideid":"","name":"","documentation":"","conditionsequenceflow":{"expression":{"type":"variables","leftRestResponseId":"startProcessFlag","operator":"==","rightValue":"true"}},"executionlisteners":"","defaultflow":"false"},"stencil":{"id":"SequenceFlow"},"childShapes":[],"outgoing":[{"resourceId":"sid-F6597A6C-3508-4F68-9148-3B44B910A631"}],"bounds":{"lowerRight":{"x":394.3945110187408,"y":223.85776870432687},"upperLeft":{"x":320.49998713984724,"y":53.63636305181124}},"dockers":[{"x":20.5,"y":20.50000000000006},{"x":320.49998713984724,"y":53.63636305181124},{"x":50,"y":40}],"target":{"resourceId":"sid-F6597A6C-3508-4F68-9148-3B44B910A631"}},{"resourceId":"sid-715158DC-7E88-4A11-B9E9-158325974C1A","properties":{"overrideid":"","name":"","documentation":"","conditionsequenceflow":{"expression":{"type":"variables","leftRestResponseId":"taskActionFlag","operator":"==","rightValue":"true"}},"executionlisteners":"","defaultflow":"false"},"stencil":{"id":"SequenceFlow"},"childShapes":[],"outgoing":[{"resourceId":"sid-DE6F50A3-1E8E-4A27-AB6A-F128D5BAB93D"}],"bounds":{"lowerRight":{"x":389.51952592509303,"y":447.7272674663012},"upperLeft":{"x":320.49998713984724,"y":265.04686617640596}},"dockers":[{"x":20.5,"y":20.5},{"x":320.49998713984724,"y":447.7272674663012},{"x":50,"y":40}],"target":{"resourceId":"sid-DE6F50A3-1E8E-4A27-AB6A-F128D5BAB93D"}},{"resourceId":"sid-07BA2C02-B2BD-460F-A27F-35E1DCF379F9","properties":{"overrideid":"","name":"","documentation":"","conditionsequenceflow":{"expression":{"type":"variables","leftRestResponseId":"reviewFlag","operator":"==","rightValue":"true"}},"executionlisteners":"","defaultflow":"false","showdiamondmarker":false},"stencil":{"id":"SequenceFlow"},"childShapes":[],"outgoing":[{"resourceId":"sid-3E4D73E6-8107-4A53-9B05-D881C174BF4D"}],"bounds":{"lowerRight":{"x":394.39451605450483,"y":565},"upperLeft":{"x":320.49998713984724,"y":264.79278253964264}},"dockers":[{"x":20.5,"y":20.5},{"x":320.49998713984724,"y":565},{"x":49.99999999999997,"y":39.99999999999994}],"target":{"resourceId":"sid-3E4D73E6-8107-4A53-9B05-D881C174BF4D"}}],"bounds":{"lowerRight":{"x":1200,"y":1050},"upperLeft":{"x":0,"y":0}},"stencilset":{"url":"stencilsets/bpmn2.0/bpmn2.0.json","namespace":"http://b3mn.org/stencilset/bpmn2.0#"},"ssextensions":[]}