<?xml version='1.0' encoding='UTF-8'?>
<definitions xmlns="http://www.omg.org/spec/BPMN/20100524/MODEL" xmlns:xsi="http://www.w3.org/2001/XMLSchema-instance" xmlns:xsd="http://www.w3.org/2001/XMLSchema" xmlns:activiti="http://activiti.org/bpmn" xmlns:bpmndi="http://www.omg.org/spec/BPMN/20100524/DI" xmlns:omgdc="http://www.omg.org/spec/DD/20100524/DC" xmlns:omgdi="http://www.omg.org/spec/DD/20100524/DI" typeLanguage="http://www.w3.org/2001/XMLSchema" expressionLanguage="http://www.w3.org/1999/XPath" targetNamespace="http://www.activiti.org/processdef" xmlns:modeler="http://activiti.com/modeler" modeler:version="1.0en" modeler:exportDateTime="20180122134818188" modeler:modelId="26028" modeler:modelVersion="8" modeler:modelLastUpdated="1516270185509">
  <process id="EmailReceiver" name="Email Receiver" isExecutable="true">
    <startEvent id="startEvent1" activiti:formKey="26027">
      <extensionElements>
        <modeler:form-reference-id><![CDATA[26027]]></modeler:form-reference-id>
        <modeler:form-reference-name><![CDATA[EmailStartForm]]></modeler:form-reference-name>
        <modeler:editor-resource-id><![CDATA[startEvent1]]></modeler:editor-resource-id>
      </extensionElements>
    </startEvent>
    <userTask id="sid-3E4D73E6-8107-4A53-9B05-D881C174BF4D" name="Review Email" activiti:assignee="$INITIATOR" activiti:formKey="26026">
      <extensionElements>
        <modeler:allow-send-email><![CDATA[true]]></modeler:allow-send-email>
        <modeler:form-reference-id><![CDATA[26026]]></modeler:form-reference-id>
        <modeler:form-reference-name><![CDATA[Review Email]]></modeler:form-reference-name>
        <modeler:activiti-idm-initiator><![CDATA[true]]></modeler:activiti-idm-initiator>
        <modeler:initiator-can-complete><![CDATA[false]]></modeler:initiator-can-complete>
        <modeler:editor-resource-id><![CDATA[sid-3E4D73E6-8107-4A53-9B05-D881C174BF4D]]></modeler:editor-resource-id>
      </extensionElements>
    </userTask>
    <endEvent id="sid-BAC26240-CDF3-446D-8D34-9A9A55ECA419">
      <extensionElements>
        <modeler:editor-resource-id><![CDATA[sid-BAC26240-CDF3-446D-8D34-9A9A55ECA419]]></modeler:editor-resource-id>
      </extensionElements>
    </endEvent>
    <sequenceFlow id="sid-7EF8A1D0-EACE-4E86-8AF9-F7FBBC255F67" sourceRef="sid-3E4D73E6-8107-4A53-9B05-D881C174BF4D" targetRef="sid-A7E0EB24-C0DA-4C6E-AE58-0CCD7F21180F">
      <extensionElements>
        <modeler:editor-resource-id><![CDATA[sid-7EF8A1D0-EACE-4E86-8AF9-F7FBBC255F67]]></modeler:editor-resource-id>
      </extensionElements>
    </sequenceFlow>
    <sequenceFlow id="sid-9D31C1D8-47A0-45E0-8435-8D397C9325F6" sourceRef="startEvent1" targetRef="sid-A0971FA4-40CE-44FD-ACE2-3C032F390796">
      <extensionElements>
        <modeler:editor-resource-id><![CDATA[sid-9D31C1D8-47A0-45E0-8435-8D397C9325F6]]></modeler:editor-resource-id>
      </extensionElements>
    </sequenceFlow>
    <serviceTask id="sid-A0971FA4-40CE-44FD-ACE2-3C032F390796" name="Run Rules" activiti:async="true" activiti:exclusive="false" activiti:delegateExpression="${activiti_executeDecisionDelegate}">
      <extensionElements>
        <activiti:field name="decisionTableReferenceKey">
          <activiti:string><![CDATA[emailrules]]></activiti:string>
        </activiti:field>
        <activiti:executionListener event="start" class="com.activiti.runtime.activiti.ContentProcessorExecutionListener">
          <activiti:field name="externalContentHandler">
            <activiti:expression><![CDATA[${externalContentHandler}]]></activiti:expression>
          </activiti:field>
        </activiti:executionListener>
        <modeler:decisiontable-reference modeler:decisiontablereferenceid="26030" modeler:decisiontablereferencename="emailrules"/>
        <modeler:editor-resource-id><![CDATA[sid-A0971FA4-40CE-44FD-ACE2-3C032F390796]]></modeler:editor-resource-id>
        <modeler:ignore-listener-on-import><![CDATA[com.activiti.runtime.activiti.ContentProcessorExecutionListener]]></modeler:ignore-listener-on-import>
      </extensionElements>
    </serviceTask>
    <sequenceFlow id="sid-655EE90F-E5EA-4A9D-8ECB-E28F255819E2" sourceRef="sid-A0971FA4-40CE-44FD-ACE2-3C032F390796" targetRef="sid-9F10C5BC-85BA-4001-9206-93003335AED7">
      <extensionElements>
        <modeler:editor-resource-id><![CDATA[sid-655EE90F-E5EA-4A9D-8ECB-E28F255819E2]]></modeler:editor-resource-id>
      </extensionElements>
    </sequenceFlow>
    <inclusiveGateway id="sid-9F10C5BC-85BA-4001-9206-93003335AED7">
      <extensionElements>
        <modeler:editor-resource-id><![CDATA[sid-9F10C5BC-85BA-4001-9206-93003335AED7]]></modeler:editor-resource-id>
      </extensionElements>
    </inclusiveGateway>
    <inclusiveGateway id="sid-A7E0EB24-C0DA-4C6E-AE58-0CCD7F21180F">
      <extensionElements>
        <modeler:editor-resource-id><![CDATA[sid-A7E0EB24-C0DA-4C6E-AE58-0CCD7F21180F]]></modeler:editor-resource-id>
      </extensionElements>
    </inclusiveGateway>
    <userTask id="sid-4AC4540D-525C-4D91-A65E-940471DC2845" name="Task Action Error" activiti:assignee="$INITIATOR">
      <extensionElements>
        <modeler:allow-send-email><![CDATA[true]]></modeler:allow-send-email>
        <modeler:activiti-idm-initiator><![CDATA[true]]></modeler:activiti-idm-initiator>
        <modeler:initiator-can-complete><![CDATA[false]]></modeler:initiator-can-complete>
        <modeler:editor-resource-id><![CDATA[sid-4AC4540D-525C-4D91-A65E-940471DC2845]]></modeler:editor-resource-id>
      </extensionElements>
    </userTask>
    <sequenceFlow id="sid-1A11D85C-3C95-4646-B4E1-CB990902B6B2" sourceRef="sid-69F5A806-926E-439E-B54F-589EFCD4AA53" targetRef="sid-4AC4540D-525C-4D91-A65E-940471DC2845">
      <extensionElements>
        <modeler:editor-resource-id><![CDATA[sid-1A11D85C-3C95-4646-B4E1-CB990902B6B2]]></modeler:editor-resource-id>
      </extensionElements>
    </sequenceFlow>
    <exclusiveGateway id="sid-875614A1-E716-4E2B-B0EF-009AA1134E4C">
      <extensionElements>
        <modeler:editor-resource-id><![CDATA[sid-875614A1-E716-4E2B-B0EF-009AA1134E4C]]></modeler:editor-resource-id>
      </extensionElements>
    </exclusiveGateway>
    <sequenceFlow id="sid-D6297DA1-A88A-479F-B739-E2DF282E8A12" sourceRef="sid-DE6F50A3-1E8E-4A27-AB6A-F128D5BAB93D" targetRef="sid-875614A1-E716-4E2B-B0EF-009AA1134E4C">
      <extensionElements>
        <modeler:editor-resource-id><![CDATA[sid-D6297DA1-A88A-479F-B739-E2DF282E8A12]]></modeler:editor-resource-id>
      </extensionElements>
    </sequenceFlow>
    <sequenceFlow id="sid-D8C4D4FC-E709-4EB6-8D3E-1CEF437BCA00" sourceRef="sid-4AC4540D-525C-4D91-A65E-940471DC2845" targetRef="sid-875614A1-E716-4E2B-B0EF-009AA1134E4C">
      <extensionElements>
        <modeler:editor-resource-id><![CDATA[sid-D8C4D4FC-E709-4EB6-8D3E-1CEF437BCA00]]></modeler:editor-resource-id>
      </extensionElements>
    </sequenceFlow>
    <sequenceFlow id="sid-625ABD4C-3F64-4348-AF49-9E73783D14E1" sourceRef="sid-875614A1-E716-4E2B-B0EF-009AA1134E4C" targetRef="sid-A7E0EB24-C0DA-4C6E-AE58-0CCD7F21180F">
      <extensionElements>
        <modeler:editor-resource-id><![CDATA[sid-625ABD4C-3F64-4348-AF49-9E73783D14E1]]></modeler:editor-resource-id>
      </extensionElements>
    </sequenceFlow>
    <serviceTask id="sid-DE6F50A3-1E8E-4A27-AB6A-F128D5BAB93D" name="Task Action" activiti:delegateExpression="${emailTaskActionDelegate}">
      <extensionElements>
        <modeler:editor-resource-id><![CDATA[sid-DE6F50A3-1E8E-4A27-AB6A-F128D5BAB93D]]></modeler:editor-resource-id>
      </extensionElements>
    </serviceTask>
    <serviceTask id="sid-F6597A6C-3508-4F68-9148-3B44B910A631" name="Process Start" activiti:delegateExpression="${emailProcessStartDelegate}">
      <extensionElements>
        <modeler:editor-resource-id><![CDATA[sid-F6597A6C-3508-4F68-9148-3B44B910A631]]></modeler:editor-resource-id>
      </extensionElements>
    </serviceTask>
    <boundaryEvent id="sid-1912B739-F45F-45A6-902C-7E6937440D9F" attachedToRef="sid-F6597A6C-3508-4F68-9148-3B44B910A631">
      <extensionElements>
        <modeler:editor-resource-id><![CDATA[sid-1912B739-F45F-45A6-902C-7E6937440D9F]]></modeler:editor-resource-id>
      </extensionElements>
      <errorEventDefinition/>
    </boundaryEvent>
    <userTask id="sid-FE438880-1208-4E5F-992A-DCEB47BF932F" name="Process Start Error" activiti:assignee="$INITIATOR">
      <extensionElements>
        <modeler:allow-send-email><![CDATA[true]]></modeler:allow-send-email>
        <modeler:activiti-idm-initiator><![CDATA[true]]></modeler:activiti-idm-initiator>
        <modeler:initiator-can-complete><![CDATA[false]]></modeler:initiator-can-complete>
        <modeler:editor-resource-id><![CDATA[sid-FE438880-1208-4E5F-992A-DCEB47BF932F]]></modeler:editor-resource-id>
      </extensionElements>
    </userTask>
    <sequenceFlow id="sid-43B0F3EA-BA41-40D1-9308-36357E3B9E15" sourceRef="sid-1912B739-F45F-45A6-902C-7E6937440D9F" targetRef="sid-FE438880-1208-4E5F-992A-DCEB47BF932F">
      <extensionElements>
        <modeler:editor-resource-id><![CDATA[sid-43B0F3EA-BA41-40D1-9308-36357E3B9E15]]></modeler:editor-resource-id>
      </extensionElements>
    </sequenceFlow>
    <exclusiveGateway id="sid-10EAFC8F-450F-492B-B39F-F6FA319B570E">
      <extensionElements>
        <modeler:editor-resource-id><![CDATA[sid-10EAFC8F-450F-492B-B39F-F6FA319B570E]]></modeler:editor-resource-id>
      </extensionElements>
    </exclusiveGateway>
    <sequenceFlow id="sid-F309273A-2F6C-4F2C-BCA8-DBF2E12F3173" sourceRef="sid-FE438880-1208-4E5F-992A-DCEB47BF932F" targetRef="sid-10EAFC8F-450F-492B-B39F-F6FA319B570E">
      <extensionElements>
        <modeler:editor-resource-id><![CDATA[sid-F309273A-2F6C-4F2C-BCA8-DBF2E12F3173]]></modeler:editor-resource-id>
      </extensionElements>
    </sequenceFlow>
    <sequenceFlow id="sid-A0989D2A-A9F3-4E23-AAA6-EEEFCD669A64" sourceRef="sid-F6597A6C-3508-4F68-9148-3B44B910A631" targetRef="sid-10EAFC8F-450F-492B-B39F-F6FA319B570E">
      <extensionElements>
        <modeler:editor-resource-id><![CDATA[sid-A0989D2A-A9F3-4E23-AAA6-EEEFCD669A64]]></modeler:editor-resource-id>
      </extensionElements>
    </sequenceFlow>
    <sequenceFlow id="sid-0CBB5AC2-9588-47F1-A773-D75EE5D3CEBA" sourceRef="sid-10EAFC8F-450F-492B-B39F-F6FA319B570E" targetRef="sid-A7E0EB24-C0DA-4C6E-AE58-0CCD7F21180F">
      <extensionElements>
        <modeler:editor-resource-id><![CDATA[sid-0CBB5AC2-9588-47F1-A773-D75EE5D3CEBA]]></modeler:editor-resource-id>
      </extensionElements>
    </sequenceFlow>
    <sequenceFlow id="sid-2F10EC80-1C10-49E3-8126-8FFF5BDBD96B" sourceRef="sid-A7E0EB24-C0DA-4C6E-AE58-0CCD7F21180F" targetRef="sid-BAC26240-CDF3-446D-8D34-9A9A55ECA419">
      <extensionElements>
        <modeler:editor-resource-id><![CDATA[sid-2F10EC80-1C10-49E3-8126-8FFF5BDBD96B]]></modeler:editor-resource-id>
      </extensionElements>
    </sequenceFlow>
    <boundaryEvent id="sid-69F5A806-926E-439E-B54F-589EFCD4AA53" attachedToRef="sid-DE6F50A3-1E8E-4A27-AB6A-F128D5BAB93D">
      <extensionElements>
        <modeler:editor-resource-id><![CDATA[sid-69F5A806-926E-439E-B54F-589EFCD4AA53]]></modeler:editor-resource-id>
      </extensionElements>
      <errorEventDefinition/>
    </boundaryEvent>
    <sequenceFlow id="sid-C830E2E0-B75C-4C26-B42D-E8E5C094BDB2" name="No Action" sourceRef="sid-9F10C5BC-85BA-4001-9206-93003335AED7" targetRef="sid-A7E0EB24-C0DA-4C6E-AE58-0CCD7F21180F">
      <extensionElements>
        <modeler:editor-resource-id><![CDATA[sid-C830E2E0-B75C-4C26-B42D-E8E5C094BDB2]]></modeler:editor-resource-id>
      </extensionElements>
    </sequenceFlow>
    <sequenceFlow id="sid-2B37F272-D0BB-41DF-A65D-AB02D9ED3887" sourceRef="sid-9F10C5BC-85BA-4001-9206-93003335AED7" targetRef="sid-F6597A6C-3508-4F68-9148-3B44B910A631">
      <extensionElements>
        <modeler:conditionDefinition modeler:index="0" modeler:leftRestResponseId="startProcessFlag" modeler:rightValue="true" modeler:operator="=="/>
        <modeler:editor-resource-id><![CDATA[sid-2B37F272-D0BB-41DF-A65D-AB02D9ED3887]]></modeler:editor-resource-id>
      </extensionElements>
      <conditionExpression xsi:type="tFormalExpression"><![CDATA[${(activiti_flowConditionsBean.exists(execution, 'startProcessFlag') && startProcessFlag == true)}]]></conditionExpression>
    </sequenceFlow>
    <sequenceFlow id="sid-715158DC-7E88-4A11-B9E9-158325974C1A" sourceRef="sid-9F10C5BC-85BA-4001-9206-93003335AED7" targetRef="sid-DE6F50A3-1E8E-4A27-AB6A-F128D5BAB93D">
      <extensionElements>
        <modeler:conditionDefinition modeler:index="0" modeler:leftRestResponseId="taskActionFlag" modeler:rightValue="true" modeler:operator="=="/>
        <modeler:editor-resource-id><![CDATA[sid-715158DC-7E88-4A11-B9E9-158325974C1A]]></modeler:editor-resource-id>
      </extensionElements>
      <conditionExpression xsi:type="tFormalExpression"><![CDATA[${(activiti_flowConditionsBean.exists(execution, 'taskActionFlag') && taskActionFlag == true)}]]></conditionExpression>
    </sequenceFlow>
    <sequenceFlow id="sid-07BA2C02-B2BD-460F-A27F-35E1DCF379F9" sourceRef="sid-9F10C5BC-85BA-4001-9206-93003335AED7" targetRef="sid-3E4D73E6-8107-4A53-9B05-D881C174BF4D">
      <extensionElements>
        <modeler:conditionDefinition modeler:index="0" modeler:leftRestResponseId="reviewFlag" modeler:rightValue="true" modeler:operator="=="/>
        <modeler:editor-resource-id><![CDATA[sid-07BA2C02-B2BD-460F-A27F-35E1DCF379F9]]></modeler:editor-resource-id>
      </extensionElements>
      <conditionExpression xsi:type="tFormalExpression"><![CDATA[${(activiti_flowConditionsBean.exists(execution, 'reviewFlag') && reviewFlag == true)}]]></conditionExpression>
    </sequenceFlow>
  </process>
  <bpmndi:BPMNDiagram id="BPMNDiagram_EmailReceiver">
    <bpmndi:BPMNPlane bpmnElement="EmailReceiver" id="BPMNPlane_EmailReceiver">
      <bpmndi:BPMNShape bpmnElement="startEvent1" id="BPMNShape_startEvent1">
        <omgdc:Bounds height="30.0" width="30.0" x="68.18181236913446" y="229.5454404886117"/>
      </bpmndi:BPMNShape>
      <bpmndi:BPMNShape bpmnElement="sid-3E4D73E6-8107-4A53-9B05-D881C174BF4D" id="BPMNShape_sid-3E4D73E6-8107-4A53-9B05-D881C174BF4D">
        <omgdc:Bounds height="79.99999999999989" width="99.99999999999994" x="394.9999832577197" y="525.0000000000001"/>
      </bpmndi:BPMNShape>
      <bpmndi:BPMNShape bpmnElement="sid-BAC26240-CDF3-446D-8D34-9A9A55ECA419" id="BPMNShape_sid-BAC26240-CDF3-446D-8D34-9A9A55ECA419">
        <omgdc:Bounds height="28.0" width="28.0" x="804.545420056863" y="237.8181668407675"/>
      </bpmndi:BPMNShape>
      <bpmndi:BPMNShape bpmnElement="sid-A0971FA4-40CE-44FD-ACE2-3C032F390796" id="BPMNShape_sid-A0971FA4-40CE-44FD-ACE2-3C032F390796">
        <omgdc:Bounds height="79.99999999999994" width="100.0" x="149.9999872120958" y="204.54543625969296"/>
      </bpmndi:BPMNShape>
      <bpmndi:BPMNShape bpmnElement="sid-9F10C5BC-85BA-4001-9206-93003335AED7" id="BPMNShape_sid-9F10C5BC-85BA-4001-9206-93003335AED7">
        <omgdc:Bounds height="40.0" width="40.0" x="299.99998713984724" y="224.54544535331337"/>
      </bpmndi:BPMNShape>
      <bpmndi:BPMNShape bpmnElement="sid-A7E0EB24-C0DA-4C6E-AE58-0CCD7F21180F" id="BPMNShape_sid-A7E0EB24-C0DA-4C6E-AE58-0CCD7F21180F">
        <omgdc:Bounds height="40.0" width="40.0" x="663.1817819141739" y="231.81816696792401"/>
      </bpmndi:BPMNShape>
      <bpmndi:BPMNShape bpmnElement="sid-4AC4540D-525C-4D91-A65E-940471DC2845" id="BPMNShape_sid-4AC4540D-525C-4D91-A65E-940471DC2845">
        <omgdc:Bounds height="79.99999999999994" width="99.99999999999983" x="390.00000000000006" y="285.00000000000006"/>
      </bpmndi:BPMNShape>
      <bpmndi:BPMNShape bpmnElement="sid-875614A1-E716-4E2B-B0EF-009AA1134E4C" id="BPMNShape_sid-875614A1-E716-4E2B-B0EF-009AA1134E4C">
        <omgdc:Bounds height="40.0" width="40.0" x="540.4545240664963" y="305.00000000000006"/>
      </bpmndi:BPMNShape>
      <bpmndi:BPMNShape bpmnElement="sid-DE6F50A3-1E8E-4A27-AB6A-F128D5BAB93D" id="BPMNShape_sid-DE6F50A3-1E8E-4A27-AB6A-F128D5BAB93D">
        <omgdc:Bounds height="80.0" width="100.0" x="390.00000000000006" y="407.7272674663012"/>
      </bpmndi:BPMNShape>
      <bpmndi:BPMNShape bpmnElement="sid-F6597A6C-3508-4F68-9148-3B44B910A631" id="BPMNShape_sid-F6597A6C-3508-4F68-9148-3B44B910A631">
        <omgdc:Bounds height="80.0" width="100.0" x="394.9999748865794" y="13.636363051811237"/>
      </bpmndi:BPMNShape>
      <bpmndi:BPMNShape bpmnElement="sid-1912B739-F45F-45A6-902C-7E6937440D9F" id="BPMNShape_sid-1912B739-F45F-45A6-902C-7E6937440D9F">
        <omgdc:Bounds height="30.0" width="30.0" x="455.9953131890052" y="79.02491696397621"/>
      </bpmndi:BPMNShape>
      <bpmndi:BPMNShape bpmnElement="sid-FE438880-1208-4E5F-992A-DCEB47BF932F" id="BPMNShape_sid-FE438880-1208-4E5F-992A-DCEB47BF932F">
        <omgdc:Bounds height="79.99999999999996" width="99.99999999999989" x="518.181795968827" y="81.81817831086742"/>
      </bpmndi:BPMNShape>
      <bpmndi:BPMNShape bpmnElement="sid-10EAFC8F-450F-492B-B39F-F6FA319B570E" id="BPMNShape_sid-10EAFC8F-450F-492B-B39F-F6FA319B570E">
        <omgdc:Bounds height="40.0" width="40.0" x="663.1817959688269" y="101.81817831086741"/>
      </bpmndi:BPMNShape>
      <bpmndi:BPMNShape bpmnElement="sid-69F5A806-926E-439E-B54F-589EFCD4AA53" id="BPMNShape_sid-69F5A806-926E-439E-B54F-589EFCD4AA53">
        <omgdc:Bounds height="30.0" width="30.0" x="407.76128022794865" y="392.44832643577627"/>
      </bpmndi:BPMNShape>
      <bpmndi:BPMNEdge bpmnElement="sid-2B37F272-D0BB-41DF-A65D-AB02D9ED3887" id="BPMNEdge_sid-2B37F272-D0BB-41DF-A65D-AB02D9ED3887">
        <omgdi:waypoint x="320.49998713984724" y="225.04544535331337"/>
        <omgdi:waypoint x="320.49998713984724" y="53.63636305181124"/>
        <omgdi:waypoint x="394.9999748865794" y="53.63636305181123"/>
      </bpmndi:BPMNEdge>
      <bpmndi:BPMNEdge bpmnElement="sid-F309273A-2F6C-4F2C-BCA8-DBF2E12F3173" id="BPMNEdge_sid-F309273A-2F6C-4F2C-BCA8-DBF2E12F3173">
        <omgdi:waypoint x="618.1817959688269" y="122.03462852731762"/>
        <omgdi:waypoint x="663.5948394470878" y="122.23122178912828"/>
      </bpmndi:BPMNEdge>
      <bpmndi:BPMNEdge bpmnElement="sid-0CBB5AC2-9588-47F1-A773-D75EE5D3CEBA" id="BPMNEdge_sid-0CBB5AC2-9588-47F1-A773-D75EE5D3CEBA">
        <omgdi:waypoint x="683.6081504734096" y="141.39182380628466"/>
        <omgdi:waypoint x="683.2587071517468" y="231.89509220549678"/>
      </bpmndi:BPMNEdge>
      <bpmndi:BPMNEdge bpmnElement="sid-43B0F3EA-BA41-40D1-9308-36357E3B9E15" id="BPMNEdge_sid-43B0F3EA-BA41-40D1-9308-36357E3B9E15">
        <omgdi:waypoint x="470.9953131890052" y="109.02491696397621"/>
        <omgdi:waypoint x="470.9953131890052" y="121.81817831086741"/>
        <omgdi:waypoint x="518.181795968827" y="121.81817831086741"/>
      </bpmndi:BPMNEdge>
      <bpmndi:BPMNEdge bpmnElement="sid-1A11D85C-3C95-4646-B4E1-CB990902B6B2" id="BPMNEdge_sid-1A11D85C-3C95-4646-B4E1-CB990902B6B2">
        <omgdi:waypoint x="423.03393784706975" y="392.4508047130804"/>
        <omgdi:waypoint x="423.5329983714963" y="365.0"/>
      </bpmndi:BPMNEdge>
      <bpmndi:BPMNEdge bpmnElement="sid-9D31C1D8-47A0-45E0-8435-8D397C9325F6" id="BPMNEdge_sid-9D31C1D8-47A0-45E0-8435-8D397C9325F6">
        <omgdi:waypoint x="98.18181236913446" y="244.54543994559873"/>
        <omgdi:waypoint x="149.9999872120958" y="244.5454380697361"/>
      </bpmndi:BPMNEdge>
      <bpmndi:BPMNEdge bpmnElement="sid-07BA2C02-B2BD-460F-A27F-35E1DCF379F9" id="BPMNEdge_sid-07BA2C02-B2BD-460F-A27F-35E1DCF379F9">
        <omgdi:waypoint x="320.49998713984724" y="264.04544535331337"/>
        <omgdi:waypoint x="320.49998713984724" y="565.0"/>
        <omgdi:waypoint x="394.9999832577197" y="565.0"/>
      </bpmndi:BPMNEdge>
      <bpmndi:BPMNEdge bpmnElement="sid-7EF8A1D0-EACE-4E86-8AF9-F7FBBC255F67" id="BPMNEdge_sid-7EF8A1D0-EACE-4E86-8AF9-F7FBBC255F67">
        <omgdi:waypoint x="494.99998325771963" y="565.0"/>
        <omgdi:waypoint x="683.4999792118284" y="565.0"/>
        <omgdi:waypoint x="683.4999792118284" y="271.49996967026954"/>
      </bpmndi:BPMNEdge>
      <bpmndi:BPMNEdge bpmnElement="sid-C830E2E0-B75C-4C26-B42D-E8E5C094BDB2" id="BPMNEdge_sid-C830E2E0-B75C-4C26-B42D-E8E5C094BDB2">
        <omgdi:waypoint x="339.15168523807233" y="245.3937472550883"/>
        <omgdi:waypoint x="663.5484154949896" y="251.4515333871083"/>
      </bpmndi:BPMNEdge>
      <bpmndi:BPMNEdge bpmnElement="sid-D8C4D4FC-E709-4EB6-8D3E-1CEF437BCA00" id="BPMNEdge_sid-D8C4D4FC-E709-4EB6-8D3E-1CEF437BCA00">
        <omgdi:waypoint x="489.9999999999999" y="325.0"/>
        <omgdi:waypoint x="540.4545240664963" y="325.00000000000006"/>
      </bpmndi:BPMNEdge>
      <bpmndi:BPMNEdge bpmnElement="sid-715158DC-7E88-4A11-B9E9-158325974C1A" id="BPMNEdge_sid-715158DC-7E88-4A11-B9E9-158325974C1A">
        <omgdi:waypoint x="320.49998713984724" y="264.04544535331337"/>
        <omgdi:waypoint x="320.49998713984724" y="447.7272674663012"/>
        <omgdi:waypoint x="390.00000000000006" y="447.7272674663012"/>
      </bpmndi:BPMNEdge>
      <bpmndi:BPMNEdge bpmnElement="sid-625ABD4C-3F64-4348-AF49-9E73783D14E1" id="BPMNEdge_sid-625ABD4C-3F64-4348-AF49-9E73783D14E1">
        <omgdi:waypoint x="579.9545240664963" y="325.50000000000006"/>
        <omgdi:waypoint x="683.1817819141739" y="325.50000000000006"/>
        <omgdi:waypoint x="683.1817819141739" y="271.818166967924"/>
      </bpmndi:BPMNEdge>
      <bpmndi:BPMNEdge bpmnElement="sid-655EE90F-E5EA-4A9D-8ECB-E28F255819E2" id="BPMNEdge_sid-655EE90F-E5EA-4A9D-8ECB-E28F255819E2">
        <omgdi:waypoint x="249.9999872120958" y="244.7529089127719"/>
        <omgdi:waypoint x="300.41665228454525" y="244.96211049801138"/>
      </bpmndi:BPMNEdge>
      <bpmndi:BPMNEdge bpmnElement="sid-A0989D2A-A9F3-4E23-AAA6-EEEFCD669A64" id="BPMNEdge_sid-A0989D2A-A9F3-4E23-AAA6-EEEFCD669A64">
        <omgdi:waypoint x="494.9999748865794" y="53.63636305181125"/>
        <omgdi:waypoint x="683.6817959688269" y="53.636363051811244"/>
        <omgdi:waypoint x="683.6817959688269" y="102.31817831086741"/>
      </bpmndi:BPMNEdge>
      <bpmndi:BPMNEdge bpmnElement="sid-D6297DA1-A88A-479F-B739-E2DF282E8A12" id="BPMNEdge_sid-D6297DA1-A88A-479F-B739-E2DF282E8A12">
        <omgdi:waypoint x="490.00000000000006" y="447.7272674663012"/>
        <omgdi:waypoint x="560.9545240664963" y="447.7272674663012"/>
        <omgdi:waypoint x="560.9545240664963" y="344.50000000000006"/>
      </bpmndi:BPMNEdge>
      <bpmndi:BPMNEdge bpmnElement="sid-2F10EC80-1C10-49E3-8126-8FFF5BDBD96B" id="BPMNEdge_sid-2F10EC80-1C10-49E3-8126-8FFF5BDBD96B">
        <omgdi:waypoint x="702.7524855848715" y="252.24746329722646"/>
        <omgdi:waypoint x="804.5455162721435" y="251.87007077698738"/>
      </bpmndi:BPMNEdge>
    </bpmndi:BPMNPlane>
  </bpmndi:BPMNDiagram>
</definitions>