{"bounds":{"lowerRight":{"x":1485.0,"y":700.0},"upperLeft":{"x":0.0,"y":0.0}},"resourceId":"canvas","stencil":{"id":"BPMNDiagram"},"stencilset":{"namespace":"http://b3mn.org/stencilset/bpmn2.0#","url":"../editor/stencilsets/bpmn2.0/bpmn2.0.json"},"properties":{"process_id":"SOAPFormandBPMNStencil","name":"SOAP Form and BPMN Stencil","documentation":"[Natively consume REST and SOAP web services for use in forms and processes]","executionlisteners":{"executionListeners":[]},"eventlisteners":{"eventListeners":[]},"signaldefinitions":[],"messagedefinitions":[],"executionvariables":[{"variableName":"SOAPResponseId","variableType":"string"},{"variableName":"SOAPResponseName","variableType":"string"},{"variableName":"SOAPResponsePassportNumber","variableType":"string"}],"process_namespace":"http://www.activiti.org/processdef"},"childShapes":[{"bounds":{"lowerRight":{"x":150.0,"y":180.0},"upperLeft":{"x":120.0,"y":150.0}},"resourceId":"startEvent1","childShapes":[],"stencil":{"id":"StartNoneEvent"},"properties":{"overrideid":"startEvent1","name":"Start","formreference":{"id":19030,"name":"SOAP Retrieval of data"},"executionlisteners":{"executionListeners":[]},"asynchronousdefinition":false,"exclusivedefinition":false},"outgoing":[{"resourceId":"sid-80C2144A-6F64-4F0B-ABBD-97828F88A823"}]},{"bounds":{"lowerRight":{"x":673.0,"y":179.0},"upperLeft":{"x":645.0,"y":151.0}},"resourceId":"sid-0D7B3371-09E2-4EEF-9985-2EFC1C7143CF","childShapes":[],"stencil":{"id":"EndNoneEvent"},"properties":{"overrideid":"sid-0D7B3371-09E2-4EEF-9985-2EFC1C7143CF","name":"End","executionlisteners":{"executionListeners":[]},"asynchronousdefinition":false,"exclusivedefinition":false},"outgoing":[]},{"bounds":{"lowerRight":{"x":550.0,"y":205.0},"upperLeft":{"x":450.0,"y":125.0}},"resourceId":"sid-5A3C0C21-AEDB-4D4C-A7D2-C27DBA95D3BC","childShapes":[],"stencil":{"id":"UserTask"},"properties":{"overrideid":"sid-5A3C0C21-AEDB-4D4C-A7D2-C27DBA95D3BC","name":"SOAP BPMN Stencil - Display WS Response Data","usertasksendemail":true,"usertaskassignment":{"assignment":{"type":"idm","idm":{"type":"initiator"},"initiatorCanCompleteTask":false}},"formreference":{"id":19112,"name":"SOAP-Response Form"},"executionlisteners":{"executionListeners":[]},"isforcompensation":false,"asynchronousdefinition":false,"exclusivedefinition":false,"tasklisteners":{"taskListeners":[]}},"outgoing":[{"resourceId":"sid-F95B975B-5F4E-46A8-B4E1-768BFB8FE1FD"}]},{"bounds":{"lowerRight":{"x":172.0,"y":212.0},"upperLeft":{"x":128.0,"y":212.0}},"resourceId":"sid-F95B975B-5F4E-46A8-B4E1-768BFB8FE1FD","childShapes":[],"stencil":{"id":"SequenceFlow"},"dockers":[{"x":50.0,"y":40.0},{"x":14.0,"y":14.0}],"outgoing":[{"resourceId":"sid-0D7B3371-09E2-4EEF-9985-2EFC1C7143CF"}],"target":{"resourceId":"sid-0D7B3371-09E2-4EEF-9985-2EFC1C7143CF"},"properties":{"overrideid":"sid-F95B975B-5F4E-46A8-B4E1-768BFB8FE1FD","executionlisteners":{"executionListeners":[]}}},{"bounds":{"lowerRight":{"x":172.0,"y":212.0},"upperLeft":{"x":128.0,"y":212.0}},"resourceId":"sid-193F4334-4E65-491C-BDCA-924792711FE6","childShapes":[],"stencil":{"id":"SequenceFlow"},"dockers":[{"x":50.0,"y":40.0},{"x":50.0,"y":40.0}],"outgoing":[{"resourceId":"sid-5A3C0C21-AEDB-4D4C-A7D2-C27DBA95D3BC"}],"target":{"resourceId":"sid-5A3C0C21-AEDB-4D4C-A7D2-C27DBA95D3BC"},"properties":{"overrideid":"sid-193F4334-4E65-491C-BDCA-924792711FE6","executionlisteners":{"executionListeners":[]}}},{"bounds":{"lowerRight":{"x":355.0,"y":205.0},"upperLeft":{"x":255.0,"y":125.0}},"resourceId":"sid-58B71CDB-E84D-4599-BD8B-1771BF81A2AE","childShapes":[],"stencil":{"id":"soap_client"},"properties":{"overrideid":"sid-58B71CDB-E84D-4599-BD8B-1771BF81A2AE","name":"SOAP BPMN Stencil - WS Call","soapaction":"GetStudentDetails","issoap12":"true","soaprequesttemplate":"<soap:Envelope xmlns:soap=\"http://www.w3.org/2003/05/soap-envelope\" xmlns:stud=\"http://in28minutes.com/students\">\n   <soap:Header/>\n   <soap:Body>\n      <stud:GetStudentDetailsRequest>\n         <stud:id>${soaprequestinputid}</stud:id>\n      </stud:GetStudentDetailsRequest>\n   </soap:Body>\n</soap:Envelope>","soapresponsebody":"getStudentDetailsResponse","sharedendpointconfigurationname":"WS-Endpoint","soapresponsevariablemapping":"SOAPResponseId:/GetStudentDetailsResponse/StudentDetails/id,SOAPResponseName:/GetStudentDetailsResponse/StudentDetails/name,SOAPResponsePassportNumber:/GetStudentDetailsResponse/StudentDetails/passportNumber","executionlisteners":{"executionListeners":[]},"isforcompensation":false,"asynchronousdefinition":false,"exclusivedefinition":false},"outgoing":[{"resourceId":"sid-193F4334-4E65-491C-BDCA-924792711FE6"}]},{"bounds":{"lowerRight":{"x":172.0,"y":212.0},"upperLeft":{"x":128.0,"y":212.0}},"resourceId":"sid-80C2144A-6F64-4F0B-ABBD-97828F88A823","childShapes":[],"stencil":{"id":"SequenceFlow"},"dockers":[{"x":15.0,"y":15.0},{"x":50.0,"y":40.0}],"outgoing":[{"resourceId":"sid-58B71CDB-E84D-4599-BD8B-1771BF81A2AE"}],"target":{"resourceId":"sid-58B71CDB-E84D-4599-BD8B-1771BF81A2AE"},"properties":{"overrideid":"sid-80C2144A-6F64-4F0B-ABBD-97828F88A823","executionlisteners":{"executionListeners":[]}}}]}