<?xml version='1.0' encoding='UTF-8'?>
<definitions xmlns="http://www.omg.org/spec/BPMN/20100524/MODEL" xmlns:xsi="http://www.w3.org/2001/XMLSchema-instance" xmlns:xsd="http://www.w3.org/2001/XMLSchema" xmlns:activiti="http://activiti.org/bpmn" xmlns:bpmndi="http://www.omg.org/spec/BPMN/20100524/DI" xmlns:omgdc="http://www.omg.org/spec/DD/20100524/DC" xmlns:omgdi="http://www.omg.org/spec/DD/20100524/DI" typeLanguage="http://www.w3.org/2001/XMLSchema" expressionLanguage="http://www.w3.org/1999/XPath" targetNamespace="http://www.activiti.org/processdef" xmlns:modeler="http://activiti.com/modeler" modeler:version="1.0en" modeler:exportDateTime="20180426171940238" modeler:modelId="19114" modeler:modelVersion="23" modeler:modelLastUpdated="1524781144680" modeler:modelStencilSet="7008">
  <process id="SOAPFormandBPMNStencil" name="SOAP Form and BPMN Stencil" isExecutable="true">
    <documentation>[Natively consume REST and SOAP web services for use in forms and processes]</documentation>
    <extensionElements>
      <modeler:executionvariables xmlns:modeler="http://activiti.com/modeler" modeler:variableName="SOAPResponseId" modeler:variableType="string"/>
      <modeler:executionvariables xmlns:modeler="http://activiti.com/modeler" modeler:variableName="SOAPResponseName" modeler:variableType="string"/>
      <modeler:executionvariables xmlns:modeler="http://activiti.com/modeler" modeler:variableName="SOAPResponsePassportNumber" modeler:variableType="string"/>
    </extensionElements>
    <startEvent id="startEvent1" name="Start" activiti:formKey="19030">
      <extensionElements>
        <modeler:form-reference-id><![CDATA[19030]]></modeler:form-reference-id>
        <modeler:form-reference-name><![CDATA[SOAP Retrieval of data]]></modeler:form-reference-name>
        <modeler:editor-resource-id><![CDATA[startEvent1]]></modeler:editor-resource-id>
      </extensionElements>
    </startEvent>
    <endEvent id="sid-0D7B3371-09E2-4EEF-9985-2EFC1C7143CF" name="End">
      <extensionElements>
        <modeler:editor-resource-id><![CDATA[sid-0D7B3371-09E2-4EEF-9985-2EFC1C7143CF]]></modeler:editor-resource-id>
      </extensionElements>
    </endEvent>
    <userTask id="sid-5A3C0C21-AEDB-4D4C-A7D2-C27DBA95D3BC" name="SOAP BPMN Stencil - Display WS Response Data" activiti:assignee="$INITIATOR" activiti:formKey="19112">
      <extensionElements>
        <modeler:allow-send-email><![CDATA[true]]></modeler:allow-send-email>
        <modeler:form-reference-id><![CDATA[19112]]></modeler:form-reference-id>
        <modeler:form-reference-name><![CDATA[SOAP-Response Form]]></modeler:form-reference-name>
        <modeler:activiti-idm-initiator><![CDATA[true]]></modeler:activiti-idm-initiator>
        <modeler:initiator-can-complete><![CDATA[false]]></modeler:initiator-can-complete>
        <modeler:editor-resource-id><![CDATA[sid-5A3C0C21-AEDB-4D4C-A7D2-C27DBA95D3BC]]></modeler:editor-resource-id>
      </extensionElements>
    </userTask>
    <sequenceFlow id="sid-F95B975B-5F4E-46A8-B4E1-768BFB8FE1FD" sourceRef="sid-5A3C0C21-AEDB-4D4C-A7D2-C27DBA95D3BC" targetRef="sid-0D7B3371-09E2-4EEF-9985-2EFC1C7143CF">
      <extensionElements>
        <modeler:editor-resource-id><![CDATA[sid-F95B975B-5F4E-46A8-B4E1-768BFB8FE1FD]]></modeler:editor-resource-id>
      </extensionElements>
    </sequenceFlow>
    <sequenceFlow id="sid-193F4334-4E65-491C-BDCA-924792711FE6" sourceRef="sid-58B71CDB-E84D-4599-BD8B-1771BF81A2AE" targetRef="sid-5A3C0C21-AEDB-4D4C-A7D2-C27DBA95D3BC">
      <extensionElements>
        <modeler:editor-resource-id><![CDATA[sid-193F4334-4E65-491C-BDCA-924792711FE6]]></modeler:editor-resource-id>
      </extensionElements>
    </sequenceFlow>
    <serviceTask id="sid-58B71CDB-E84D-4599-BD8B-1771BF81A2AE" name="SOAP BPMN Stencil - WS Call" activiti:delegateExpression="${soapConnector}" activiti:extensionId="soap_client">
      <extensionElements>
        <activiti:field name="soapAction">
          <activiti:string><![CDATA[GetStudentDetails]]></activiti:string>
        </activiti:field>
        <activiti:field name="isSoap12">
          <activiti:string><![CDATA[true]]></activiti:string>
        </activiti:field>
        <activiti:field name="soapRequestTemplate">
          <activiti:string><![CDATA[<soap:Envelope xmlns:soap="http://www.w3.org/2003/05/soap-envelope" xmlns:stud="http://in28minutes.com/students">
   <soap:Header/>
   <soap:Body>
      <stud:GetStudentDetailsRequest>
         <stud:id>${soaprequestinputid}</stud:id>
      </stud:GetStudentDetailsRequest>
   </soap:Body>
</soap:Envelope>]]></activiti:string>
        </activiti:field>
        <activiti:field name="soapResponseVariable">
          <activiti:string><![CDATA[getStudentDetailsResponse]]></activiti:string>
        </activiti:field>
        <activiti:field name="sharedEndpointConfigurationName">
          <activiti:string><![CDATA[WS-Endpoint]]></activiti:string>
        </activiti:field>
        <activiti:field name="soapResponseVariableMapping">
          <activiti:string><![CDATA[SOAPResponseId:/GetStudentDetailsResponse/StudentDetails/id,SOAPResponseName:/GetStudentDetailsResponse/StudentDetails/name,SOAPResponsePassportNumber:/GetStudentDetailsResponse/StudentDetails/passportNumber]]></activiti:string>
        </activiti:field>
        <modeler:editor-resource-id><![CDATA[sid-58B71CDB-E84D-4599-BD8B-1771BF81A2AE]]></modeler:editor-resource-id>
      </extensionElements>
    </serviceTask>
    <sequenceFlow id="sid-80C2144A-6F64-4F0B-ABBD-97828F88A823" sourceRef="startEvent1" targetRef="sid-58B71CDB-E84D-4599-BD8B-1771BF81A2AE">
      <extensionElements>
        <modeler:editor-resource-id><![CDATA[sid-80C2144A-6F64-4F0B-ABBD-97828F88A823]]></modeler:editor-resource-id>
      </extensionElements>
    </sequenceFlow>
  </process>
  <bpmndi:BPMNDiagram id="BPMNDiagram_SOAPFormandBPMNStencil">
    <bpmndi:BPMNPlane bpmnElement="SOAPFormandBPMNStencil" id="BPMNPlane_SOAPFormandBPMNStencil">
      <bpmndi:BPMNShape bpmnElement="startEvent1" id="BPMNShape_startEvent1">
        <omgdc:Bounds height="30.0" width="30.0" x="120.0" y="150.0"/>
      </bpmndi:BPMNShape>
      <bpmndi:BPMNShape bpmnElement="sid-0D7B3371-09E2-4EEF-9985-2EFC1C7143CF" id="BPMNShape_sid-0D7B3371-09E2-4EEF-9985-2EFC1C7143CF">
        <omgdc:Bounds height="28.0" width="28.0" x="645.0" y="151.0"/>
      </bpmndi:BPMNShape>
      <bpmndi:BPMNShape bpmnElement="sid-5A3C0C21-AEDB-4D4C-A7D2-C27DBA95D3BC" id="BPMNShape_sid-5A3C0C21-AEDB-4D4C-A7D2-C27DBA95D3BC">
        <omgdc:Bounds height="80.0" width="100.0" x="450.0" y="125.0"/>
      </bpmndi:BPMNShape>
      <bpmndi:BPMNShape bpmnElement="sid-58B71CDB-E84D-4599-BD8B-1771BF81A2AE" id="BPMNShape_sid-58B71CDB-E84D-4599-BD8B-1771BF81A2AE">
        <omgdc:Bounds height="80.0" width="100.0" x="255.0" y="125.0"/>
      </bpmndi:BPMNShape>
      <bpmndi:BPMNEdge bpmnElement="sid-80C2144A-6F64-4F0B-ABBD-97828F88A823" id="BPMNEdge_sid-80C2144A-6F64-4F0B-ABBD-97828F88A823">
        <omgdi:waypoint x="150.0" y="165.0"/>
        <omgdi:waypoint x="255.0" y="165.0"/>
      </bpmndi:BPMNEdge>
      <bpmndi:BPMNEdge bpmnElement="sid-193F4334-4E65-491C-BDCA-924792711FE6" id="BPMNEdge_sid-193F4334-4E65-491C-BDCA-924792711FE6">
        <omgdi:waypoint x="355.0" y="165.0"/>
        <omgdi:waypoint x="450.0" y="165.0"/>
      </bpmndi:BPMNEdge>
      <bpmndi:BPMNEdge bpmnElement="sid-F95B975B-5F4E-46A8-B4E1-768BFB8FE1FD" id="BPMNEdge_sid-F95B975B-5F4E-46A8-B4E1-768BFB8FE1FD">
        <omgdi:waypoint x="550.0" y="165.0"/>
        <omgdi:waypoint x="645.0" y="165.0"/>
      </bpmndi:BPMNEdge>
    </bpmndi:BPMNPlane>
  </bpmndi:BPMNDiagram>
</definitions>