<?xml version='1.0' encoding='UTF-8'?>
<definitions xmlns="http://www.omg.org/spec/BPMN/20100524/MODEL" xmlns:xsi="http://www.w3.org/2001/XMLSchema-instance" xmlns:xsd="http://www.w3.org/2001/XMLSchema" xmlns:activiti="http://activiti.org/bpmn" xmlns:bpmndi="http://www.omg.org/spec/BPMN/20100524/DI" xmlns:omgdc="http://www.omg.org/spec/DD/20100524/DC" xmlns:omgdi="http://www.omg.org/spec/DD/20100524/DI" typeLanguage="http://www.w3.org/2001/XMLSchema" expressionLanguage="http://www.w3.org/1999/XPath" targetNamespace="http://www.activiti.org/processdef" xmlns:modeler="http://activiti.com/modeler" modeler:version="1.0en" modeler:exportDateTime="20161211180015037" modeler:modelId="1001" modeler:modelVersion="10" modeler:modelLastUpdated="1481499952200">
  <process id="My-Process" name="My-Process" isExecutable="true">
    <startEvent id="startEvent1" activiti:formKey="1002">
      <extensionElements>
        <modeler:form-reference-id><![CDATA[1002]]></modeler:form-reference-id>
        <modeler:form-reference-name><![CDATA[Input-Form]]></modeler:form-reference-name>
        <modeler:editor-resource-id><![CDATA[startEvent1]]></modeler:editor-resource-id>
      </extensionElements>
    </startEvent>
    <endEvent id="sid-79BC7A10-5404-49EA-86B3-8FC3C1AB4A87">
      <extensionElements>
        <modeler:editor-resource-id><![CDATA[sid-79BC7A10-5404-49EA-86B3-8FC3C1AB4A87]]></modeler:editor-resource-id>
      </extensionElements>
    </endEvent>
    <sequenceFlow id="sid-E6A323DD-9D3A-43AC-AB0E-5EF7E6B3DDC0" sourceRef="startEvent1" targetRef="sid-79BC7A10-5404-49EA-86B3-8FC3C1AB4A87">
      <extensionElements>
        <modeler:editor-resource-id><![CDATA[sid-E6A323DD-9D3A-43AC-AB0E-5EF7E6B3DDC0]]></modeler:editor-resource-id>
      </extensionElements>
    </sequenceFlow>
  </process>
  <bpmndi:BPMNDiagram id="BPMNDiagram_My-Process">
    <bpmndi:BPMNPlane bpmnElement="My-Process" id="BPMNPlane_My-Process">
      <bpmndi:BPMNShape bpmnElement="startEvent1" id="BPMNShape_startEvent1">
        <omgdc:Bounds height="30.0" width="30.0" x="60.0" y="163.0"/>
      </bpmndi:BPMNShape>
      <bpmndi:BPMNShape bpmnElement="sid-79BC7A10-5404-49EA-86B3-8FC3C1AB4A87" id="BPMNShape_sid-79BC7A10-5404-49EA-86B3-8FC3C1AB4A87">
        <omgdc:Bounds height="28.0" width="28.0" x="300.0" y="164.0"/>
      </bpmndi:BPMNShape>
      <bpmndi:BPMNEdge bpmnElement="sid-E6A323DD-9D3A-43AC-AB0E-5EF7E6B3DDC0" id="BPMNEdge_sid-E6A323DD-9D3A-43AC-AB0E-5EF7E6B3DDC0">
        <omgdi:waypoint x="90.0" y="178.0"/>
        <omgdi:waypoint x="300.0" y="178.0"/>
      </bpmndi:BPMNEdge>
    </bpmndi:BPMNPlane>
  </bpmndi:BPMNDiagram>
</definitions>