{"resourceId":1001,"properties":{"process_id":"My-Process","name":"My-Process","documentation":"","process_author":"","process_version":"","process_namespace":"http://www.activiti.org/processdef","executionlisteners":"","eventlisteners":"","signaldefinitions":"","messagedefinitions":"","executionvariables":"","metadata":""},"stencil":{"id":"BPMNDiagram"},"childShapes":[{"resourceId":"startEvent1","properties":{"overrideid":"","name":"","documentation":"","executionlisteners":"","initiator":"","formkeydefinition":"","formreference":{"id":1002,"name":"Input-Form","referenceId":1001},"fieldstovariables":"","formproperties":""},"stencil":{"id":"StartNoneEvent"},"childShapes":[],"outgoing":[{"resourceId":"sid-E6A323DD-9D3A-43AC-AB0E-5EF7E6B3DDC0"}],"bounds":{"lowerRight":{"x":90,"y":193},"upperLeft":{"x":60,"y":163}},"dockers":[]},{"resourceId":"sid-79BC7A10-5404-49EA-86B3-8FC3C1AB4A87","properties":{"overrideid":"","name":"","documentation":"","executionlisteners":""},"stencil":{"id":"EndNoneEvent"},"childShapes":[],"outgoing":[],"bounds":{"lowerRight":{"x":328,"y":192},"upperLeft":{"x":300,"y":164}},"dockers":[]},{"resourceId":"sid-E6A323DD-9D3A-43AC-AB0E-5EF7E6B3DDC0","properties":{"overrideid":"","name":"","documentation":"","conditionsequenceflow":"","executionlisteners":"","defaultflow":"false"},"stencil":{"id":"SequenceFlow"},"childShapes":[],"outgoing":[{"resourceId":"sid-79BC7A10-5404-49EA-86B3-8FC3C1AB4A87"}],"bounds":{"lowerRight":{"x":299.9296875,"y":178},"upperLeft":{"x":90.9375,"y":178}},"dockers":[{"x":15,"y":15},{"x":14,"y":14}],"target":{"resourceId":"sid-79BC7A10-5404-49EA-86B3-8FC3C1AB4A87"}}],"bounds":{"lowerRight":{"x":1200,"y":1050},"upperLeft":{"x":0,"y":0}},"stencilset":{"url":"stencilsets/bpmn2.0/bpmn2.0.json","namespace":"http://b3mn.org/stencilset/bpmn2.0#"},"ssextensions":[]}