<?xml version='1.0' encoding='UTF-8'?>
<definitions xmlns="http://www.omg.org/spec/BPMN/20100524/MODEL" xmlns:xsi="http://www.w3.org/2001/XMLSchema-instance" xmlns:xsd="http://www.w3.org/2001/XMLSchema" xmlns:activiti="http://activiti.org/bpmn" xmlns:bpmndi="http://www.omg.org/spec/BPMN/20100524/DI" xmlns:omgdc="http://www.omg.org/spec/DD/20100524/DC" xmlns:omgdi="http://www.omg.org/spec/DD/20100524/DI" typeLanguage="http://www.w3.org/2001/XMLSchema" expressionLanguage="http://www.w3.org/1999/XPath" targetNamespace="http://www.activiti.org/processdef" xmlns:modeler="http://activiti.com/modeler" modeler:version="1.0en" modeler:exportDateTime="20161211180015011" modeler:modelId="3" modeler:modelVersion="11" modeler:modelLastUpdated="1481499952190">
  <process id="Rule-Container" name="Rule-Container" isExecutable="true">
    <startEvent id="startEvent1">
      <extensionElements>
        <modeler:editor-resource-id><![CDATA[startEvent1]]></modeler:editor-resource-id>
      </extensionElements>
    </startEvent>
    <sequenceFlow id="sid-FA9B8961-4904-4803-8753-94615A2E875B" sourceRef="startEvent1" targetRef="sid-B822EEA7-067C-4838-B8E9-31E4ED667F36">
      <extensionElements>
        <modeler:editor-resource-id><![CDATA[sid-FA9B8961-4904-4803-8753-94615A2E875B]]></modeler:editor-resource-id>
      </extensionElements>
    </sequenceFlow>
    <endEvent id="sid-31487B96-5FE8-4A53-AAEC-36525DA22F06">
      <extensionElements>
        <modeler:editor-resource-id><![CDATA[sid-31487B96-5FE8-4A53-AAEC-36525DA22F06]]></modeler:editor-resource-id>
      </extensionElements>
    </endEvent>
    <sequenceFlow id="sid-B046DD4A-4F7B-4F19-A2E9-F0F348A4378C" sourceRef="sid-B822EEA7-067C-4838-B8E9-31E4ED667F36" targetRef="sid-31487B96-5FE8-4A53-AAEC-36525DA22F06">
      <extensionElements>
        <modeler:editor-resource-id><![CDATA[sid-B046DD4A-4F7B-4F19-A2E9-F0F348A4378C]]></modeler:editor-resource-id>
      </extensionElements>
    </sequenceFlow>
    <serviceTask id="sid-B822EEA7-067C-4838-B8E9-31E4ED667F36" activiti:delegateExpression="${activiti_executeDecisionDelegate}">
      <extensionElements>
        <activiti:field name="decisionTableReferenceKey">
          <activiti:string><![CDATA[agerule]]></activiti:string>
        </activiti:field>
        <modeler:decisiontable-reference modeler:decisiontablereferenceid="3004" modeler:decisiontablereferencename="age-rule-check"/>
        <modeler:editor-resource-id><![CDATA[sid-B822EEA7-067C-4838-B8E9-31E4ED667F36]]></modeler:editor-resource-id>
      </extensionElements>
    </serviceTask>
  </process>
  <bpmndi:BPMNDiagram id="BPMNDiagram_Rule-Container">
    <bpmndi:BPMNPlane bpmnElement="Rule-Container" id="BPMNPlane_Rule-Container">
      <bpmndi:BPMNShape bpmnElement="startEvent1" id="BPMNShape_startEvent1">
        <omgdc:Bounds height="30.0" width="30.0" x="100.0" y="163.0"/>
      </bpmndi:BPMNShape>
      <bpmndi:BPMNShape bpmnElement="sid-31487B96-5FE8-4A53-AAEC-36525DA22F06" id="BPMNShape_sid-31487B96-5FE8-4A53-AAEC-36525DA22F06">
        <omgdc:Bounds height="28.0" width="28.0" x="320.0" y="164.0"/>
      </bpmndi:BPMNShape>
      <bpmndi:BPMNShape bpmnElement="sid-B822EEA7-067C-4838-B8E9-31E4ED667F36" id="BPMNShape_sid-B822EEA7-067C-4838-B8E9-31E4ED667F36">
        <omgdc:Bounds height="80.0" width="100.0" x="165.0" y="135.0"/>
      </bpmndi:BPMNShape>
      <bpmndi:BPMNEdge bpmnElement="sid-FA9B8961-4904-4803-8753-94615A2E875B" id="BPMNEdge_sid-FA9B8961-4904-4803-8753-94615A2E875B">
        <omgdi:waypoint x="129.9932545528355" y="177.5502023634149"/>
        <omgdi:waypoint x="165.0" y="176.5"/>
      </bpmndi:BPMNEdge>
      <bpmndi:BPMNEdge bpmnElement="sid-B046DD4A-4F7B-4F19-A2E9-F0F348A4378C" id="BPMNEdge_sid-B046DD4A-4F7B-4F19-A2E9-F0F348A4378C">
        <omgdi:waypoint x="265.0" y="175.0"/>
        <omgdi:waypoint x="292.5" y="175.0"/>
        <omgdi:waypoint x="292.5" y="178.0"/>
        <omgdi:waypoint x="320.0" y="178.0"/>
      </bpmndi:BPMNEdge>
    </bpmndi:BPMNPlane>
  </bpmndi:BPMNDiagram>
</definitions>