{"referenceId":1001,"name":"Input-Form","description":"","editorJson":{"tabs":[],"fields":[{"fieldType":"ContainerRepresentation","id":"1481436259502","name":"Label","type":"container","value":null,"required":false,"readOnly":false,"overrideId":false,"colspan":1,"placeholder":null,"minLength":0,"maxLength":0,"minValue":null,"maxValue":null,"regexPattern":null,"optionType":null,"hasEmptyValue":null,"options":null,"restUrl":null,"restResponsePath":null,"restIdProperty":null,"restLabelProperty":null,"tab":null,"className":null,"dateDisplayFormat":null,"layout":null,"sizeX":2,"sizeY":1,"row":-1,"col":-1,"visibilityCondition":null,"numberOfColumns":2,"fields":{"1":[{"fieldType":"FormFieldRepresentation","id":"age","name":"Age","type":"integer","value":null,"required":true,"readOnly":false,"overrideId":false,"colspan":1,"placeholder":null,"minLength":0,"maxLength":0,"minValue":null,"maxValue":null,"regexPattern":null,"optionType":null,"hasEmptyValue":null,"options":null,"restUrl":null,"restResponsePath":null,"restIdProperty":null,"restLabelProperty":null,"tab":null,"className":null,"params":{"existingColspan":1,"maxColspan":2},"dateDisplayFormat":null,"layout":{"row":-1,"column":-1,"colspan":1},"sizeX":1,"sizeY":1,"row":-1,"col":-1,"visibilityCondition":null}],"2":[]}}],"outcomes":[],"javascriptEvents":[{"event":"formValidateBeforeSubmit","javascriptLogic":"var req = {};\n            var ruleOutput;\n            req.personAge = scope.findFormFieldWithId(scope.allFormFields, 'age').value;\n            var cookieValue;\n            if (document.cookie && document.cookie != '') {\n                    var cookies = document.cookie.split(';');\n                    for (var i = 0; i < cookies.length; i++) {\n                        var cookie = jQuery.trim(cookies[i]);\n                        // Does this cookie string begin with the name we want?\n                        if (cookie.substring(0, 'CSRF-TOKEN'.length + 1) == ('CSRF-TOKEN' + '=')) {\n                            cookieValue = decodeURIComponent(cookie.substring('CSRF-TOKEN'.length + 1));\n                            break;\n                    }\n                }\n            }\n\n            $.ajax({\n                url: ACTIVITI.CONFIG.contextRoot + '/app/rest/dmn/agerule/evaluate',\n                    type: \"POST\",\n                    dataType: \"json\",\n                    contentType: \"application/json\",\n                    data: JSON.stringify(req),\n                    async:false,\n                    headers: { 'X-CSRF-TOKEN': cookieValue } ,\n                    success: function(data){ruleOutput = data.underAge}\n                });\n            if(ruleOutput===true){\n                var newAlert = {message: \"Error: The Person is Underage\", type: \"error\"};\n                scope.$root.alerts.queue.length = 0\n                scope.$root.alerts.queue.push(newAlert);\n                scope.$parent.$root.showAlert(scope.$root.alerts)\n                return false;\n            }"}],"className":"","style":"","customFieldTemplates":{},"metadata":{},"variables":[],"gridsterForm":false}}