<?xml version='1.0' encoding='UTF-8'?>
<definitions xmlns="http://www.omg.org/spec/BPMN/20100524/MODEL" xmlns:xsi="http://www.w3.org/2001/XMLSchema-instance" xmlns:xsd="http://www.w3.org/2001/XMLSchema" xmlns:activiti="http://activiti.org/bpmn" xmlns:bpmndi="http://www.omg.org/spec/BPMN/20100524/DI" xmlns:omgdc="http://www.omg.org/spec/DD/20100524/DC" xmlns:omgdi="http://www.omg.org/spec/DD/20100524/DI" typeLanguage="http://www.w3.org/2001/XMLSchema" expressionLanguage="http://www.w3.org/1999/XPath" targetNamespace="http://www.activiti.org/processdef" xmlns:modeler="http://activiti.com/modeler" modeler:version="1.0en" modeler:exportDateTime="20181105144255393" modeler:modelId="33224" modeler:modelVersion="5" modeler:modelLastUpdated="1541388031622">
  <process id="signallable-example" name="signallable-example" isExecutable="true">
    <startEvent id="startEvent1">
      <extensionElements>
        <modeler:editor-resource-id><![CDATA[startEvent1]]></modeler:editor-resource-id>
      </extensionElements>
    </startEvent>
    <sequenceFlow id="sid-EF5DAD3E-05B5-44D2-9162-4C9389A4F080" sourceRef="startEvent1" targetRef="sid-33F16E68-FA19-4D90-B5E1-0C4012EDCC2B">
      <extensionElements>
        <modeler:editor-resource-id><![CDATA[sid-EF5DAD3E-05B5-44D2-9162-4C9389A4F080]]></modeler:editor-resource-id>
      </extensionElements>
    </sequenceFlow>
    <endEvent id="sid-F308D019-11B7-4C78-8991-5345839E68B3">
      <extensionElements>
        <modeler:editor-resource-id><![CDATA[sid-F308D019-11B7-4C78-8991-5345839E68B3]]></modeler:editor-resource-id>
      </extensionElements>
    </endEvent>
    <userTask id="sid-26855765-F867-4A1D-A46E-A48CE580E297" name="User Task" activiti:assignee="$INITIATOR">
      <extensionElements>
        <modeler:allow-send-email><![CDATA[true]]></modeler:allow-send-email>
        <modeler:activiti-idm-initiator><![CDATA[true]]></modeler:activiti-idm-initiator>
        <modeler:editor-resource-id><![CDATA[sid-26855765-F867-4A1D-A46E-A48CE580E297]]></modeler:editor-resource-id>
      </extensionElements>
    </userTask>
    <sequenceFlow id="sid-E9794A0F-BB19-4BD1-A776-A3AFCB0EFA27" sourceRef="sid-33F16E68-FA19-4D90-B5E1-0C4012EDCC2B" targetRef="sid-26855765-F867-4A1D-A46E-A48CE580E297">
      <extensionElements>
        <modeler:editor-resource-id><![CDATA[sid-E9794A0F-BB19-4BD1-A776-A3AFCB0EFA27]]></modeler:editor-resource-id>
      </extensionElements>
    </sequenceFlow>
    <sequenceFlow id="sid-97EF5174-32F9-4A33-ADD4-E6FB1BFF7F57" sourceRef="sid-26855765-F867-4A1D-A46E-A48CE580E297" targetRef="sid-F308D019-11B7-4C78-8991-5345839E68B3">
      <extensionElements>
        <modeler:editor-resource-id><![CDATA[sid-97EF5174-32F9-4A33-ADD4-E6FB1BFF7F57]]></modeler:editor-resource-id>
      </extensionElements>
    </sequenceFlow>
    <serviceTask id="sid-33F16E68-FA19-4D90-B5E1-0C4012EDCC2B" name="Async REQ/REPLY Pattern" activiti:async="true" activiti:exclusive="false" activiti:delegateExpression="${asyncReqReplyServiceTask}">
      <extensionElements>
        <modeler:editor-resource-id><![CDATA[sid-33F16E68-FA19-4D90-B5E1-0C4012EDCC2B]]></modeler:editor-resource-id>
      </extensionElements>
    </serviceTask>
  </process>
  <bpmndi:BPMNDiagram id="BPMNDiagram_signallable-example">
    <bpmndi:BPMNPlane bpmnElement="signallable-example" id="BPMNPlane_signallable-example">
      <bpmndi:BPMNShape bpmnElement="startEvent1" id="BPMNShape_startEvent1">
        <omgdc:Bounds height="30.0" width="30.0" x="90.00000000000001" y="150.00000000000003"/>
      </bpmndi:BPMNShape>
      <bpmndi:BPMNShape bpmnElement="sid-F308D019-11B7-4C78-8991-5345839E68B3" id="BPMNShape_sid-F308D019-11B7-4C78-8991-5345839E68B3">
        <omgdc:Bounds height="28.0" width="28.0" x="615.0000000000001" y="151.00000000000006"/>
      </bpmndi:BPMNShape>
      <bpmndi:BPMNShape bpmnElement="sid-26855765-F867-4A1D-A46E-A48CE580E297" id="BPMNShape_sid-26855765-F867-4A1D-A46E-A48CE580E297">
        <omgdc:Bounds height="80.00000000000001" width="99.99999999999994" x="420.00000000000006" y="125.00000000000004"/>
      </bpmndi:BPMNShape>
      <bpmndi:BPMNShape bpmnElement="sid-33F16E68-FA19-4D90-B5E1-0C4012EDCC2B" id="BPMNShape_sid-33F16E68-FA19-4D90-B5E1-0C4012EDCC2B">
        <omgdc:Bounds height="79.99999999999999" width="99.99999999999997" x="180.00000000000003" y="125.00000000000007"/>
      </bpmndi:BPMNShape>
      <bpmndi:BPMNEdge bpmnElement="sid-EF5DAD3E-05B5-44D2-9162-4C9389A4F080" id="BPMNEdge_sid-EF5DAD3E-05B5-44D2-9162-4C9389A4F080">
        <omgdi:waypoint x="120.00000000000001" y="165.00000000000003"/>
        <omgdi:waypoint x="180.00000000000003" y="165.00000000000006"/>
      </bpmndi:BPMNEdge>
      <bpmndi:BPMNEdge bpmnElement="sid-E9794A0F-BB19-4BD1-A776-A3AFCB0EFA27" id="BPMNEdge_sid-E9794A0F-BB19-4BD1-A776-A3AFCB0EFA27">
        <omgdi:waypoint x="280.0" y="165.00000000000006"/>
        <omgdi:waypoint x="420.00000000000006" y="165.00000000000006"/>
      </bpmndi:BPMNEdge>
      <bpmndi:BPMNEdge bpmnElement="sid-97EF5174-32F9-4A33-ADD4-E6FB1BFF7F57" id="BPMNEdge_sid-97EF5174-32F9-4A33-ADD4-E6FB1BFF7F57">
        <omgdi:waypoint x="520.0" y="165.00000000000006"/>
        <omgdi:waypoint x="615.0000000000001" y="165.00000000000006"/>
      </bpmndi:BPMNEdge>
    </bpmndi:BPMNPlane>
  </bpmndi:BPMNDiagram>
</definitions>