{"resourceId":33224,"properties":{"process_id":"signallable-example","name":"signallable-example","documentation":"","process_author":"","process_version":"","process_namespace":"http://www.activiti.org/processdef","executionlisteners":"","eventlisteners":"","signaldefinitions":"","messagedefinitions":"","executionvariables":"","metadata":""},"stencil":{"id":"BPMNDiagram"},"childShapes":[{"resourceId":"startEvent1","properties":{"overrideid":"","name":"","documentation":"","executionlisteners":"","initiator":"","formkeydefinition":"","formreference":"","fieldstovariables":"","formproperties":""},"stencil":{"id":"StartNoneEvent"},"childShapes":[],"outgoing":[{"resourceId":"sid-EF5DAD3E-05B5-44D2-9162-4C9389A4F080"}],"bounds":{"lowerRight":{"x":120.00000000000001,"y":180.00000000000003},"upperLeft":{"x":90.00000000000001,"y":150.00000000000003}},"dockers":[]},{"resourceId":"sid-EF5DAD3E-05B5-44D2-9162-4C9389A4F080","properties":{"overrideid":"","name":"","documentation":"","conditionsequenceflow":"","executionlisteners":"","defaultflow":"false"},"stencil":{"id":"SequenceFlow"},"childShapes":[],"outgoing":[{"resourceId":"sid-33F16E68-FA19-4D90-B5E1-0C4012EDCC2B"}],"bounds":{"lowerRight":{"x":179.1953125,"y":165.00000000000006},"upperLeft":{"x":120.6484375,"y":165.00000000000006}},"dockers":[{"x":15,"y":15},{"x":49.999999999999986,"y":39.99999999999999}],"target":{"resourceId":"sid-33F16E68-FA19-4D90-B5E1-0C4012EDCC2B"}},{"resourceId":"sid-F308D019-11B7-4C78-8991-5345839E68B3","properties":{"overrideid":"","name":"","documentation":"","executionlisteners":""},"stencil":{"id":"EndNoneEvent"},"childShapes":[],"outgoing":[],"bounds":{"lowerRight":{"x":643.0000000000001,"y":179.00000000000006},"upperLeft":{"x":615.0000000000001,"y":151.00000000000006}},"dockers":[]},{"resourceId":"sid-26855765-F867-4A1D-A46E-A48CE580E297","properties":{"overrideid":"","name":"User Task","documentation":"","asynchronousdefinition":"false","exclusivedefinition":"false","executionlisteners":"","multiinstance_type":"None","multiinstance_cardinality":"","multiinstance_collection":"","multiinstance_variable":"","multiinstance_condition":"","isforcompensation":"false","usertasksendemail":true,"usertaskassignment":"","formkeydefinition":"","formreference":"","fieldstovariables":"","duedatedefinition":"","prioritydefinition":"","categorydefinition":"","formproperties":"","tasklisteners":"","emailtemplate":""},"stencil":{"id":"UserTask"},"childShapes":[],"outgoing":[{"resourceId":"sid-97EF5174-32F9-4A33-ADD4-E6FB1BFF7F57"}],"bounds":{"lowerRight":{"x":520,"y":205.00000000000006},"upperLeft":{"x":420.00000000000006,"y":125.00000000000004}},"dockers":[]},{"resourceId":"sid-E9794A0F-BB19-4BD1-A776-A3AFCB0EFA27","properties":{"overrideid":"","name":"","documentation":"","conditionsequenceflow":"","executionlisteners":"","defaultflow":"false"},"stencil":{"id":"SequenceFlow"},"childShapes":[],"outgoing":[{"resourceId":"sid-26855765-F867-4A1D-A46E-A48CE580E297"}],"bounds":{"lowerRight":{"x":419.3125,"y":165.00000000000006},"upperLeft":{"x":280.6875,"y":165.00000000000006}},"dockers":[{"x":50.00000000000001,"y":40},{"x":49.99999999999997,"y":40.00000000000001}],"target":{"resourceId":"sid-26855765-F867-4A1D-A46E-A48CE580E297"}},{"resourceId":"sid-97EF5174-32F9-4A33-ADD4-E6FB1BFF7F57","properties":{"overrideid":"","name":"","documentation":"","conditionsequenceflow":"","executionlisteners":"","defaultflow":"false"},"stencil":{"id":"SequenceFlow"},"childShapes":[],"outgoing":[{"resourceId":"sid-F308D019-11B7-4C78-8991-5345839E68B3"}],"bounds":{"lowerRight":{"x":614.3359375,"y":165.00000000000006},"upperLeft":{"x":520.6875,"y":165.00000000000006}},"dockers":[{"x":49.99999999999997,"y":40.00000000000001},{"x":14,"y":14}],"target":{"resourceId":"sid-F308D019-11B7-4C78-8991-5345839E68B3"}},{"resourceId":"sid-33F16E68-FA19-4D90-B5E1-0C4012EDCC2B","properties":{"overrideid":"","name":"Async REQ/REPLY Pattern","documentation":"","asynchronousdefinition":true,"exclusivedefinition":"false","executionlisteners":"","multiinstance_type":"None","multiinstance_cardinality":"","multiinstance_collection":"","multiinstance_variable":"","multiinstance_condition":"","isforcompensation":"false","servicetaskclass":"","servicetaskexpression":"","servicetaskdelegateexpression":"${asyncReqReplyServiceTask}","servicetaskfields":"","servicetaskresultvariable":"","executionvariables":"","duedatedefinition":"","type":"http://b3mn.org/stencilset/bpmn2.0#UserTask","emailtemplate":"","tasklisteners":"","formproperties":"","categorydefinition":"","prioritydefinition":"","usertasksendemail":true,"fieldstovariables":"","formreference":"","formkeydefinition":"","usertaskassignment":""},"stencil":{"id":"ServiceTask"},"childShapes":[],"outgoing":[{"resourceId":"sid-E9794A0F-BB19-4BD1-A776-A3AFCB0EFA27"}],"bounds":{"lowerRight":{"x":280,"y":205.00000000000006},"upperLeft":{"x":180.00000000000003,"y":125.00000000000007}},"dockers":[]}],"bounds":{"lowerRight":{"x":1200,"y":1050},"upperLeft":{"x":0,"y":0}},"stencilset":{"url":"stencilsets/bpmn2.0/bpmn2.0.json","namespace":"http://b3mn.org/stencilset/bpmn2.0#"},"ssextensions":[]}