{"referenceId":null,"name":"Upload Excel","description":"","editorJson":{"tabs":[],"fields":[{"fieldType":"ContainerRepresentation","id":"1504101334011","name":"Label","type":"container","value":null,"required":false,"readOnly":false,"overrideId":false,"colspan":1,"placeholder":null,"minLength":0,"maxLength":0,"minValue":null,"maxValue":null,"regexPattern":null,"optionType":null,"hasEmptyValue":null,"options":null,"restUrl":null,"restResponsePath":null,"restIdProperty":null,"restLabelProperty":null,"tab":null,"className":null,"dateDisplayFormat":null,"layout":null,"sizeX":2,"sizeY":1,"row":-1,"col":-1,"visibilityCondition":null,"numberOfColumns":2,"fields":{"1":[{"fieldType":"AttachFileFieldRepresentation","id":"myFile","name":"My File","type":"upload","value":null,"required":false,"readOnly":false,"overrideId":true,"colspan":1,"placeholder":null,"minLength":0,"maxLength":0,"minValue":null,"maxValue":null,"regexPattern":null,"optionType":null,"hasEmptyValue":null,"options":null,"restUrl":null,"restResponsePath":null,"restIdProperty":null,"restLabelProperty":null,"tab":null,"className":null,"params":{"existingColspan":1,"maxColspan":2,"fileSource":{"serviceId":"all-file-sources","name":"All file sources"}},"dateDisplayFormat":null,"layout":{"row":-1,"column":-1,"colspan":1},"sizeX":1,"sizeY":1,"row":-1,"col":-1,"visibilityCondition":null,"metaDataColumnDefinitions":null}],"2":[]}},{"fieldType":"DynamicTableRepresentation","id":"exceltable","name":"ExcelTable","type":"dynamic-table","value":null,"required":false,"readOnly":false,"overrideId":false,"colspan":1,"placeholder":null,"minLength":0,"maxLength":0,"minValue":null,"maxValue":null,"regexPattern":null,"optionType":null,"hasEmptyValue":null,"options":null,"restUrl":null,"restResponsePath":null,"restIdProperty":null,"restLabelProperty":null,"tab":null,"className":null,"params":{"existingColspan":1,"maxColspan":1},"dateDisplayFormat":null,"layout":{"row":-1,"column":-1,"colspan":2},"sizeX":2,"sizeY":2,"row":-1,"col":-1,"visibilityCondition":{"leftFormFieldId":"","leftRestResponseId":"xx","operator":"==","rightValue":"hkdhjsakdhsakhdksahdksahdksa","rightType":null,"rightFormFieldId":"","rightRestResponseId":"","nextConditionOperator":"","nextCondition":null},"columnDefinitions":[{"id":"ItemA","name":"ItemA","type":"String","value":null,"optionType":null,"options":null,"restResponsePath":null,"restUrl":null,"restIdProperty":null,"restLabelProperty":null,"amountCurrency":null,"amountEnableFractions":false,"required":true,"editable":true,"sortable":true,"visible":true,"endpoint":null,"requestHeaders":null},{"id":"ItemB","name":"ItemB","type":"String","value":null,"optionType":null,"options":null,"restResponsePath":null,"restUrl":null,"restIdProperty":null,"restLabelProperty":null,"amountCurrency":null,"amountEnableFractions":false,"required":true,"editable":true,"sortable":true,"visible":true,"endpoint":null,"requestHeaders":null},{"id":"ItemC","name":"ItemC","type":"String","value":null,"optionType":null,"options":null,"restResponsePath":null,"restUrl":null,"restIdProperty":null,"restLabelProperty":null,"amountCurrency":null,"amountEnableFractions":false,"required":true,"editable":true,"sortable":true,"visible":true,"endpoint":null,"requestHeaders":null},{"id":"ItemD","name":"ItemD","type":"String","value":null,"optionType":null,"options":null,"restResponsePath":null,"restUrl":null,"restIdProperty":null,"restLabelProperty":null,"amountCurrency":null,"amountEnableFractions":false,"required":true,"editable":true,"sortable":true,"visible":true,"endpoint":null,"requestHeaders":null}]}],"outcomes":[],"javascriptEvents":[],"className":"","style":"","customFieldTemplates":{},"metadata":{},"variables":[{"name":"xx","type":"string","value":"yy"}],"customFieldsValueInfo":{},"gridsterForm":false}}