{"models":[{"id":3,"name":"Rule-Container","version":6,"modelType":0,"description":"","stencilSetId":0,"createdByFullName":" Administrator","createdBy":1,"lastUpdatedByFullName":" Administrator","lastUpdatedBy":1,"lastUpdated":"2016-12-11T08:22:26.385+0000"},{"id":1001,"name":"My-Process","version":5,"modelType":0,"description":null,"stencilSetId":0,"createdByFullName":" Administrator","createdBy":1,"lastUpdatedByFullName":" Administrator","lastUpdatedBy":1,"lastUpdated":"2016-12-11T08:19:26.747+0000"}],"theme":"theme-1","icon":"glyphicon-asterisk","publishIdentityInfo":[]}