{"referenceId":null,"name":"SFDC Data Models","description":null,"editorJson":{"id":9009,"name":"SFDC Data Models","dataSourceType":"custom","entities":[{"name":"Account","description":"","attributes":[{"name":"AccountNumber","type":"string","description":"","primaryKey":false,"generatedValue":false,"identity":false,"required":false},{"name":"Name","type":"string","description":"","primaryKey":false,"generatedValue":false,"identity":false,"required":false},{"name":"Industry","type":"string","description":"","primaryKey":false,"generatedValue":false,"identity":false,"required":false},{"name":"Id","type":"string","description":"","primaryKey":false,"generatedValue":false,"identity":false,"required":false}]},{"name":"Campaign","description":"","attributes":[{"name":"Name","type":"string","description":"","primaryKey":false,"generatedValue":false,"identity":false,"required":false},{"name":"Id","type":"string","description":"","primaryKey":false,"generatedValue":false,"identity":false,"required":false}]},{"name":"Opportunity","description":"","attributes":[{"name":"AccountId","type":"string","description":"","primaryKey":false,"generatedValue":false,"identity":false,"required":false},{"name":"Amount","type":"string","description":"","primaryKey":false,"generatedValue":false,"identity":false,"required":false},{"name":"CloseDate","type":"string","description":"","primaryKey":false,"generatedValue":false,"identity":false,"required":false},{"name":"DeliveryInstallationStatus__c","type":"string","description":"","primaryKey":false,"generatedValue":false,"identity":false,"required":false},{"name":"Description","type":"string","description":"","primaryKey":false,"generatedValue":false,"identity":false,"required":false},{"name":"ExpectedRevenue","type":"string","description":"","primaryKey":false,"generatedValue":false,"identity":false,"required":false},{"name":"Id","type":"string","description":"","primaryKey":false,"generatedValue":false,"identity":false,"required":false},{"name":"LeadSource","type":"string","description":"","primaryKey":false,"generatedValue":false,"identity":false,"required":false},{"name":"Name","type":"string","description":"","primaryKey":false,"generatedValue":false,"identity":false,"required":false},{"name":"Probability","type":"string","description":"","primaryKey":false,"generatedValue":false,"identity":false,"required":false},{"name":"StageName","type":"string","description":"","primaryKey":false,"generatedValue":false,"identity":false,"required":false},{"name":"Type","type":"string","description":"","primaryKey":false,"generatedValue":false,"identity":false,"required":false}]},{"name":"Case","description":"","attributes":[{"name":"AccountId","type":"string","description":"","primaryKey":false,"generatedValue":false,"identity":false,"required":false},{"name":"Description","type":"string","description":"","primaryKey":false,"generatedValue":false,"identity":false,"required":false},{"name":"Origin","type":"string","description":"","primaryKey":false,"generatedValue":false,"identity":false,"required":false},{"name":"Status","type":"string","description":"","primaryKey":false,"generatedValue":false,"identity":false,"required":false},{"name":"Subject","type":"string","description":"","primaryKey":false,"generatedValue":false,"identity":false,"required":false},{"name":"Id","type":"string","description":"","primaryKey":false,"generatedValue":false,"identity":false,"required":false},{"name":"ContactEmail","type":"string","description":"","primaryKey":false,"generatedValue":false,"identity":false,"required":false}]}]}}