{"referenceId":null,"name":"Employee","description":null,"editorJson":{"id":23030,"name":"Employee","dataSourceType":"custom","entities":[{"name":"Employee","description":"","attributes":[{"name":"employeeNumber","type":"string","description":"","primaryKey":false,"generatedValue":false,"identity":false,"required":false},{"name":"name","type":"string","description":"","primaryKey":false,"generatedValue":false,"identity":false,"required":false},{"name":"employmentType","type":"string","description":"","primaryKey":false,"generatedValue":false,"identity":false,"required":false}]}]}}