<?xml version='1.0' encoding='UTF-8'?>
<definitions xmlns="http://www.omg.org/spec/BPMN/20100524/MODEL" xmlns:xsi="http://www.w3.org/2001/XMLSchema-instance" xmlns:xsd="http://www.w3.org/2001/XMLSchema" xmlns:activiti="http://activiti.org/bpmn" xmlns:bpmndi="http://www.omg.org/spec/BPMN/20100524/DI" xmlns:omgdc="http://www.omg.org/spec/DD/20100524/DC" xmlns:omgdi="http://www.omg.org/spec/DD/20100524/DI" typeLanguage="http://www.w3.org/2001/XMLSchema" expressionLanguage="http://www.w3.org/1999/XPath" targetNamespace="http://www.activiti.org/processdef" xmlns:modeler="http://activiti.com/modeler" modeler:version="1.0en" modeler:exportDateTime="20170327092946455" modeler:modelId="2008" modeler:modelVersion="12" modeler:modelLastUpdated="1490624968874">
  <process id="ClaimsProcess" name="Claims Process" isExecutable="true">
    <startEvent id="startEvent1" activiti:formKey="2005">
      <extensionElements>
        <modeler:form-reference-id><![CDATA[2005]]></modeler:form-reference-id>
        <modeler:form-reference-name><![CDATA[New Claim Form]]></modeler:form-reference-name>
        <modeler:field-to-variable-mapping modeler:mappedDataModel="2007" modeler:mappedEntity="Policy" modeler:formFieldId="policyId" modeler:formFieldName="Policy ID" modeler:mappedColumn="policyId" modeler:mappedVariableName="policyDetails"/>
        <modeler:editor-resource-id><![CDATA[startEvent1]]></modeler:editor-resource-id>
      </extensionElements>
    </startEvent>
    <userTask id="sid-E2F67D51-5793-4184-A5AF-349530A0CE28" name="Review Claim" activiti:assignee="$INITIATOR" activiti:formKey="2002">
      <extensionElements>
        <modeler:allow-send-email><![CDATA[false]]></modeler:allow-send-email>
        <modeler:form-reference-id><![CDATA[2002]]></modeler:form-reference-id>
        <modeler:form-reference-name><![CDATA[Review Claim]]></modeler:form-reference-name>
        <modeler:activiti-idm-initiator><![CDATA[true]]></modeler:activiti-idm-initiator>
        <modeler:initiator-can-complete><![CDATA[false]]></modeler:initiator-can-complete>
        <modeler:editor-resource-id><![CDATA[sid-E2F67D51-5793-4184-A5AF-349530A0CE28]]></modeler:editor-resource-id>
      </extensionElements>
    </userTask>
    <endEvent id="sid-93218A7F-393B-412C-BAF1-BB630057E97A">
      <extensionElements>
        <modeler:editor-resource-id><![CDATA[sid-93218A7F-393B-412C-BAF1-BB630057E97A]]></modeler:editor-resource-id>
      </extensionElements>
    </endEvent>
    <serviceTask id="sid-9316AABC-A07D-45C5-980E-68F365DCA6DF" name="Create Claim" activiti:delegateExpression="${activiti_storeEntityDelegate}">
      <extensionElements>
        <modeler:entity-attribute-mapping modeler:mappedDataModel="2007" modeler:mappedEntity="Claim" modeler:newVariableName="var1">
          <modeler:attribute-element-mapping modeler:attribute-name="claimId" modeler:form-field-id="claimId" modeler:form-field-name="Claim ID" modeler:form-field-type="text"/>
          <modeler:attribute-element-mapping modeler:attribute-name="policyId" modeler:form-field-id="policyId" modeler:form-field-name="Policy ID" modeler:form-field-type="text"/>
          <modeler:attribute-element-mapping modeler:attribute-name="customerName" modeler:variable-id="policyDetails.customerName" modeler:variable-name="policyDetails.customerName" modeler:variable-type="string"/>
          <modeler:attribute-element-mapping modeler:attribute-name="customerEmail" modeler:form-field-id="contactEmail" modeler:form-field-name="Contact Email" modeler:form-field-type="text"/>
          <modeler:attribute-element-mapping modeler:attribute-name="contactNumber" modeler:form-field-id="contactNumber" modeler:form-field-name="Contact Number" modeler:form-field-type="text"/>
          <modeler:attribute-element-mapping modeler:attribute-name="claimAmount" modeler:form-field-id="claimAmount" modeler:form-field-name="Claim Amount" modeler:form-field-type="amount"/>
        </modeler:entity-attribute-mapping>
        <modeler:editor-resource-id><![CDATA[sid-9316AABC-A07D-45C5-980E-68F365DCA6DF]]></modeler:editor-resource-id>
      </extensionElements>
    </serviceTask>
    <sequenceFlow id="sid-233A5CA4-297F-438A-A499-450941EF26A0" sourceRef="sid-E2F67D51-5793-4184-A5AF-349530A0CE28" targetRef="sid-9316AABC-A07D-45C5-980E-68F365DCA6DF">
      <extensionElements>
        <modeler:editor-resource-id><![CDATA[sid-233A5CA4-297F-438A-A499-450941EF26A0]]></modeler:editor-resource-id>
      </extensionElements>
    </sequenceFlow>
    <sequenceFlow id="sid-5391A11A-A5B5-4A6A-A45B-600FB6A4A54E" sourceRef="startEvent1" targetRef="sid-4D611138-567D-4FA0-8A1B-539EA3808C00">
      <extensionElements>
        <modeler:editor-resource-id><![CDATA[sid-5391A11A-A5B5-4A6A-A45B-600FB6A4A54E]]></modeler:editor-resource-id>
      </extensionElements>
    </sequenceFlow>
    <sequenceFlow id="sid-CF90039E-0B09-4AEB-A9AB-6B151E98DA11" sourceRef="sid-4D611138-567D-4FA0-8A1B-539EA3808C00" targetRef="sid-E2F67D51-5793-4184-A5AF-349530A0CE28">
      <extensionElements>
        <modeler:editor-resource-id><![CDATA[sid-CF90039E-0B09-4AEB-A9AB-6B151E98DA11]]></modeler:editor-resource-id>
      </extensionElements>
    </sequenceFlow>
    <sequenceFlow id="sid-62932395-1C5B-49B3-B666-63AA62B9C878" sourceRef="sid-4D611138-567D-4FA0-8A1B-539EA3808C00" targetRef="sid-CD601B1B-BF98-474B-A1A0-765830538401">
      <extensionElements>
        <modeler:editor-resource-id><![CDATA[sid-62932395-1C5B-49B3-B666-63AA62B9C878]]></modeler:editor-resource-id>
      </extensionElements>
    </sequenceFlow>
    <sequenceFlow id="sid-1B114E55-237C-442E-82F5-0C768F72D7BF" sourceRef="sid-9316AABC-A07D-45C5-980E-68F365DCA6DF" targetRef="sid-6259501B-1887-4E73-8979-FD74E564243D">
      <extensionElements>
        <modeler:editor-resource-id><![CDATA[sid-1B114E55-237C-442E-82F5-0C768F72D7BF]]></modeler:editor-resource-id>
      </extensionElements>
    </sequenceFlow>
    <parallelGateway id="sid-6259501B-1887-4E73-8979-FD74E564243D">
      <extensionElements>
        <modeler:editor-resource-id><![CDATA[sid-6259501B-1887-4E73-8979-FD74E564243D]]></modeler:editor-resource-id>
      </extensionElements>
    </parallelGateway>
    <serviceTask id="sid-CD601B1B-BF98-474B-A1A0-765830538401" name="Verify Data" activiti:async="true" activiti:exclusive="false" activiti:delegateExpression="${activiti_executeDecisionDelegate}">
      <extensionElements>
        <activiti:field name="decisionTableReferenceKey">
          <activiti:string><![CDATA[VerifyDataAgainstPolicy]]></activiti:string>
        </activiti:field>
        <modeler:decisiontable-reference modeler:decisiontablereferenceid="2006" modeler:decisiontablereferencename="Verify Data Against Policy"/>
        <modeler:editor-resource-id><![CDATA[sid-CD601B1B-BF98-474B-A1A0-765830538401]]></modeler:editor-resource-id>
      </extensionElements>
    </serviceTask>
    <sequenceFlow id="sid-DD605F67-AE3D-4B59-94CA-70C7744D81E1" sourceRef="sid-6259501B-1887-4E73-8979-FD74E564243D" targetRef="sid-93218A7F-393B-412C-BAF1-BB630057E97A">
      <extensionElements>
        <modeler:editor-resource-id><![CDATA[sid-DD605F67-AE3D-4B59-94CA-70C7744D81E1]]></modeler:editor-resource-id>
      </extensionElements>
    </sequenceFlow>
    <parallelGateway id="sid-4D611138-567D-4FA0-8A1B-539EA3808C00">
      <extensionElements>
        <modeler:editor-resource-id><![CDATA[sid-B7F12F1B-9854-40B7-B3B0-9FA6885F86CC]]></modeler:editor-resource-id>
      </extensionElements>
    </parallelGateway>
    <exclusiveGateway id="sid-8BF8F8C6-D973-4C6A-BB8A-D6B4EE6046C2" default="sid-035D33B4-E0F9-4EB4-9E00-051B71C0DEFF">
      <extensionElements>
        <modeler:editor-resource-id><![CDATA[sid-8BF8F8C6-D973-4C6A-BB8A-D6B4EE6046C2]]></modeler:editor-resource-id>
      </extensionElements>
    </exclusiveGateway>
    <sequenceFlow id="sid-EF964A1D-F152-45E6-9109-1F0BC2C184F4" sourceRef="sid-CD601B1B-BF98-474B-A1A0-765830538401" targetRef="sid-8BF8F8C6-D973-4C6A-BB8A-D6B4EE6046C2">
      <extensionElements>
        <modeler:editor-resource-id><![CDATA[sid-EF964A1D-F152-45E6-9109-1F0BC2C184F4]]></modeler:editor-resource-id>
      </extensionElements>
    </sequenceFlow>
    <userTask id="sid-159608CF-6E96-418B-9BF6-2C603FE1BFF9" name="Update Policy" activiti:assignee="$INITIATOR" activiti:formKey="2003">
      <extensionElements>
        <modeler:allow-send-email><![CDATA[false]]></modeler:allow-send-email>
        <modeler:form-reference-id><![CDATA[2003]]></modeler:form-reference-id>
        <modeler:form-reference-name><![CDATA[Update Policy Form]]></modeler:form-reference-name>
        <modeler:activiti-idm-initiator><![CDATA[true]]></modeler:activiti-idm-initiator>
        <modeler:initiator-can-complete><![CDATA[false]]></modeler:initiator-can-complete>
        <modeler:editor-resource-id><![CDATA[sid-159608CF-6E96-418B-9BF6-2C603FE1BFF9]]></modeler:editor-resource-id>
      </extensionElements>
    </userTask>
    <exclusiveGateway id="sid-C7FDA36D-D42A-4F80-A9E8-9DD695084D51">
      <extensionElements>
        <modeler:editor-resource-id><![CDATA[sid-C7FDA36D-D42A-4F80-A9E8-9DD695084D51]]></modeler:editor-resource-id>
      </extensionElements>
    </exclusiveGateway>
    <sequenceFlow id="sid-0DC2896F-20CB-4919-9AD6-A064B3CEA467" sourceRef="sid-C7FDA36D-D42A-4F80-A9E8-9DD695084D51" targetRef="sid-6259501B-1887-4E73-8979-FD74E564243D">
      <extensionElements>
        <modeler:editor-resource-id><![CDATA[sid-0DC2896F-20CB-4919-9AD6-A064B3CEA467]]></modeler:editor-resource-id>
      </extensionElements>
    </sequenceFlow>
    <sequenceFlow id="sid-035D33B4-E0F9-4EB4-9E00-051B71C0DEFF" sourceRef="sid-8BF8F8C6-D973-4C6A-BB8A-D6B4EE6046C2" targetRef="sid-C7FDA36D-D42A-4F80-A9E8-9DD695084D51">
      <extensionElements>
        <modeler:editor-resource-id><![CDATA[sid-035D33B4-E0F9-4EB4-9E00-051B71C0DEFF]]></modeler:editor-resource-id>
      </extensionElements>
    </sequenceFlow>
    <sequenceFlow id="sid-BB8FBFBF-2E50-4AA6-A8AD-898B43B08EFA" sourceRef="sid-8BF8F8C6-D973-4C6A-BB8A-D6B4EE6046C2" targetRef="sid-159608CF-6E96-418B-9BF6-2C603FE1BFF9">
      <extensionElements>
        <modeler:conditionDefinition modeler:index="0" modeler:leftRestResponseId="dataNeedsFixing" modeler:rightValue="true" modeler:operator="=="/>
        <modeler:editor-resource-id><![CDATA[sid-BB8FBFBF-2E50-4AA6-A8AD-898B43B08EFA]]></modeler:editor-resource-id>
      </extensionElements>
      <conditionExpression xsi:type="tFormalExpression"><![CDATA[${(activiti_flowConditionsBean.exists(execution, 'dataNeedsFixing') && dataNeedsFixing == true)}]]></conditionExpression>
    </sequenceFlow>
    <sequenceFlow id="sid-1B59ACC2-864A-4E25-87C5-9EE304B674D2" sourceRef="sid-7137FFFA-D656-4887-A3A8-6E08EFA513CC" targetRef="sid-C7FDA36D-D42A-4F80-A9E8-9DD695084D51">
      <extensionElements>
        <modeler:editor-resource-id><![CDATA[sid-1B59ACC2-864A-4E25-87C5-9EE304B674D2]]></modeler:editor-resource-id>
      </extensionElements>
    </sequenceFlow>
    <serviceTask id="sid-7137FFFA-D656-4887-A3A8-6E08EFA513CC" name="Update Policy" activiti:delegateExpression="${activiti_storeEntityDelegate}">
      <extensionElements>
        <modeler:entity-attribute-mapping modeler:mappedDataModel="2007" modeler:mappedEntity="Policy" modeler:newVariableName="var2">
          <modeler:attribute-element-mapping modeler:attribute-name="policyId" modeler:variable-id="policyDetails.policyId" modeler:variable-name="policyDetails.policyId" modeler:variable-type="string"/>
          <modeler:attribute-element-mapping modeler:attribute-name="customerName" modeler:variable-id="policyDetails.customerName" modeler:variable-name="policyDetails.customerName" modeler:variable-type="string"/>
          <modeler:attribute-element-mapping modeler:attribute-name="customerEmail" modeler:form-field-id="newCustomerEmail" modeler:form-field-name="New Customer Email" modeler:form-field-type="text"/>
          <modeler:attribute-element-mapping modeler:attribute-name="contactNumber" modeler:form-field-id="newContactNumber" modeler:form-field-name="New Contact Number" modeler:form-field-type="text"/>
        </modeler:entity-attribute-mapping>
        <modeler:editor-resource-id><![CDATA[sid-7137FFFA-D656-4887-A3A8-6E08EFA513CC]]></modeler:editor-resource-id>
      </extensionElements>
    </serviceTask>
    <sequenceFlow id="sid-91A8BF94-E381-488A-BF74-7C6D235BDE31" sourceRef="sid-159608CF-6E96-418B-9BF6-2C603FE1BFF9" targetRef="sid-7137FFFA-D656-4887-A3A8-6E08EFA513CC">
      <extensionElements>
        <modeler:editor-resource-id><![CDATA[sid-91A8BF94-E381-488A-BF74-7C6D235BDE31]]></modeler:editor-resource-id>
      </extensionElements>
    </sequenceFlow>
  </process>
  <bpmndi:BPMNDiagram id="BPMNDiagram_ClaimsProcess">
    <bpmndi:BPMNPlane bpmnElement="ClaimsProcess" id="BPMNPlane_ClaimsProcess">
      <bpmndi:BPMNShape bpmnElement="startEvent1" id="BPMNShape_startEvent1">
        <omgdc:Bounds height="30.0" width="30.0" x="30.0" y="163.0"/>
      </bpmndi:BPMNShape>
      <bpmndi:BPMNShape bpmnElement="sid-E2F67D51-5793-4184-A5AF-349530A0CE28" id="BPMNShape_sid-E2F67D51-5793-4184-A5AF-349530A0CE28">
        <omgdc:Bounds height="80.0" width="100.0" x="210.0" y="138.0"/>
      </bpmndi:BPMNShape>
      <bpmndi:BPMNShape bpmnElement="sid-93218A7F-393B-412C-BAF1-BB630057E97A" id="BPMNShape_sid-93218A7F-393B-412C-BAF1-BB630057E97A">
        <omgdc:Bounds height="28.0" width="28.0" x="855.0" y="164.0"/>
      </bpmndi:BPMNShape>
      <bpmndi:BPMNShape bpmnElement="sid-9316AABC-A07D-45C5-980E-68F365DCA6DF" id="BPMNShape_sid-9316AABC-A07D-45C5-980E-68F365DCA6DF">
        <omgdc:Bounds height="80.0" width="100.0" x="405.0" y="138.0"/>
      </bpmndi:BPMNShape>
      <bpmndi:BPMNShape bpmnElement="sid-6259501B-1887-4E73-8979-FD74E564243D" id="BPMNShape_sid-6259501B-1887-4E73-8979-FD74E564243D">
        <omgdc:Bounds height="40.0" width="40.0" x="595.0" y="158.0"/>
      </bpmndi:BPMNShape>
      <bpmndi:BPMNShape bpmnElement="sid-CD601B1B-BF98-474B-A1A0-765830538401" id="BPMNShape_sid-CD601B1B-BF98-474B-A1A0-765830538401">
        <omgdc:Bounds height="80.0" width="100.0" x="210.0" y="270.0"/>
      </bpmndi:BPMNShape>
      <bpmndi:BPMNShape bpmnElement="sid-4D611138-567D-4FA0-8A1B-539EA3808C00" id="BPMNShape_sid-4D611138-567D-4FA0-8A1B-539EA3808C00">
        <omgdc:Bounds height="40.0" width="40.0" x="105.0" y="158.0"/>
      </bpmndi:BPMNShape>
      <bpmndi:BPMNShape bpmnElement="sid-8BF8F8C6-D973-4C6A-BB8A-D6B4EE6046C2" id="BPMNShape_sid-8BF8F8C6-D973-4C6A-BB8A-D6B4EE6046C2">
        <omgdc:Bounds height="40.0" width="40.0" x="355.0" y="290.0"/>
      </bpmndi:BPMNShape>
      <bpmndi:BPMNShape bpmnElement="sid-159608CF-6E96-418B-9BF6-2C603FE1BFF9" id="BPMNShape_sid-159608CF-6E96-418B-9BF6-2C603FE1BFF9">
        <omgdc:Bounds height="80.0" width="100.0" x="325.0" y="390.0"/>
      </bpmndi:BPMNShape>
      <bpmndi:BPMNShape bpmnElement="sid-C7FDA36D-D42A-4F80-A9E8-9DD695084D51" id="BPMNShape_sid-C7FDA36D-D42A-4F80-A9E8-9DD695084D51">
        <omgdc:Bounds height="40.0" width="40.0" x="595.0" y="290.0"/>
      </bpmndi:BPMNShape>
      <bpmndi:BPMNShape bpmnElement="sid-7137FFFA-D656-4887-A3A8-6E08EFA513CC" id="BPMNShape_sid-7137FFFA-D656-4887-A3A8-6E08EFA513CC">
        <omgdc:Bounds height="80.0" width="100.0" x="565.0" y="390.0"/>
      </bpmndi:BPMNShape>
      <bpmndi:BPMNEdge bpmnElement="sid-DD605F67-AE3D-4B59-94CA-70C7744D81E1" id="BPMNEdge_sid-DD605F67-AE3D-4B59-94CA-70C7744D81E1">
        <omgdi:waypoint x="635.0" y="178.0"/>
        <omgdi:waypoint x="855.0" y="178.0"/>
      </bpmndi:BPMNEdge>
      <bpmndi:BPMNEdge bpmnElement="sid-035D33B4-E0F9-4EB4-9E00-051B71C0DEFF" id="BPMNEdge_sid-035D33B4-E0F9-4EB4-9E00-051B71C0DEFF">
        <omgdi:waypoint x="395.0" y="310.0"/>
        <omgdi:waypoint x="595.0" y="310.0"/>
      </bpmndi:BPMNEdge>
      <bpmndi:BPMNEdge bpmnElement="sid-BB8FBFBF-2E50-4AA6-A8AD-898B43B08EFA" id="BPMNEdge_sid-BB8FBFBF-2E50-4AA6-A8AD-898B43B08EFA">
        <omgdi:waypoint x="375.0" y="330.0"/>
        <omgdi:waypoint x="375.0" y="390.0"/>
      </bpmndi:BPMNEdge>
      <bpmndi:BPMNEdge bpmnElement="sid-62932395-1C5B-49B3-B666-63AA62B9C878" id="BPMNEdge_sid-62932395-1C5B-49B3-B666-63AA62B9C878">
        <omgdi:waypoint x="125.24321796071095" y="197.75678203928905"/>
        <omgdi:waypoint x="126.625" y="310.0"/>
        <omgdi:waypoint x="210.0" y="310.0"/>
      </bpmndi:BPMNEdge>
      <bpmndi:BPMNEdge bpmnElement="sid-EF964A1D-F152-45E6-9109-1F0BC2C184F4" id="BPMNEdge_sid-EF964A1D-F152-45E6-9109-1F0BC2C184F4">
        <omgdi:waypoint x="310.0" y="310.0"/>
        <omgdi:waypoint x="355.0" y="310.0"/>
      </bpmndi:BPMNEdge>
      <bpmndi:BPMNEdge bpmnElement="sid-91A8BF94-E381-488A-BF74-7C6D235BDE31" id="BPMNEdge_sid-91A8BF94-E381-488A-BF74-7C6D235BDE31">
        <omgdi:waypoint x="425.0" y="430.0"/>
        <omgdi:waypoint x="565.0" y="430.0"/>
      </bpmndi:BPMNEdge>
      <bpmndi:BPMNEdge bpmnElement="sid-233A5CA4-297F-438A-A499-450941EF26A0" id="BPMNEdge_sid-233A5CA4-297F-438A-A499-450941EF26A0">
        <omgdi:waypoint x="310.0" y="178.0"/>
        <omgdi:waypoint x="405.0" y="178.0"/>
      </bpmndi:BPMNEdge>
      <bpmndi:BPMNEdge bpmnElement="sid-CF90039E-0B09-4AEB-A9AB-6B151E98DA11" id="BPMNEdge_sid-CF90039E-0B09-4AEB-A9AB-6B151E98DA11">
        <omgdi:waypoint x="145.0" y="178.0"/>
        <omgdi:waypoint x="210.0" y="178.0"/>
      </bpmndi:BPMNEdge>
      <bpmndi:BPMNEdge bpmnElement="sid-5391A11A-A5B5-4A6A-A45B-600FB6A4A54E" id="BPMNEdge_sid-5391A11A-A5B5-4A6A-A45B-600FB6A4A54E">
        <omgdi:waypoint x="60.0" y="178.0"/>
        <omgdi:waypoint x="105.0" y="178.0"/>
      </bpmndi:BPMNEdge>
      <bpmndi:BPMNEdge bpmnElement="sid-0DC2896F-20CB-4919-9AD6-A064B3CEA467" id="BPMNEdge_sid-0DC2896F-20CB-4919-9AD6-A064B3CEA467">
        <omgdi:waypoint x="615.0" y="290.0"/>
        <omgdi:waypoint x="615.0" y="198.0"/>
      </bpmndi:BPMNEdge>
      <bpmndi:BPMNEdge bpmnElement="sid-1B59ACC2-864A-4E25-87C5-9EE304B674D2" id="BPMNEdge_sid-1B59ACC2-864A-4E25-87C5-9EE304B674D2">
        <omgdi:waypoint x="615.0" y="390.0"/>
        <omgdi:waypoint x="615.0" y="330.0"/>
      </bpmndi:BPMNEdge>
      <bpmndi:BPMNEdge bpmnElement="sid-1B114E55-237C-442E-82F5-0C768F72D7BF" id="BPMNEdge_sid-1B114E55-237C-442E-82F5-0C768F72D7BF">
        <omgdi:waypoint x="505.0" y="178.0"/>
        <omgdi:waypoint x="595.0" y="178.0"/>
      </bpmndi:BPMNEdge>
    </bpmndi:BPMNPlane>
  </bpmndi:BPMNDiagram>
</definitions>