{"resourceId":2008,"properties":{"process_id":"ClaimsProcess","name":"Claims Process","documentation":"","process_author":"","process_version":"","process_namespace":"http://www.activiti.org/processdef","executionlisteners":"{\"executionListeners\":[]}","eventlisteners":"{\"eventListeners\":[]}","signaldefinitions":"[]","messagedefinitions":"[]","executionvariables":"","metadata":""},"stencil":{"id":"BPMNDiagram"},"childShapes":[{"resourceId":"startEvent1","properties":{"overrideid":"startEvent1","name":"","documentation":"","executionlisteners":{"executionListeners":[]},"initiator":"","formkeydefinition":"","formreference":{"id":2005,"name":"New Claim Form"},"fieldstovariables":[{"formField":{"id":"policyId","name":"Policy ID"},"mappedDataModel":2007,"mappedEntity":"Policy","mappedColumn":"policyId","mappedVariableName":"policyDetails"}],"formproperties":"","asynchronousdefinition":false,"exclusivedefinition":false},"stencil":{"id":"StartNoneEvent"},"childShapes":[],"outgoing":[{"resourceId":"sid-5391A11A-A5B5-4A6A-A45B-600FB6A4A54E"}],"bounds":{"lowerRight":{"x":60,"y":193},"upperLeft":{"x":30,"y":163}},"dockers":[]},{"resourceId":"sid-E2F67D51-5793-4184-A5AF-349530A0CE28","properties":{"overrideid":"sid-E2F67D51-5793-4184-A5AF-349530A0CE28","name":"Review Claim","documentation":"","asynchronousdefinition":false,"exclusivedefinition":false,"executionlisteners":{"executionListeners":[]},"multiinstance_type":"None","multiinstance_cardinality":"","multiinstance_collection":"","multiinstance_variable":"","multiinstance_condition":"","isforcompensation":false,"usertasksendemail":false,"usertaskassignment":{"assignment":{"type":"idm","idm":{"type":"initiator"},"initiatorCanCompleteTask":false}},"formkeydefinition":"","formreference":{"id":2002,"name":"Review Claim"},"fieldstovariables":"","duedatedefinition":"","prioritydefinition":"","categorydefinition":"","formproperties":"","tasklisteners":{"taskListeners":[]},"emailtemplate":""},"stencil":{"id":"UserTask"},"childShapes":[],"outgoing":[{"resourceId":"sid-233A5CA4-297F-438A-A499-450941EF26A0"}],"bounds":{"lowerRight":{"x":310,"y":218},"upperLeft":{"x":210,"y":138}},"dockers":[]},{"resourceId":"sid-93218A7F-393B-412C-BAF1-BB630057E97A","properties":{"overrideid":"sid-93218A7F-393B-412C-BAF1-BB630057E97A","name":"","documentation":"","executionlisteners":{"executionListeners":[]},"asynchronousdefinition":false,"exclusivedefinition":false},"stencil":{"id":"EndNoneEvent"},"childShapes":[],"outgoing":[],"bounds":{"lowerRight":{"x":883,"y":192},"upperLeft":{"x":855,"y":164}},"dockers":[]},{"resourceId":"sid-9316AABC-A07D-45C5-980E-68F365DCA6DF","properties":{"overrideid":"sid-9316AABC-A07D-45C5-980E-68F365DCA6DF","name":"Create Claim","documentation":"","entityattributemapping":{"mappedDataModel":2007,"mappedEntity":"Claim","attributeMappings":[{"attributeName":"claimId","attributeType":"string","attributePrimaryKey":false,"attributeIdentity":false,"attributeRequired":false,"valueType":"field","formField":{"id":"claimId","name":"Claim ID","type":"text"},"$$hashKey":"uiGrid-0009"},{"attributeName":"policyId","attributeType":"string","attributePrimaryKey":false,"attributeIdentity":false,"attributeRequired":false,"valueType":"field","formField":{"id":"policyId","name":"Policy ID","type":"text"},"$$hashKey":"uiGrid-000B"},{"attributeName":"customerName","attributeType":"string","attributePrimaryKey":false,"attributeIdentity":false,"attributeRequired":false,"valueType":"variable","variable":{"id":"policyDetails.customerName","name":"policyDetails.customerName","type":"string"},"$$hashKey":"uiGrid-000D"},{"attributeName":"customerEmail","attributeType":"string","attributePrimaryKey":false,"attributeIdentity":false,"attributeRequired":false,"valueType":"field","formField":{"id":"contactEmail","name":"Contact Email","type":"text"},"$$hashKey":"uiGrid-000F"},{"attributeName":"contactNumber","attributeType":"string","attributePrimaryKey":false,"attributeIdentity":false,"attributeRequired":false,"valueType":"field","formField":{"id":"contactNumber","name":"Contact Number","type":"text"},"$$hashKey":"uiGrid-000H"},{"attributeName":"claimAmount","attributeType":"string","attributePrimaryKey":false,"attributeIdentity":false,"attributeRequired":false,"valueType":"field","formField":{"id":"claimAmount","name":"Claim Amount","type":"amount"},"$$hashKey":"uiGrid-000J"}],"newVariableName":"var1"},"isforcompensation":false,"asynchronousdefinition":false,"executionlisteners":{"executionListeners":[]},"exclusivedefinition":false},"stencil":{"id":"StoreEntityTask"},"childShapes":[],"outgoing":[{"resourceId":"sid-1B114E55-237C-442E-82F5-0C768F72D7BF"}],"bounds":{"lowerRight":{"x":505,"y":218},"upperLeft":{"x":405,"y":138}},"dockers":[]},{"resourceId":"sid-233A5CA4-297F-438A-A499-450941EF26A0","properties":{"overrideid":"sid-233A5CA4-297F-438A-A499-450941EF26A0","name":"","documentation":"","conditionsequenceflow":"","executionlisteners":{"executionListeners":[]},"defaultflow":"false"},"stencil":{"id":"SequenceFlow"},"childShapes":[],"outgoing":[{"resourceId":"sid-9316AABC-A07D-45C5-980E-68F365DCA6DF"}],"bounds":{"lowerRight":{"x":404.48828125,"y":178},"upperLeft":{"x":310.51171875,"y":178}},"dockers":[{"x":50,"y":40},{"x":50,"y":40}],"target":{"resourceId":"sid-9316AABC-A07D-45C5-980E-68F365DCA6DF"}},{"resourceId":"sid-5391A11A-A5B5-4A6A-A45B-600FB6A4A54E","properties":{"overrideid":"sid-5391A11A-A5B5-4A6A-A45B-600FB6A4A54E","name":"","documentation":"","conditionsequenceflow":"","executionlisteners":{"executionListeners":[]},"defaultflow":"false"},"stencil":{"id":"SequenceFlow"},"childShapes":[],"outgoing":[{"resourceId":"sid-B7F12F1B-9854-40B7-B3B0-9FA6885F86CC"}],"bounds":{"lowerRight":{"x":105.25,"y":178},"upperLeft":{"x":60.375,"y":178}},"dockers":[{"x":15,"y":15},{"x":20,"y":20}],"target":{"resourceId":"sid-B7F12F1B-9854-40B7-B3B0-9FA6885F86CC"}},{"resourceId":"sid-CF90039E-0B09-4AEB-A9AB-6B151E98DA11","properties":{"overrideid":"sid-CF90039E-0B09-4AEB-A9AB-6B151E98DA11","name":"","documentation":"","conditionsequenceflow":"","executionlisteners":{"executionListeners":[]},"defaultflow":"false"},"stencil":{"id":"SequenceFlow"},"childShapes":[],"outgoing":[{"resourceId":"sid-E2F67D51-5793-4184-A5AF-349530A0CE28"}],"bounds":{"lowerRight":{"x":209.4296875,"y":178},"upperLeft":{"x":144.984375,"y":178}},"dockers":[{"x":20,"y":20},{"x":50,"y":40}],"target":{"resourceId":"sid-E2F67D51-5793-4184-A5AF-349530A0CE28"}},{"resourceId":"sid-62932395-1C5B-49B3-B666-63AA62B9C878","properties":{"overrideid":"sid-62932395-1C5B-49B3-B666-63AA62B9C878","name":"","documentation":"","conditionsequenceflow":"","executionlisteners":{"executionListeners":[]},"defaultflow":"false"},"stencil":{"id":"SequenceFlow"},"childShapes":[],"outgoing":[{"resourceId":"sid-CD601B1B-BF98-474B-A1A0-765830538401"}],"bounds":{"lowerRight":{"x":209.50537109375,"y":310},"upperLeft":{"x":125.25352061082415,"y":198.593674233101}},"dockers":[{"x":20,"y":20},{"x":126.625,"y":310},{"x":50,"y":40}],"target":{"resourceId":"sid-CD601B1B-BF98-474B-A1A0-765830538401"}},{"resourceId":"sid-1B114E55-237C-442E-82F5-0C768F72D7BF","properties":{"overrideid":"sid-1B114E55-237C-442E-82F5-0C768F72D7BF","name":"","documentation":"","conditionsequenceflow":"","executionlisteners":{"executionListeners":[]},"defaultflow":"false"},"stencil":{"id":"SequenceFlow"},"childShapes":[],"outgoing":[{"resourceId":"sid-6259501B-1887-4E73-8979-FD74E564243D"}],"bounds":{"lowerRight":{"x":595.25,"y":178},"upperLeft":{"x":506,"y":178}},"dockers":[{"x":50,"y":40},{"x":20,"y":20}],"target":{"resourceId":"sid-6259501B-1887-4E73-8979-FD74E564243D"}},{"resourceId":"sid-6259501B-1887-4E73-8979-FD74E564243D","properties":{"overrideid":"sid-6259501B-1887-4E73-8979-FD74E564243D","name":"","documentation":"","asynchronousdefinition":false,"exclusivedefinition":false,"sequencefloworder":"","executionlisteners":{"executionListeners":[]}},"stencil":{"id":"ParallelGateway"},"childShapes":[],"outgoing":[{"resourceId":"sid-DD605F67-AE3D-4B59-94CA-70C7744D81E1"}],"bounds":{"lowerRight":{"x":635,"y":198},"upperLeft":{"x":595,"y":158}},"dockers":[]},{"resourceId":"sid-CD601B1B-BF98-474B-A1A0-765830538401","properties":{"overrideid":"sid-CD601B1B-BF98-474B-A1A0-765830538401","name":"Verify Data","documentation":"","asynchronousdefinition":true,"exclusivedefinition":false,"executionlisteners":{"executionListeners":[]},"multiinstance_type":"None","multiinstance_cardinality":"","multiinstance_collection":"","multiinstance_variable":"","multiinstance_condition":"","isforcompensation":false,"decisiontaskdecisiontablereference":{"id":2006,"name":"Verify Data Against Policy"}},"stencil":{"id":"DecisionTask"},"childShapes":[],"outgoing":[{"resourceId":"sid-EF964A1D-F152-45E6-9109-1F0BC2C184F4"}],"bounds":{"lowerRight":{"x":310,"y":350},"upperLeft":{"x":210,"y":270}},"dockers":[]},{"resourceId":"sid-DD605F67-AE3D-4B59-94CA-70C7744D81E1","properties":{"overrideid":"sid-DD605F67-AE3D-4B59-94CA-70C7744D81E1","name":"","documentation":"","conditionsequenceflow":"","executionlisteners":{"executionListeners":[]},"defaultflow":"false","showdiamondmarker":false},"stencil":{"id":"SequenceFlow"},"childShapes":[],"outgoing":[{"resourceId":"sid-93218A7F-393B-412C-BAF1-BB630057E97A"}],"bounds":{"lowerRight":{"x":854.109375,"y":178},"upperLeft":{"x":634.8515625,"y":178}},"dockers":[{"x":20,"y":20},{"x":14,"y":14}],"target":{"resourceId":"sid-93218A7F-393B-412C-BAF1-BB630057E97A"}},{"resourceId":"sid-B7F12F1B-9854-40B7-B3B0-9FA6885F86CC","properties":{"overrideid":"sid-4D611138-567D-4FA0-8A1B-539EA3808C00","name":"","documentation":"","asynchronousdefinition":false,"exclusivedefinition":false,"sequencefloworder":"","executionlisteners":{"executionListeners":[]}},"stencil":{"id":"ParallelGateway"},"childShapes":[],"outgoing":[{"resourceId":"sid-62932395-1C5B-49B3-B666-63AA62B9C878"},{"resourceId":"sid-CF90039E-0B09-4AEB-A9AB-6B151E98DA11"}],"bounds":{"lowerRight":{"x":145,"y":198},"upperLeft":{"x":105,"y":158}},"dockers":[]},{"resourceId":"sid-8BF8F8C6-D973-4C6A-BB8A-D6B4EE6046C2","properties":{"overrideid":"sid-8BF8F8C6-D973-4C6A-BB8A-D6B4EE6046C2","name":"","documentation":"","asynchronousdefinition":false,"exclusivedefinition":false,"sequencefloworder":"","executionlisteners":{"executionListeners":[]}},"stencil":{"id":"ExclusiveGateway"},"childShapes":[],"outgoing":[{"resourceId":"sid-BB8FBFBF-2E50-4AA6-A8AD-898B43B08EFA"},{"resourceId":"sid-035D33B4-E0F9-4EB4-9E00-051B71C0DEFF"}],"bounds":{"lowerRight":{"x":395,"y":330},"upperLeft":{"x":355,"y":290}},"dockers":[]},{"resourceId":"sid-EF964A1D-F152-45E6-9109-1F0BC2C184F4","properties":{"overrideid":"sid-EF964A1D-F152-45E6-9109-1F0BC2C184F4","name":"","documentation":"","conditionsequenceflow":"","executionlisteners":{"executionListeners":[]},"defaultflow":"false"},"stencil":{"id":"SequenceFlow"},"childShapes":[],"outgoing":[{"resourceId":"sid-8BF8F8C6-D973-4C6A-BB8A-D6B4EE6046C2"}],"bounds":{"lowerRight":{"x":355.1328125,"y":310},"upperLeft":{"x":310.4140625,"y":310}},"dockers":[{"x":50,"y":40},{"x":20,"y":20}],"target":{"resourceId":"sid-8BF8F8C6-D973-4C6A-BB8A-D6B4EE6046C2"}},{"resourceId":"sid-159608CF-6E96-418B-9BF6-2C603FE1BFF9","properties":{"overrideid":"sid-159608CF-6E96-418B-9BF6-2C603FE1BFF9","name":"Update Policy","documentation":"","asynchronousdefinition":false,"exclusivedefinition":false,"executionlisteners":{"executionListeners":[]},"multiinstance_type":"None","multiinstance_cardinality":"","multiinstance_collection":"","multiinstance_variable":"","multiinstance_condition":"","isforcompensation":false,"usertasksendemail":false,"usertaskassignment":{"assignment":{"type":"idm","idm":{"type":"initiator"}}},"formkeydefinition":"","formreference":{"id":2003,"name":"Update Policy Form"},"fieldstovariables":"","duedatedefinition":"","prioritydefinition":"","categorydefinition":"","formproperties":"","tasklisteners":{"taskListeners":[]},"emailtemplate":""},"stencil":{"id":"UserTask"},"childShapes":[],"outgoing":[{"resourceId":"sid-91A8BF94-E381-488A-BF74-7C6D235BDE31"}],"bounds":{"lowerRight":{"x":425,"y":470},"upperLeft":{"x":325,"y":390}},"dockers":[]},{"resourceId":"sid-C7FDA36D-D42A-4F80-A9E8-9DD695084D51","properties":{"overrideid":"sid-C7FDA36D-D42A-4F80-A9E8-9DD695084D51","name":"","documentation":"","asynchronousdefinition":false,"exclusivedefinition":false,"sequencefloworder":"","executionlisteners":{"executionListeners":[]}},"stencil":{"id":"ExclusiveGateway"},"childShapes":[],"outgoing":[{"resourceId":"sid-0DC2896F-20CB-4919-9AD6-A064B3CEA467"}],"bounds":{"lowerRight":{"x":635,"y":330},"upperLeft":{"x":595,"y":290}},"dockers":[]},{"resourceId":"sid-0DC2896F-20CB-4919-9AD6-A064B3CEA467","properties":{"overrideid":"sid-0DC2896F-20CB-4919-9AD6-A064B3CEA467","name":"","documentation":"","conditionsequenceflow":"","executionlisteners":{"executionListeners":[]},"defaultflow":"false"},"stencil":{"id":"SequenceFlow"},"childShapes":[],"outgoing":[{"resourceId":"sid-6259501B-1887-4E73-8979-FD74E564243D"}],"bounds":{"lowerRight":{"x":615,"y":290.4375},"upperLeft":{"x":615,"y":197.5625}},"dockers":[{"x":20,"y":20},{"x":20,"y":20}],"target":{"resourceId":"sid-6259501B-1887-4E73-8979-FD74E564243D"}},{"resourceId":"sid-035D33B4-E0F9-4EB4-9E00-051B71C0DEFF","properties":{"overrideid":"sid-035D33B4-E0F9-4EB4-9E00-051B71C0DEFF","name":"","documentation":"","conditionsequenceflow":"","executionlisteners":{"executionListeners":[]},"defaultflow":true},"stencil":{"id":"SequenceFlow"},"childShapes":[],"outgoing":[{"resourceId":"sid-C7FDA36D-D42A-4F80-A9E8-9DD695084D51"}],"bounds":{"lowerRight":{"x":595.25,"y":310},"upperLeft":{"x":394.75,"y":310}},"dockers":[{"x":20,"y":20},{"x":20,"y":20}],"target":{"resourceId":"sid-C7FDA36D-D42A-4F80-A9E8-9DD695084D51"}},{"resourceId":"sid-BB8FBFBF-2E50-4AA6-A8AD-898B43B08EFA","properties":{"overrideid":"sid-BB8FBFBF-2E50-4AA6-A8AD-898B43B08EFA","name":"","documentation":"","conditionsequenceflow":{"expression":{"index":"0","leftRestResponseId":"dataNeedsFixing","rightValue":"true","operator":"==","type":"variables"}},"executionlisteners":{"executionListeners":[]},"defaultflow":"false"},"stencil":{"id":"SequenceFlow"},"childShapes":[],"outgoing":[{"resourceId":"sid-159608CF-6E96-418B-9BF6-2C603FE1BFF9"}],"bounds":{"lowerRight":{"x":375,"y":389.625},"upperLeft":{"x":375,"y":329.75}},"dockers":[{"x":20,"y":20},{"x":50,"y":40}],"target":{"resourceId":"sid-159608CF-6E96-418B-9BF6-2C603FE1BFF9"}},{"resourceId":"sid-1B59ACC2-864A-4E25-87C5-9EE304B674D2","properties":{"overrideid":"sid-1B59ACC2-864A-4E25-87C5-9EE304B674D2","name":"","documentation":"","conditionsequenceflow":"","executionlisteners":{"executionListeners":[]},"defaultflow":"false"},"stencil":{"id":"SequenceFlow"},"childShapes":[],"outgoing":[{"resourceId":"sid-C7FDA36D-D42A-4F80-A9E8-9DD695084D51"}],"bounds":{"lowerRight":{"x":615,"y":389.625},"upperLeft":{"x":615,"y":329.75}},"dockers":[{"x":50,"y":40},{"x":20,"y":20}],"target":{"resourceId":"sid-C7FDA36D-D42A-4F80-A9E8-9DD695084D51"}},{"resourceId":"sid-7137FFFA-D656-4887-A3A8-6E08EFA513CC","properties":{"overrideid":"sid-7137FFFA-D656-4887-A3A8-6E08EFA513CC","name":"Update Policy","documentation":"","entityattributemapping":{"mappedDataModel":2007,"mappedEntity":"Policy","attributeMappings":[{"attributeName":"policyId","attributeType":"string","attributePrimaryKey":false,"attributeIdentity":false,"attributeRequired":false,"valueType":"variable","variable":{"id":"policyDetails.policyId","name":"policyDetails.policyId","type":"string"},"$$hashKey":"uiGrid-001H"},{"attributeName":"customerName","attributeType":"string","attributePrimaryKey":false,"attributeIdentity":false,"attributeRequired":false,"valueType":"variable","variable":{"id":"policyDetails.customerName","name":"policyDetails.customerName","type":"string"},"$$hashKey":"uiGrid-001J"},{"attributeName":"customerEmail","attributeType":"string","attributePrimaryKey":false,"attributeIdentity":false,"attributeRequired":false,"valueType":"field","formField":{"id":"newCustomerEmail","name":"New Customer Email","type":"text"},"$$hashKey":"uiGrid-001L"},{"attributeName":"contactNumber","attributeType":"string","attributePrimaryKey":false,"attributeIdentity":false,"attributeRequired":false,"valueType":"field","formField":{"id":"newContactNumber","name":"New Contact Number","type":"text"},"$$hashKey":"uiGrid-001N"}],"newVariableName":"var2"},"isforcompensation":false,"asynchronousdefinition":false,"executionlisteners":{"executionListeners":[]},"exclusivedefinition":false},"stencil":{"id":"StoreEntityTask"},"childShapes":[],"outgoing":[{"resourceId":"sid-1B59ACC2-864A-4E25-87C5-9EE304B674D2"}],"bounds":{"lowerRight":{"x":665,"y":470},"upperLeft":{"x":565,"y":390}},"dockers":[]},{"resourceId":"sid-91A8BF94-E381-488A-BF74-7C6D235BDE31","properties":{"overrideid":"sid-91A8BF94-E381-488A-BF74-7C6D235BDE31","name":"","documentation":"","conditionsequenceflow":"","executionlisteners":{"executionListeners":[]},"defaultflow":"false"},"stencil":{"id":"SequenceFlow"},"childShapes":[],"outgoing":[{"resourceId":"sid-7137FFFA-D656-4887-A3A8-6E08EFA513CC"}],"bounds":{"lowerRight":{"x":564.3125,"y":430},"upperLeft":{"x":425.6875,"y":430}},"dockers":[{"x":50,"y":40},{"x":50,"y":40}],"target":{"resourceId":"sid-7137FFFA-D656-4887-A3A8-6E08EFA513CC"}}],"bounds":{"lowerRight":{"x":1200,"y":1050},"upperLeft":{"x":0,"y":0}},"stencilset":{"url":"stencilsets/bpmn2.0/bpmn2.0.json","namespace":"http://b3mn.org/stencilset/bpmn2.0#"},"ssextensions":[]}