{"resourceId":2009,"properties":{"process_id":"CreatePolicy","name":"Create Policy","documentation":"","process_author":"","process_version":"","process_namespace":"http://www.activiti.org/processdef","executionlisteners":"{\"executionListeners\":[]}","eventlisteners":"{\"eventListeners\":[]}","signaldefinitions":"[]","messagedefinitions":"[]","executionvariables":"","metadata":""},"stencil":{"id":"BPMNDiagram"},"childShapes":[{"resourceId":"startEvent1","properties":{"overrideid":"startEvent1","name":"","documentation":"","executionlisteners":{"executionListeners":[]},"initiator":"","formkeydefinition":"","formreference":{"id":2004,"name":"Create Policy Form"},"fieldstovariables":"","formproperties":"","asynchronousdefinition":false,"exclusivedefinition":false},"stencil":{"id":"StartNoneEvent"},"childShapes":[],"outgoing":[{"resourceId":"sid-72D08015-779D-4C85-A441-2088CF1D391B"}],"bounds":{"lowerRight":{"x":130,"y":193},"upperLeft":{"x":100,"y":163}},"dockers":[]},{"resourceId":"sid-72D08015-779D-4C85-A441-2088CF1D391B","properties":{"overrideid":"sid-72D08015-779D-4C85-A441-2088CF1D391B","name":"","documentation":"","conditionsequenceflow":"","executionlisteners":{"executionListeners":[]},"defaultflow":"false"},"stencil":{"id":"SequenceFlow"},"childShapes":[],"outgoing":[{"resourceId":"sid-7D7569D7-3953-4252-9772-E2D3820A2EC6"}],"bounds":{"lowerRight":{"x":209.78125,"y":178},"upperLeft":{"x":130.609375,"y":175}},"dockers":[{"x":15,"y":15},{"x":170,"y":178},{"x":170,"y":175},{"x":50,"y":40}],"target":{"resourceId":"sid-7D7569D7-3953-4252-9772-E2D3820A2EC6"}},{"resourceId":"sid-FCB07906-B80C-4C38-B21A-46B7CE72706E","properties":{"overrideid":"sid-FCB07906-B80C-4C38-B21A-46B7CE72706E","name":"","documentation":"","executionlisteners":{"executionListeners":[]},"asynchronousdefinition":false,"exclusivedefinition":false},"stencil":{"id":"EndNoneEvent"},"childShapes":[],"outgoing":[],"bounds":{"lowerRight":{"x":433,"y":192},"upperLeft":{"x":405,"y":164}},"dockers":[]},{"resourceId":"sid-7D7569D7-3953-4252-9772-E2D3820A2EC6","properties":{"overrideid":"sid-7D7569D7-3953-4252-9772-E2D3820A2EC6","name":"Save Policy","documentation":"","entityattributemapping":{"mappedDataModel":2007,"mappedEntity":"Policy","attributeMappings":[{"attributeName":"policyId","attributeType":"string","attributePrimaryKey":false,"attributeIdentity":false,"attributeRequired":false,"valueType":"field","formField":{"id":"policyId","name":"Policy ID","type":"text"},"$$hashKey":"uiGrid-0009"},{"attributeName":"customerName","attributeType":"string","attributePrimaryKey":false,"attributeIdentity":false,"attributeRequired":false,"valueType":"field","formField":{"id":"customerName","name":"Customer Name","type":"text"},"$$hashKey":"uiGrid-000B"},{"attributeName":"customerEmail","attributeType":"string","attributePrimaryKey":false,"attributeIdentity":false,"attributeRequired":false,"valueType":"field","formField":{"id":"customerEmail","name":"Customer Email","type":"text"},"$$hashKey":"uiGrid-000D"},{"attributeName":"contactNumber","attributeType":"string","attributePrimaryKey":false,"attributeIdentity":false,"attributeRequired":false,"valueType":"field","formField":{"id":"contactNumber","name":"Contact Number","type":"text"},"$$hashKey":"uiGrid-000F"}],"newVariableName":"var"},"executionlisteners":{"executionListeners":[]},"isforcompensation":false,"asynchronousdefinition":false,"exclusivedefinition":false},"stencil":{"id":"StoreEntityTask"},"childShapes":[],"outgoing":[{"resourceId":"sid-B6B34462-D30C-4F30-88E1-A2D17ADFEDA5"}],"bounds":{"lowerRight":{"x":310,"y":215},"upperLeft":{"x":210,"y":135}},"dockers":[]},{"resourceId":"sid-B6B34462-D30C-4F30-88E1-A2D17ADFEDA5","properties":{"overrideid":"","name":"","documentation":"","conditionsequenceflow":"","executionlisteners":"","defaultflow":"false","showdiamondmarker":false},"stencil":{"id":"SequenceFlow"},"childShapes":[],"outgoing":[{"resourceId":"sid-FCB07906-B80C-4C38-B21A-46B7CE72706E"}],"bounds":{"lowerRight":{"x":404.3361154517765,"y":177.72332293305237},"upperLeft":{"x":310.6873220482235,"y":175.95636456694763}},"dockers":[{"x":50,"y":40},{"x":14,"y":14}],"target":{"resourceId":"sid-FCB07906-B80C-4C38-B21A-46B7CE72706E"}}],"bounds":{"lowerRight":{"x":1200,"y":1050},"upperLeft":{"x":0,"y":0}},"stencilset":{"url":"stencilsets/bpmn2.0/bpmn2.0.json","namespace":"http://b3mn.org/stencilset/bpmn2.0#"},"ssextensions":[]}