<?xml version='1.0' encoding='UTF-8'?>
<definitions xmlns="http://www.omg.org/spec/BPMN/20100524/MODEL" xmlns:xsi="http://www.w3.org/2001/XMLSchema-instance" xmlns:xsd="http://www.w3.org/2001/XMLSchema" xmlns:activiti="http://activiti.org/bpmn" xmlns:bpmndi="http://www.omg.org/spec/BPMN/20100524/DI" xmlns:omgdc="http://www.omg.org/spec/DD/20100524/DC" xmlns:omgdi="http://www.omg.org/spec/DD/20100524/DI" typeLanguage="http://www.w3.org/2001/XMLSchema" expressionLanguage="http://www.w3.org/1999/XPath" targetNamespace="http://www.activiti.org/processdef" xmlns:modeler="http://activiti.com/modeler" modeler:version="1.0en" modeler:exportDateTime="20170327092946508" modeler:modelId="2009" modeler:modelVersion="12" modeler:modelLastUpdated="1490624968903">
  <process id="CreatePolicy" name="Create Policy" isExecutable="true">
    <startEvent id="startEvent1" activiti:formKey="2004">
      <extensionElements>
        <modeler:form-reference-id><![CDATA[2004]]></modeler:form-reference-id>
        <modeler:form-reference-name><![CDATA[Create Policy Form]]></modeler:form-reference-name>
        <modeler:editor-resource-id><![CDATA[startEvent1]]></modeler:editor-resource-id>
      </extensionElements>
    </startEvent>
    <sequenceFlow id="sid-72D08015-779D-4C85-A441-2088CF1D391B" sourceRef="startEvent1" targetRef="sid-7D7569D7-3953-4252-9772-E2D3820A2EC6">
      <extensionElements>
        <modeler:editor-resource-id><![CDATA[sid-72D08015-779D-4C85-A441-2088CF1D391B]]></modeler:editor-resource-id>
      </extensionElements>
    </sequenceFlow>
    <endEvent id="sid-FCB07906-B80C-4C38-B21A-46B7CE72706E">
      <extensionElements>
        <modeler:editor-resource-id><![CDATA[sid-FCB07906-B80C-4C38-B21A-46B7CE72706E]]></modeler:editor-resource-id>
      </extensionElements>
    </endEvent>
    <serviceTask id="sid-7D7569D7-3953-4252-9772-E2D3820A2EC6" name="Save Policy" activiti:delegateExpression="${activiti_storeEntityDelegate}">
      <extensionElements>
        <modeler:entity-attribute-mapping modeler:mappedDataModel="2007" modeler:mappedEntity="Policy" modeler:newVariableName="var">
          <modeler:attribute-element-mapping modeler:attribute-name="policyId" modeler:form-field-id="policyId" modeler:form-field-name="Policy ID" modeler:form-field-type="text"/>
          <modeler:attribute-element-mapping modeler:attribute-name="customerName" modeler:form-field-id="customerName" modeler:form-field-name="Customer Name" modeler:form-field-type="text"/>
          <modeler:attribute-element-mapping modeler:attribute-name="customerEmail" modeler:form-field-id="customerEmail" modeler:form-field-name="Customer Email" modeler:form-field-type="text"/>
          <modeler:attribute-element-mapping modeler:attribute-name="contactNumber" modeler:form-field-id="contactNumber" modeler:form-field-name="Contact Number" modeler:form-field-type="text"/>
        </modeler:entity-attribute-mapping>
        <modeler:editor-resource-id><![CDATA[sid-7D7569D7-3953-4252-9772-E2D3820A2EC6]]></modeler:editor-resource-id>
      </extensionElements>
    </serviceTask>
    <sequenceFlow id="sid-B6B34462-D30C-4F30-88E1-A2D17ADFEDA5" sourceRef="sid-7D7569D7-3953-4252-9772-E2D3820A2EC6" targetRef="sid-FCB07906-B80C-4C38-B21A-46B7CE72706E">
      <extensionElements>
        <modeler:editor-resource-id><![CDATA[sid-B6B34462-D30C-4F30-88E1-A2D17ADFEDA5]]></modeler:editor-resource-id>
      </extensionElements>
    </sequenceFlow>
  </process>
  <bpmndi:BPMNDiagram id="BPMNDiagram_CreatePolicy">
    <bpmndi:BPMNPlane bpmnElement="CreatePolicy" id="BPMNPlane_CreatePolicy">
      <bpmndi:BPMNShape bpmnElement="startEvent1" id="BPMNShape_startEvent1">
        <omgdc:Bounds height="30.0" width="30.0" x="100.0" y="163.0"/>
      </bpmndi:BPMNShape>
      <bpmndi:BPMNShape bpmnElement="sid-FCB07906-B80C-4C38-B21A-46B7CE72706E" id="BPMNShape_sid-FCB07906-B80C-4C38-B21A-46B7CE72706E">
        <omgdc:Bounds height="28.0" width="28.0" x="405.0" y="164.0"/>
      </bpmndi:BPMNShape>
      <bpmndi:BPMNShape bpmnElement="sid-7D7569D7-3953-4252-9772-E2D3820A2EC6" id="BPMNShape_sid-7D7569D7-3953-4252-9772-E2D3820A2EC6">
        <omgdc:Bounds height="80.0" width="100.0" x="210.0" y="135.0"/>
      </bpmndi:BPMNShape>
      <bpmndi:BPMNEdge bpmnElement="sid-72D08015-779D-4C85-A441-2088CF1D391B" id="BPMNEdge_sid-72D08015-779D-4C85-A441-2088CF1D391B">
        <omgdi:waypoint x="130.0" y="178.0"/>
        <omgdi:waypoint x="170.0" y="178.0"/>
        <omgdi:waypoint x="170.0" y="175.0"/>
        <omgdi:waypoint x="210.0" y="175.0"/>
      </bpmndi:BPMNEdge>
      <bpmndi:BPMNEdge bpmnElement="sid-B6B34462-D30C-4F30-88E1-A2D17ADFEDA5" id="BPMNEdge_sid-B6B34462-D30C-4F30-88E1-A2D17ADFEDA5">
        <omgdi:waypoint x="310.0" y="175.9433962264151"/>
        <omgdi:waypoint x="405.0024913248707" y="177.73589606273342"/>
      </bpmndi:BPMNEdge>
    </bpmndi:BPMNPlane>
  </bpmndi:BPMNDiagram>
</definitions>