<?xml version='1.0' encoding='UTF-8'?>
<definitions xmlns="http://www.omg.org/spec/BPMN/20100524/MODEL" xmlns:xsi="http://www.w3.org/2001/XMLSchema-instance" xmlns:xsd="http://www.w3.org/2001/XMLSchema" xmlns:activiti="http://activiti.org/bpmn" xmlns:bpmndi="http://www.omg.org/spec/BPMN/20100524/DI" xmlns:omgdc="http://www.omg.org/spec/DD/20100524/DC" xmlns:omgdi="http://www.omg.org/spec/DD/20100524/DI" typeLanguage="http://www.w3.org/2001/XMLSchema" expressionLanguage="http://www.w3.org/1999/XPath" targetNamespace="http://www.activiti.org/processdef" xmlns:modeler="http://activiti.com/modeler" modeler:version="1.0en" modeler:exportDateTime="20170420104409252" modeler:modelId="13016" modeler:modelVersion="14" modeler:modelLastUpdated="1492701645703">
  <process id="rich-text-editor" name="rich-text-editor" isExecutable="true">
    <startEvent id="startEvent1">
      <extensionElements>
        <modeler:editor-resource-id><![CDATA[startEvent1]]></modeler:editor-resource-id>
      </extensionElements>
    </startEvent>
    <userTask id="sid-D36BD592-35C5-48CE-9E44-76898B736B72" name="Rich Text Editor Edit Mode" activiti:assignee="$INITIATOR" activiti:formKey="13018">
      <extensionElements>
        <modeler:allow-send-email><![CDATA[true]]></modeler:allow-send-email>
        <modeler:form-reference-id><![CDATA[13018]]></modeler:form-reference-id>
        <modeler:form-reference-name><![CDATA[edit-form]]></modeler:form-reference-name>
        <modeler:activiti-idm-initiator><![CDATA[true]]></modeler:activiti-idm-initiator>
        <modeler:editor-resource-id><![CDATA[sid-D36BD592-35C5-48CE-9E44-76898B736B72]]></modeler:editor-resource-id>
      </extensionElements>
    </userTask>
    <sequenceFlow id="sid-88D19B76-C392-45E8-8F90-992CEBB7B9CC" sourceRef="startEvent1" targetRef="sid-D36BD592-35C5-48CE-9E44-76898B736B72">
      <extensionElements>
        <modeler:editor-resource-id><![CDATA[sid-88D19B76-C392-45E8-8F90-992CEBB7B9CC]]></modeler:editor-resource-id>
      </extensionElements>
    </sequenceFlow>
    <userTask id="sid-5C4FB65B-F516-4CE8-805B-5D5CE767D173" name="Rich Text Editor Read Mode" activiti:assignee="$INITIATOR" activiti:formKey="13019">
      <extensionElements>
        <modeler:allow-send-email><![CDATA[true]]></modeler:allow-send-email>
        <modeler:form-reference-id><![CDATA[13019]]></modeler:form-reference-id>
        <modeler:form-reference-name><![CDATA[view-form]]></modeler:form-reference-name>
        <modeler:activiti-idm-initiator><![CDATA[true]]></modeler:activiti-idm-initiator>
        <modeler:editor-resource-id><![CDATA[sid-5C4FB65B-F516-4CE8-805B-5D5CE767D173]]></modeler:editor-resource-id>
      </extensionElements>
    </userTask>
    <sequenceFlow id="sid-57FB877B-E048-4398-ADEB-F21CE581A400" sourceRef="sid-D36BD592-35C5-48CE-9E44-76898B736B72" targetRef="sid-5C4FB65B-F516-4CE8-805B-5D5CE767D173">
      <extensionElements>
        <modeler:editor-resource-id><![CDATA[sid-57FB877B-E048-4398-ADEB-F21CE581A400]]></modeler:editor-resource-id>
      </extensionElements>
    </sequenceFlow>
    <endEvent id="sid-440D92EB-2DB9-41BC-870A-C4303C182360">
      <extensionElements>
        <modeler:editor-resource-id><![CDATA[sid-440D92EB-2DB9-41BC-870A-C4303C182360]]></modeler:editor-resource-id>
      </extensionElements>
    </endEvent>
    <sequenceFlow id="sid-26B18470-BB28-4D98-8DFD-CC8A3C3EDB0C" sourceRef="sid-5C4FB65B-F516-4CE8-805B-5D5CE767D173" targetRef="sid-440D92EB-2DB9-41BC-870A-C4303C182360">
      <extensionElements>
        <modeler:editor-resource-id><![CDATA[sid-26B18470-BB28-4D98-8DFD-CC8A3C3EDB0C]]></modeler:editor-resource-id>
      </extensionElements>
    </sequenceFlow>
  </process>
  <bpmndi:BPMNDiagram id="BPMNDiagram_rich-text-editor">
    <bpmndi:BPMNPlane bpmnElement="rich-text-editor" id="BPMNPlane_rich-text-editor">
      <bpmndi:BPMNShape bpmnElement="startEvent1" id="BPMNShape_startEvent1">
        <omgdc:Bounds height="30.0" width="30.0" x="100.0" y="163.0"/>
      </bpmndi:BPMNShape>
      <bpmndi:BPMNShape bpmnElement="sid-D36BD592-35C5-48CE-9E44-76898B736B72" id="BPMNShape_sid-D36BD592-35C5-48CE-9E44-76898B736B72">
        <omgdc:Bounds height="80.0" width="100.0" x="210.0" y="138.0"/>
      </bpmndi:BPMNShape>
      <bpmndi:BPMNShape bpmnElement="sid-5C4FB65B-F516-4CE8-805B-5D5CE767D173" id="BPMNShape_sid-5C4FB65B-F516-4CE8-805B-5D5CE767D173">
        <omgdc:Bounds height="80.0" width="100.0" x="400.0" y="138.0"/>
      </bpmndi:BPMNShape>
      <bpmndi:BPMNShape bpmnElement="sid-440D92EB-2DB9-41BC-870A-C4303C182360" id="BPMNShape_sid-440D92EB-2DB9-41BC-870A-C4303C182360">
        <omgdc:Bounds height="28.0" width="28.0" x="645.0" y="164.0"/>
      </bpmndi:BPMNShape>
      <bpmndi:BPMNEdge bpmnElement="sid-26B18470-BB28-4D98-8DFD-CC8A3C3EDB0C" id="BPMNEdge_sid-26B18470-BB28-4D98-8DFD-CC8A3C3EDB0C">
        <omgdi:waypoint x="500.0" y="178.0"/>
        <omgdi:waypoint x="645.0" y="178.0"/>
      </bpmndi:BPMNEdge>
      <bpmndi:BPMNEdge bpmnElement="sid-88D19B76-C392-45E8-8F90-992CEBB7B9CC" id="BPMNEdge_sid-88D19B76-C392-45E8-8F90-992CEBB7B9CC">
        <omgdi:waypoint x="130.0" y="178.0"/>
        <omgdi:waypoint x="210.0" y="178.0"/>
      </bpmndi:BPMNEdge>
      <bpmndi:BPMNEdge bpmnElement="sid-57FB877B-E048-4398-ADEB-F21CE581A400" id="BPMNEdge_sid-57FB877B-E048-4398-ADEB-F21CE581A400">
        <omgdi:waypoint x="310.0" y="178.0"/>
        <omgdi:waypoint x="400.0" y="178.0"/>
      </bpmndi:BPMNEdge>
    </bpmndi:BPMNPlane>
  </bpmndi:BPMNDiagram>
</definitions>