{"resourceId":13016,"properties":{"process_id":"rich-text-editor","name":"rich-text-editor","documentation":"","process_author":"","process_version":"","process_namespace":"http://www.activiti.org/processdef","executionlisteners":"","eventlisteners":"","signaldefinitions":"","messagedefinitions":"","executionvariables":"","metadata":""},"stencil":{"id":"BPMNDiagram"},"childShapes":[{"resourceId":"startEvent1","properties":{"overrideid":"","name":"","documentation":"","executionlisteners":"","initiator":"","formkeydefinition":"","formreference":"","fieldstovariables":"","formproperties":""},"stencil":{"id":"StartNoneEvent"},"childShapes":[],"outgoing":[{"resourceId":"sid-88D19B76-C392-45E8-8F90-992CEBB7B9CC"}],"bounds":{"lowerRight":{"x":130,"y":193},"upperLeft":{"x":100,"y":163}},"dockers":[]},{"resourceId":"sid-D36BD592-35C5-48CE-9E44-76898B736B72","properties":{"overrideid":"","name":"Rich Text Editor Edit Mode","documentation":"","asynchronousdefinition":"false","exclusivedefinition":"false","executionlisteners":"","multiinstance_type":"None","multiinstance_cardinality":"","multiinstance_collection":"","multiinstance_variable":"","multiinstance_condition":"","isforcompensation":"false","usertasksendemail":true,"usertaskassignment":"","formkeydefinition":"","formreference":{"id":13018,"name":"edit-form","referenceId":13016},"fieldstovariables":"","duedatedefinition":"","prioritydefinition":"","categorydefinition":"","formproperties":"","tasklisteners":"","emailtemplate":""},"stencil":{"id":"UserTask"},"childShapes":[],"outgoing":[{"resourceId":"sid-57FB877B-E048-4398-ADEB-F21CE581A400"}],"bounds":{"lowerRight":{"x":310,"y":218},"upperLeft":{"x":210,"y":138}},"dockers":[]},{"resourceId":"sid-88D19B76-C392-45E8-8F90-992CEBB7B9CC","properties":{"overrideid":"","name":"","documentation":"","conditionsequenceflow":"","executionlisteners":"","defaultflow":"false"},"stencil":{"id":"SequenceFlow"},"childShapes":[],"outgoing":[{"resourceId":"sid-D36BD592-35C5-48CE-9E44-76898B736B72"}],"bounds":{"lowerRight":{"x":209.15625,"y":178},"upperLeft":{"x":130.7265625,"y":178}},"dockers":[{"x":15,"y":15},{"x":50,"y":40}],"target":{"resourceId":"sid-D36BD592-35C5-48CE-9E44-76898B736B72"}},{"resourceId":"sid-5C4FB65B-F516-4CE8-805B-5D5CE767D173","properties":{"overrideid":"","name":"Rich Text Editor Read Mode","documentation":"","asynchronousdefinition":"false","exclusivedefinition":"false","executionlisteners":"","multiinstance_type":"None","multiinstance_cardinality":"","multiinstance_collection":"","multiinstance_variable":"","multiinstance_condition":"","isforcompensation":"false","usertasksendemail":true,"usertaskassignment":"","formkeydefinition":"","formreference":{"id":13019,"name":"view-form","referenceId":13016},"fieldstovariables":"","duedatedefinition":"","prioritydefinition":"","categorydefinition":"","formproperties":"","tasklisteners":"","emailtemplate":""},"stencil":{"id":"UserTask"},"childShapes":[],"outgoing":[{"resourceId":"sid-26B18470-BB28-4D98-8DFD-CC8A3C3EDB0C"}],"bounds":{"lowerRight":{"x":500,"y":218},"upperLeft":{"x":400,"y":138}},"dockers":[]},{"resourceId":"sid-57FB877B-E048-4398-ADEB-F21CE581A400","properties":{"overrideid":"","name":"","documentation":"","conditionsequenceflow":"","executionlisteners":"","defaultflow":"false"},"stencil":{"id":"SequenceFlow"},"childShapes":[],"outgoing":[{"resourceId":"sid-5C4FB65B-F516-4CE8-805B-5D5CE767D173"}],"bounds":{"lowerRight":{"x":399.2734375,"y":178},"upperLeft":{"x":310.7265625,"y":178}},"dockers":[{"x":50,"y":40},{"x":50,"y":40}],"target":{"resourceId":"sid-5C4FB65B-F516-4CE8-805B-5D5CE767D173"}},{"resourceId":"sid-440D92EB-2DB9-41BC-870A-C4303C182360","properties":{"overrideid":"","name":"","documentation":"","executionlisteners":""},"stencil":{"id":"EndNoneEvent"},"childShapes":[],"outgoing":[],"bounds":{"lowerRight":{"x":673,"y":192},"upperLeft":{"x":645,"y":164}},"dockers":[]},{"resourceId":"sid-26B18470-BB28-4D98-8DFD-CC8A3C3EDB0C","properties":{"overrideid":"","name":"","documentation":"","conditionsequenceflow":"","executionlisteners":"","defaultflow":"false"},"stencil":{"id":"SequenceFlow"},"childShapes":[],"outgoing":[{"resourceId":"sid-440D92EB-2DB9-41BC-870A-C4303C182360"}],"bounds":{"lowerRight":{"x":644.9375,"y":178},"upperLeft":{"x":500.80078125,"y":178}},"dockers":[{"x":50,"y":40},{"x":14,"y":14}],"target":{"resourceId":"sid-440D92EB-2DB9-41BC-870A-C4303C182360"}}],"bounds":{"lowerRight":{"x":1200,"y":1050},"upperLeft":{"x":0,"y":0}},"stencilset":{"url":"stencilsets/bpmn2.0/bpmn2.0.json","namespace":"http://b3mn.org/stencilset/bpmn2.0#"},"ssextensions":[]}