{"referenceId":35063,"name":"sub-process-signal","description":"","editorJson":{"resourceId":35064,"properties":{"process_id":"sub-process-signal","name":"sub-process-signal","documentation":"","process_author":"","process_version":"","process_namespace":"http://www.activiti.org/processdef","executionlisteners":"","eventlisteners":"","signaldefinitions":"[{\"id\":\"signal-ref\",\"name\":\"mysignal\",\"scope\":\"processInstance\",\"$$hashKey\":\"uiGrid-0058\"}]","messagedefinitions":"","executionvariables":"","metadata":""},"stencil":{"id":"BPMNDiagram"},"childShapes":[{"resourceId":"startEvent1","properties":{"overrideid":"","name":"","documentation":"","executionlisteners":"","initiator":"","formkeydefinition":"","formreference":"","fieldstovariables":"","formproperties":""},"stencil":{"id":"StartNoneEvent"},"childShapes":[],"outgoing":[{"resourceId":"sid-3A355B16-AED7-4ED8-9CB8-92CF445C1812"}],"bounds":{"lowerRight":{"x":120,"y":180},"upperLeft":{"x":90,"y":150}},"dockers":[]},{"resourceId":"sid-EC10F8D3-F261-4D3A-8EFC-FA9CCA8CAE25","properties":{"overrideid":"","name":"Task to be completed via signal","documentation":"","asynchronousdefinition":"false","exclusivedefinition":"false","executionlisteners":"","multiinstance_type":"None","multiinstance_cardinality":"","multiinstance_collection":"","multiinstance_variable":"","multiinstance_condition":"","isforcompensation":"false","usertasksendemail":true,"usertaskassignment":"","formkeydefinition":"","formreference":"","fieldstovariables":"","duedatedefinition":"","prioritydefinition":"","categorydefinition":"","formproperties":"","tasklisteners":"","emailtemplate":""},"stencil":{"id":"UserTask"},"childShapes":[],"outgoing":[{"resourceId":"sid-3C5E5CAF-487A-4ED8-9873-1C4E04959277"},{"resourceId":"sid-49B663AE-1F97-4034-BEC9-B2C6D15047C5"}],"bounds":{"lowerRight":{"x":295,"y":205},"upperLeft":{"x":195,"y":125}},"dockers":[]},{"resourceId":"sid-3A355B16-AED7-4ED8-9CB8-92CF445C1812","properties":{"overrideid":"","name":"","documentation":"","conditionsequenceflow":"","executionlisteners":"","defaultflow":"false"},"stencil":{"id":"SequenceFlow"},"childShapes":[],"outgoing":[{"resourceId":"sid-EC10F8D3-F261-4D3A-8EFC-FA9CCA8CAE25"}],"bounds":{"lowerRight":{"x":194.78125,"y":165},"upperLeft":{"x":120.21875,"y":165}},"dockers":[{"x":15,"y":15},{"x":50,"y":40}],"target":{"resourceId":"sid-EC10F8D3-F261-4D3A-8EFC-FA9CCA8CAE25"}},{"resourceId":"sid-A0BC066E-2552-482B-A9E2-79164D78DA8B","properties":{"overrideid":"","name":"","documentation":"","executionlisteners":""},"stencil":{"id":"EndNoneEvent"},"childShapes":[],"outgoing":[],"bounds":{"lowerRight":{"x":458,"y":179},"upperLeft":{"x":430,"y":151}},"dockers":[]},{"resourceId":"sid-3C5E5CAF-487A-4ED8-9873-1C4E04959277","properties":{"overrideid":"","name":"","documentation":"","conditionsequenceflow":"","executionlisteners":"","defaultflow":"false"},"stencil":{"id":"SequenceFlow"},"childShapes":[],"outgoing":[{"resourceId":"sid-A0BC066E-2552-482B-A9E2-79164D78DA8B"}],"bounds":{"lowerRight":{"x":429.0078125,"y":165},"upperLeft":{"x":295.75,"y":165}},"dockers":[{"x":50,"y":40},{"x":14,"y":14}],"target":{"resourceId":"sid-A0BC066E-2552-482B-A9E2-79164D78DA8B"}},{"resourceId":"sid-49B663AE-1F97-4034-BEC9-B2C6D15047C5","properties":{"overrideid":"","name":"","documentation":"","signalref":"signal-ref","cancelactivity":true},"stencil":{"id":"BoundarySignalEvent"},"childShapes":[],"outgoing":[{"resourceId":"sid-1035ADB3-93BD-402E-94E2-7B70BDEBD226"}],"bounds":{"lowerRight":{"x":295.0430349125774,"y":139.98943747686434},"upperLeft":{"x":265.0430349125774,"y":109.98943747686434}},"dockers":[{"x":82.40625,"y":3}]},{"resourceId":"sid-0B7C3821-CF19-477A-B9D1-8F30BFAEE320","properties":{"overrideid":"","name":"","documentation":"","executionlisteners":""},"stencil":{"id":"EndNoneEvent"},"childShapes":[],"outgoing":[],"bounds":{"lowerRight":{"x":433,"y":103},"upperLeft":{"x":405,"y":75}},"dockers":[]},{"resourceId":"sid-1035ADB3-93BD-402E-94E2-7B70BDEBD226","properties":{"overrideid":"","name":"","documentation":"","conditionsequenceflow":"","executionlisteners":"","defaultflow":"false"},"stencil":{"id":"SequenceFlow"},"childShapes":[],"outgoing":[{"resourceId":"sid-0B7C3821-CF19-477A-B9D1-8F30BFAEE320"}],"bounds":{"lowerRight":{"x":404.9727845230541,"y":109.3687285018882},"upperLeft":{"x":280.0430349125774,"y":89}},"dockers":[{"x":15,"y":15},{"x":280.0430349125774,"y":89},{"x":14,"y":14}],"target":{"resourceId":"sid-0B7C3821-CF19-477A-B9D1-8F30BFAEE320"}}],"bounds":{"lowerRight":{"x":1200,"y":1050},"upperLeft":{"x":0,"y":0}},"stencilset":{"url":"stencilsets/bpmn2.0/bpmn2.0.json","namespace":"http://b3mn.org/stencilset/bpmn2.0#"},"ssextensions":[]}}