{"name":"InsuranceProcessSuite","description":null,"definition":{"models":[{"id":10046,"name":"Insurance Claim Process","version":8,"modelType":0,"description":"","stencilSetId":null,"createdByFullName":" Administrator","createdBy":1,"lastUpdatedByFullName":" Administrator","lastUpdatedBy":1,"lastUpdated":"2017-05-31T05:01:23.817+0000"},{"id":10047,"name":"Create New Insurance Policy","version":8,"modelType":0,"description":"","stencilSetId":3,"createdByFullName":" Administrator","createdBy":1,"lastUpdatedByFullName":" Administrator","lastUpdatedBy":1,"lastUpdated":"2017-05-31T05:01:23.835+0000"}],"theme":"theme-8","icon":"glyphicon-home","publishIdentityInfo":[]}}