{"models":[{"id":2008,"name":"Claims Process","version":1,"modelType":0,"description":"","stencilSetId":null,"createdByFullName":" Administrator","createdBy":1,"lastUpdatedByFullName":" Administrator","lastUpdatedBy":1,"lastUpdated":"2017-03-27T04:17:57.443+0000"},{"id":2009,"name":"Create Policy","version":1,"modelType":0,"description":null,"stencilSetId":null,"createdByFullName":" Administrator","createdBy":1,"lastUpdatedByFullName":" Administrator","lastUpdatedBy":1,"lastUpdated":"2017-03-27T04:17:59.610+0000"}],"theme":"theme-1","icon":"glyphicon-asterisk","publishIdentityInfo":[]}