{"models":[{"id":2008,"name":"Claims Process","version":13,"modelType":0,"description":"","stencilSetId":null,"createdByFullName":" Administrator","createdBy":1,"lastUpdatedByFullName":" Administrator","lastUpdatedBy":1,"lastUpdated":"2017-03-30T20:54:06.941+0000"},{"id":2009,"name":"Create Policy","version":13,"modelType":0,"description":null,"stencilSetId":null,"createdByFullName":" Administrator","createdBy":1,"lastUpdatedByFullName":" Administrator","lastUpdatedBy":1,"lastUpdated":"2017-03-30T20:54:06.991+0000"}],"theme":"theme-1","icon":"glyphicon-asterisk","publishIdentityInfo":[]}