<?xml version='1.0' encoding='UTF-8'?>
<definitions xmlns="http://www.omg.org/spec/BPMN/20100524/MODEL" xmlns:xsi="http://www.w3.org/2001/XMLSchema-instance" xmlns:xsd="http://www.w3.org/2001/XMLSchema" xmlns:activiti="http://activiti.org/bpmn" xmlns:bpmndi="http://www.omg.org/spec/BPMN/20100524/DI" xmlns:omgdc="http://www.omg.org/spec/DD/20100524/DC" xmlns:omgdi="http://www.omg.org/spec/DD/20100524/DI" typeLanguage="http://www.w3.org/2001/XMLSchema" expressionLanguage="http://www.w3.org/1999/XPath" targetNamespace="http://www.activiti.org/processdef" xmlns:modeler="http://activiti.com/modeler" modeler:version="1.0en" modeler:exportDateTime="20180131110612309" modeler:modelId="35063" modeler:modelVersion="5" modeler:modelLastUpdated="1517425541489">
  <signal id="signal-ref" name="mysignal" activiti:scope="processInstance"/>
  <process id="parent-signal-thrown" name="parent-signal-thrown" isExecutable="true">
    <startEvent id="startEvent1">
      <extensionElements>
        <modeler:editor-resource-id><![CDATA[startEvent1]]></modeler:editor-resource-id>
      </extensionElements>
    </startEvent>
    <sequenceFlow id="sid-C43DFE1C-8730-4A54-A25A-FC99B21D110D" sourceRef="startEvent1" targetRef="sid-284DCA77-63EF-42CC-AA4E-41787F30A40B">
      <extensionElements>
        <modeler:editor-resource-id><![CDATA[sid-C43DFE1C-8730-4A54-A25A-FC99B21D110D]]></modeler:editor-resource-id>
      </extensionElements>
    </sequenceFlow>
    <parallelGateway id="sid-284DCA77-63EF-42CC-AA4E-41787F30A40B">
      <extensionElements>
        <modeler:editor-resource-id><![CDATA[sid-284DCA77-63EF-42CC-AA4E-41787F30A40B]]></modeler:editor-resource-id>
      </extensionElements>
    </parallelGateway>
    <intermediateCatchEvent id="sid-759375DB-FDC9-4B66-BAD0-00B40620A343">
      <extensionElements>
        <modeler:editor-resource-id><![CDATA[sid-759375DB-FDC9-4B66-BAD0-00B40620A343]]></modeler:editor-resource-id>
      </extensionElements>
      <timerEventDefinition>
        <timeDate>PT10S</timeDate>
      </timerEventDefinition>
    </intermediateCatchEvent>
    <sequenceFlow id="sid-8A50AC49-7A2D-42AC-864B-95CA43C35110" sourceRef="sid-284DCA77-63EF-42CC-AA4E-41787F30A40B" targetRef="sid-759375DB-FDC9-4B66-BAD0-00B40620A343">
      <extensionElements>
        <modeler:editor-resource-id><![CDATA[sid-8A50AC49-7A2D-42AC-864B-95CA43C35110]]></modeler:editor-resource-id>
      </extensionElements>
    </sequenceFlow>
    <sequenceFlow id="sid-42DF1CB1-D485-48BF-8676-56B63AA211BF" sourceRef="sid-759375DB-FDC9-4B66-BAD0-00B40620A343" targetRef="sid-A85F14DF-51D6-485A-925B-9299ED2ADA02">
      <extensionElements>
        <modeler:editor-resource-id><![CDATA[sid-42DF1CB1-D485-48BF-8676-56B63AA211BF]]></modeler:editor-resource-id>
      </extensionElements>
    </sequenceFlow>
    <intermediateThrowEvent id="sid-A85F14DF-51D6-485A-925B-9299ED2ADA02">
      <extensionElements>
        <modeler:editor-resource-id><![CDATA[sid-A85F14DF-51D6-485A-925B-9299ED2ADA02]]></modeler:editor-resource-id>
      </extensionElements>
      <signalEventDefinition signalRef="signal-ref"/>
    </intermediateThrowEvent>
    <sequenceFlow id="sid-CBA81AA2-12C0-460C-B8E2-F1FEB92AF1AD" sourceRef="sid-A85F14DF-51D6-485A-925B-9299ED2ADA02" targetRef="sid-09E36914-8749-4269-BA6B-30975D7DA5DA">
      <extensionElements>
        <modeler:editor-resource-id><![CDATA[sid-CBA81AA2-12C0-460C-B8E2-F1FEB92AF1AD]]></modeler:editor-resource-id>
      </extensionElements>
    </sequenceFlow>
    <parallelGateway id="sid-09E36914-8749-4269-BA6B-30975D7DA5DA">
      <extensionElements>
        <modeler:editor-resource-id><![CDATA[sid-09E36914-8749-4269-BA6B-30975D7DA5DA]]></modeler:editor-resource-id>
      </extensionElements>
    </parallelGateway>
    <subProcess id="sub-proc" name="subProcess">
      <extensionElements>
        <modeler:subprocess-id><![CDATA[35064]]></modeler:subprocess-id>
        <modeler:subprocess-name><![CDATA[sub-process-signal]]></modeler:subprocess-name>
        <modeler:subprocess-original-width><![CDATA[100.0]]></modeler:subprocess-original-width>
        <modeler:subprocess-original-height><![CDATA[80.0]]></modeler:subprocess-original-height>
        <modeler:subprocess-width-difference><![CDATA[398.0]]></modeler:subprocess-width-difference>
        <modeler:subprocess-height-difference><![CDATA[165.0]]></modeler:subprocess-height-difference>
        <modeler:editor-resource-id><![CDATA[sid-10315BBB-FD18-4D63-91DB-AD37CE7471AA]]></modeler:editor-resource-id>
      </extensionElements>
      <startEvent id="sub-sub-proc-node1">
        <extensionElements>
          <modeler:editor-resource-id><![CDATA[sub-sub-proc-node1]]></modeler:editor-resource-id>
          <modeler:subprocess-element-id><![CDATA[startEvent1]]></modeler:subprocess-element-id>
        </extensionElements>
      </startEvent>
      <userTask id="sub-sub-proc-node2" name="Task to be completed via signal" activiti:assignee="$INITIATOR">
        <extensionElements>
          <modeler:allow-send-email><![CDATA[true]]></modeler:allow-send-email>
          <modeler:activiti-idm-initiator><![CDATA[true]]></modeler:activiti-idm-initiator>
          <modeler:editor-resource-id><![CDATA[sub-sub-proc-node2]]></modeler:editor-resource-id>
          <modeler:subprocess-element-id><![CDATA[sid-EC10F8D3-F261-4D3A-8EFC-FA9CCA8CAE25]]></modeler:subprocess-element-id>
        </extensionElements>
      </userTask>
      <sequenceFlow id="sub-sub-proc-node3" sourceRef="sub-sub-proc-node1" targetRef="sub-sub-proc-node2">
        <extensionElements>
          <modeler:editor-resource-id><![CDATA[sub-sub-proc-node3]]></modeler:editor-resource-id>
          <modeler:subprocess-element-id><![CDATA[sid-3A355B16-AED7-4ED8-9CB8-92CF445C1812]]></modeler:subprocess-element-id>
        </extensionElements>
      </sequenceFlow>
      <endEvent id="sub-sub-proc-node4">
        <extensionElements>
          <modeler:editor-resource-id><![CDATA[sub-sub-proc-node4]]></modeler:editor-resource-id>
          <modeler:subprocess-element-id><![CDATA[sid-A0BC066E-2552-482B-A9E2-79164D78DA8B]]></modeler:subprocess-element-id>
        </extensionElements>
      </endEvent>
      <sequenceFlow id="sub-sub-proc-node5" sourceRef="sub-sub-proc-node2" targetRef="sub-sub-proc-node4">
        <extensionElements>
          <modeler:editor-resource-id><![CDATA[sub-sub-proc-node5]]></modeler:editor-resource-id>
          <modeler:subprocess-element-id><![CDATA[sid-3C5E5CAF-487A-4ED8-9873-1C4E04959277]]></modeler:subprocess-element-id>
        </extensionElements>
      </sequenceFlow>
      <boundaryEvent id="sub-sub-proc-node6" attachedToRef="sub-sub-proc-node2" cancelActivity="true">
        <extensionElements>
          <modeler:editor-resource-id><![CDATA[sub-sub-proc-node6]]></modeler:editor-resource-id>
          <modeler:subprocess-element-id><![CDATA[sid-49B663AE-1F97-4034-BEC9-B2C6D15047C5]]></modeler:subprocess-element-id>
        </extensionElements>
        <signalEventDefinition signalRef="signal-ref"/>
      </boundaryEvent>
      <endEvent id="sub-sub-proc-node7">
        <extensionElements>
          <modeler:editor-resource-id><![CDATA[sub-sub-proc-node7]]></modeler:editor-resource-id>
          <modeler:subprocess-element-id><![CDATA[sid-0B7C3821-CF19-477A-B9D1-8F30BFAEE320]]></modeler:subprocess-element-id>
        </extensionElements>
      </endEvent>
      <sequenceFlow id="sub-sub-proc-node8" sourceRef="sub-sub-proc-node6" targetRef="sub-sub-proc-node7">
        <extensionElements>
          <modeler:editor-resource-id><![CDATA[sub-sub-proc-node8]]></modeler:editor-resource-id>
          <modeler:subprocess-element-id><![CDATA[sid-1035ADB3-93BD-402E-94E2-7B70BDEBD226]]></modeler:subprocess-element-id>
        </extensionElements>
      </sequenceFlow>
    </subProcess>
    <sequenceFlow id="sid-16E4A0AD-B254-477D-B30F-E23B75C6CC0A" sourceRef="sid-284DCA77-63EF-42CC-AA4E-41787F30A40B" targetRef="sub-proc">
      <extensionElements>
        <modeler:editor-resource-id><![CDATA[sid-16E4A0AD-B254-477D-B30F-E23B75C6CC0A]]></modeler:editor-resource-id>
      </extensionElements>
    </sequenceFlow>
    <sequenceFlow id="sid-DA5A6EB4-7654-4709-87BA-7CA319C3ACFA" sourceRef="sub-proc" targetRef="sid-09E36914-8749-4269-BA6B-30975D7DA5DA">
      <extensionElements>
        <modeler:editor-resource-id><![CDATA[sid-DA5A6EB4-7654-4709-87BA-7CA319C3ACFA]]></modeler:editor-resource-id>
      </extensionElements>
    </sequenceFlow>
    <endEvent id="sid-C21E7CA4-4866-43D5-92CD-B1FFA8248C2B">
      <extensionElements>
        <modeler:editor-resource-id><![CDATA[sid-C21E7CA4-4866-43D5-92CD-B1FFA8248C2B]]></modeler:editor-resource-id>
      </extensionElements>
    </endEvent>
    <sequenceFlow id="sid-2A2687A7-2609-420D-BCF4-8EFD0C424619" sourceRef="sid-09E36914-8749-4269-BA6B-30975D7DA5DA" targetRef="sid-C21E7CA4-4866-43D5-92CD-B1FFA8248C2B">
      <extensionElements>
        <modeler:editor-resource-id><![CDATA[sid-2A2687A7-2609-420D-BCF4-8EFD0C424619]]></modeler:editor-resource-id>
      </extensionElements>
    </sequenceFlow>
  </process>
  <bpmndi:BPMNDiagram id="BPMNDiagram_parent-signal-thrown">
    <bpmndi:BPMNPlane bpmnElement="parent-signal-thrown" id="BPMNPlane_parent-signal-thrown">
      <bpmndi:BPMNShape bpmnElement="startEvent1" id="BPMNShape_startEvent1">
        <omgdc:Bounds height="30.0" width="30.0" x="100.0" y="163.0"/>
      </bpmndi:BPMNShape>
      <bpmndi:BPMNShape bpmnElement="sid-284DCA77-63EF-42CC-AA4E-41787F30A40B" id="BPMNShape_sid-284DCA77-63EF-42CC-AA4E-41787F30A40B">
        <omgdc:Bounds height="40.0" width="40.0" x="175.0" y="158.0"/>
      </bpmndi:BPMNShape>
      <bpmndi:BPMNShape bpmnElement="sid-759375DB-FDC9-4B66-BAD0-00B40620A343" id="BPMNShape_sid-759375DB-FDC9-4B66-BAD0-00B40620A343">
        <omgdc:Bounds height="31.0" width="31.0" x="260.0" y="75.0"/>
      </bpmndi:BPMNShape>
      <bpmndi:BPMNShape bpmnElement="sid-A85F14DF-51D6-485A-925B-9299ED2ADA02" id="BPMNShape_sid-A85F14DF-51D6-485A-925B-9299ED2ADA02">
        <omgdc:Bounds height="30.0" width="30.0" x="405.0" y="75.5"/>
      </bpmndi:BPMNShape>
      <bpmndi:BPMNShape bpmnElement="sid-09E36914-8749-4269-BA6B-30975D7DA5DA" id="BPMNShape_sid-09E36914-8749-4269-BA6B-30975D7DA5DA">
        <omgdc:Bounds height="40.0" width="40.0" x="968.0" y="323.0"/>
      </bpmndi:BPMNShape>
      <bpmndi:BPMNShape bpmnElement="sub-proc" id="BPMNShape_sub-proc">
        <omgdc:Bounds height="245.0" width="498.0" x="330.0" y="255.0"/>
      </bpmndi:BPMNShape>
      <bpmndi:BPMNShape bpmnElement="sid-C21E7CA4-4866-43D5-92CD-B1FFA8248C2B" id="BPMNShape_sid-C21E7CA4-4866-43D5-92CD-B1FFA8248C2B">
        <omgdc:Bounds height="28.0" width="28.0" x="1053.0" y="329.0"/>
      </bpmndi:BPMNShape>
      <bpmndi:BPMNShape bpmnElement="sub-sub-proc-node1" id="BPMNShape_sub-sub-proc-node1">
        <omgdc:Bounds height="30.0" width="30.0" x="420.0" y="405.0"/>
      </bpmndi:BPMNShape>
      <bpmndi:BPMNShape bpmnElement="sub-sub-proc-node2" id="BPMNShape_sub-sub-proc-node2">
        <omgdc:Bounds height="80.0" width="100.0" x="525.0" y="380.0"/>
      </bpmndi:BPMNShape>
      <bpmndi:BPMNShape bpmnElement="sub-sub-proc-node4" id="BPMNShape_sub-sub-proc-node4">
        <omgdc:Bounds height="28.0" width="28.0" x="760.0" y="406.0"/>
      </bpmndi:BPMNShape>
      <bpmndi:BPMNShape bpmnElement="sub-sub-proc-node6" id="BPMNShape_sub-sub-proc-node6">
        <omgdc:Bounds height="30.0" width="29.999999999999943" x="595.0430349125775" y="364.98943747686434"/>
      </bpmndi:BPMNShape>
      <bpmndi:BPMNShape bpmnElement="sub-sub-proc-node7" id="BPMNShape_sub-sub-proc-node7">
        <omgdc:Bounds height="28.0" width="28.0" x="735.0" y="330.0"/>
      </bpmndi:BPMNShape>
      <bpmndi:BPMNEdge bpmnElement="sid-42DF1CB1-D485-48BF-8676-56B63AA211BF" id="BPMNEdge_sid-42DF1CB1-D485-48BF-8676-56B63AA211BF">
        <omgdi:waypoint x="291.9999035502548" y="90.94444477933938"/>
        <omgdi:waypoint x="405.0000904216361" y="90.55208301936935"/>
      </bpmndi:BPMNEdge>
      <bpmndi:BPMNEdge bpmnElement="sid-CBA81AA2-12C0-460C-B8E2-F1FEB92AF1AD" id="BPMNEdge_sid-CBA81AA2-12C0-460C-B8E2-F1FEB92AF1AD">
        <omgdi:waypoint x="435.0" y="90.5"/>
        <omgdi:waypoint x="590.5" y="90.5"/>
        <omgdi:waypoint x="590.5" y="158.5"/>
      </bpmndi:BPMNEdge>
      <bpmndi:BPMNEdge bpmnElement="sid-8A50AC49-7A2D-42AC-864B-95CA43C35110" id="BPMNEdge_sid-8A50AC49-7A2D-42AC-864B-95CA43C35110">
        <omgdi:waypoint x="195.5" y="158.5"/>
        <omgdi:waypoint x="195.5" y="91.0"/>
        <omgdi:waypoint x="260.0" y="91.0"/>
      </bpmndi:BPMNEdge>
      <bpmndi:BPMNEdge bpmnElement="sid-2A2687A7-2609-420D-BCF4-8EFD0C424619" id="BPMNEdge_sid-2A2687A7-2609-420D-BCF4-8EFD0C424619">
        <omgdi:waypoint x="1007.6217948717949" y="343.37820512820514"/>
        <omgdi:waypoint x="1053.0002839785393" y="343.0891701657418"/>
      </bpmndi:BPMNEdge>
      <bpmndi:BPMNEdge bpmnElement="sid-DA5A6EB4-7654-4709-87BA-7CA319C3ACFA" id="BPMNEdge_sid-DA5A6EB4-7654-4709-87BA-7CA319C3ACFA">
        <omgdi:waypoint x="828.0" y="460.0"/>
        <omgdi:waypoint x="988.0" y="460.0"/>
        <omgdi:waypoint x="988.0" y="363.0"/>
      </bpmndi:BPMNEdge>
      <bpmndi:BPMNEdge bpmnElement="sid-16E4A0AD-B254-477D-B30F-E23B75C6CC0A" id="BPMNEdge_sid-16E4A0AD-B254-477D-B30F-E23B75C6CC0A">
        <omgdi:waypoint x="195.5" y="197.5"/>
        <omgdi:waypoint x="195.5" y="305.0"/>
        <omgdi:waypoint x="330.0" y="305.0"/>
      </bpmndi:BPMNEdge>
      <bpmndi:BPMNEdge bpmnElement="sid-C43DFE1C-8730-4A54-A25A-FC99B21D110D" id="BPMNEdge_sid-C43DFE1C-8730-4A54-A25A-FC99B21D110D">
        <omgdi:waypoint x="129.9997106676825" y="178.0931659047682"/>
        <omgdi:waypoint x="175.375" y="178.375"/>
      </bpmndi:BPMNEdge>
      <bpmndi:BPMNEdge bpmnElement="sub-sub-proc-node8" id="BPMNEdge_sub-sub-proc-node8">
        <omgdi:waypoint x="598.7923041934948" y="370.0686986794415"/>
        <omgdi:waypoint x="610.0430349125775" y="344.0"/>
        <omgdi:waypoint x="736.7007105617824" y="337.3121394067347"/>
      </bpmndi:BPMNEdge>
      <bpmndi:BPMNEdge bpmnElement="sub-sub-proc-node5" id="BPMNEdge_sub-sub-proc-node5">
        <omgdi:waypoint x="625.0" y="420.0"/>
        <omgdi:waypoint x="760.0" y="420.0"/>
      </bpmndi:BPMNEdge>
      <bpmndi:BPMNEdge bpmnElement="sub-sub-proc-node3" id="BPMNEdge_sub-sub-proc-node3">
        <omgdi:waypoint x="450.0" y="420.0"/>
        <omgdi:waypoint x="525.0" y="420.0"/>
      </bpmndi:BPMNEdge>
    </bpmndi:BPMNPlane>
  </bpmndi:BPMNDiagram>
</definitions>