{"resourceId":35063,"properties":{"process_id":"parent-signal-thrown","name":"parent-signal-thrown","documentation":"","process_author":"","process_version":"","process_namespace":"http://www.activiti.org/processdef","executionlisteners":"","eventlisteners":"","signaldefinitions":"[{\"id\":\"signal-ref\",\"name\":\"mysignal\",\"scope\":\"processInstance\",\"$$hashKey\":\"uiGrid-0048\"}]","messagedefinitions":"","executionvariables":"","metadata":""},"stencil":{"id":"BPMNDiagram"},"childShapes":[{"resourceId":"startEvent1","properties":{"overrideid":"","name":"","documentation":"","executionlisteners":"","initiator":"","formkeydefinition":"","formreference":"","fieldstovariables":"","formproperties":""},"stencil":{"id":"StartNoneEvent"},"childShapes":[],"outgoing":[{"resourceId":"sid-C43DFE1C-8730-4A54-A25A-FC99B21D110D"}],"bounds":{"lowerRight":{"x":130,"y":193},"upperLeft":{"x":100,"y":163}},"dockers":[]},{"resourceId":"sid-C43DFE1C-8730-4A54-A25A-FC99B21D110D","properties":{"overrideid":"","name":"","documentation":"","conditionsequenceflow":"","executionlisteners":"","defaultflow":"false"},"stencil":{"id":"SequenceFlow"},"childShapes":[],"outgoing":[{"resourceId":"sid-284DCA77-63EF-42CC-AA4E-41787F30A40B"}],"bounds":{"lowerRight":{"x":174.37501928882116,"y":178.3687889396821},"upperLeft":{"x":130.46482446117884,"y":178.0960548103179}},"dockers":[{"x":15,"y":15},{"x":20.5,"y":20.5}],"target":{"resourceId":"sid-284DCA77-63EF-42CC-AA4E-41787F30A40B"}},{"resourceId":"sid-284DCA77-63EF-42CC-AA4E-41787F30A40B","properties":{"overrideid":"","name":"","documentation":"","asynchronousdefinition":"false","exclusivedefinition":"false","sequencefloworder":"","type":"http://b3mn.org/stencilset/bpmn2.0#ExclusiveGateway"},"stencil":{"id":"ParallelGateway"},"childShapes":[],"outgoing":[{"resourceId":"sid-16E4A0AD-B254-477D-B30F-E23B75C6CC0A"},{"resourceId":"sid-8A50AC49-7A2D-42AC-864B-95CA43C35110"}],"bounds":{"lowerRight":{"x":215,"y":198},"upperLeft":{"x":175,"y":158}},"dockers":[]},{"resourceId":"sid-759375DB-FDC9-4B66-BAD0-00B40620A343","properties":{"overrideid":"","name":"","documentation":"","executionlisteners":"","timercycledefinition":"","timerdatedefinition":"PT10S","timerdurationdefinition":""},"stencil":{"id":"CatchTimerEvent"},"childShapes":[],"outgoing":[{"resourceId":"sid-42DF1CB1-D485-48BF-8676-56B63AA211BF"}],"bounds":{"lowerRight":{"x":291,"y":106},"upperLeft":{"x":260,"y":75}},"dockers":[{"x":275.5,"y":90.5}]},{"resourceId":"sid-8A50AC49-7A2D-42AC-864B-95CA43C35110","properties":{"overrideid":"","name":"","documentation":"","conditionsequenceflow":"","executionlisteners":"","defaultflow":"false"},"stencil":{"id":"SequenceFlow"},"childShapes":[],"outgoing":[{"resourceId":"sid-759375DB-FDC9-4B66-BAD0-00B40620A343"}],"bounds":{"lowerRight":{"x":260.53515625,"y":157.67578125},"upperLeft":{"x":195.5,"y":91}},"dockers":[{"x":20.5,"y":20.5},{"x":195.5,"y":91},{"x":16,"y":16}],"target":{"resourceId":"sid-759375DB-FDC9-4B66-BAD0-00B40620A343"}},{"resourceId":"sid-42DF1CB1-D485-48BF-8676-56B63AA211BF","properties":{"overrideid":"","name":"","documentation":"","conditionsequenceflow":"","executionlisteners":"","defaultflow":"false","showdiamondmarker":false},"stencil":{"id":"SequenceFlow"},"childShapes":[],"outgoing":[{"resourceId":"sid-A85F14DF-51D6-485A-925B-9299ED2ADA02"}],"bounds":{"lowerRight":{"x":404.37500602810906,"y":90.94574654870871},"upperLeft":{"x":291.62499397189094,"y":90.55425345129129}},"dockers":[{"x":16,"y":16},{"x":15,"y":15}],"target":{"resourceId":"sid-A85F14DF-51D6-485A-925B-9299ED2ADA02"}},{"resourceId":"sid-A85F14DF-51D6-485A-925B-9299ED2ADA02","properties":{"overrideid":"","name":"","documentation":"","executionlisteners":"","signalref":"signal-ref"},"stencil":{"id":"ThrowSignalEvent"},"childShapes":[],"outgoing":[{"resourceId":"sid-CBA81AA2-12C0-460C-B8E2-F1FEB92AF1AD"}],"bounds":{"lowerRight":{"x":435,"y":105.5},"upperLeft":{"x":405,"y":75.5}},"dockers":[{"x":420,"y":90.5}]},{"resourceId":"sid-CBA81AA2-12C0-460C-B8E2-F1FEB92AF1AD","properties":{"overrideid":"","name":"","documentation":"","conditionsequenceflow":"","executionlisteners":"","defaultflow":"false"},"stencil":{"id":"SequenceFlow"},"childShapes":[],"outgoing":[{"resourceId":"sid-09E36914-8749-4269-BA6B-30975D7DA5DA"}],"bounds":{"lowerRight":{"x":590.5,"y":157.5625},"upperLeft":{"x":435.65234375,"y":90.5}},"dockers":[{"x":15,"y":15},{"x":590.5,"y":90.5},{"x":20.5,"y":20.5}],"target":{"resourceId":"sid-09E36914-8749-4269-BA6B-30975D7DA5DA"}},{"resourceId":"sid-09E36914-8749-4269-BA6B-30975D7DA5DA","properties":{"overrideid":"","name":"","documentation":"","asynchronousdefinition":"false","exclusivedefinition":"false","sequencefloworder":"","type":"http://b3mn.org/stencilset/bpmn2.0#ExclusiveGateway"},"stencil":{"id":"ParallelGateway"},"childShapes":[],"outgoing":[{"resourceId":"sid-2A2687A7-2609-420D-BCF4-8EFD0C424619"}],"bounds":{"lowerRight":{"x":610,"y":198},"upperLeft":{"x":570,"y":158}},"dockers":[]},{"resourceId":"sid-10315BBB-FD18-4D63-91DB-AD37CE7471AA","properties":{"overrideid":"sub-proc","name":"","documentation":"","asynchronousdefinition":"false","exclusivedefinition":"false","executionlisteners":"","subprocessreference":{"id":35064,"name":"sub-process-signal","referenceId":35063},"multiinstance_type":"None","multiinstance_cardinality":"","multiinstance_collection":"","multiinstance_variable":"","multiinstance_condition":""},"stencil":{"id":"SubProcessCollapsed"},"childShapes":[],"outgoing":[{"resourceId":"sid-DA5A6EB4-7654-4709-87BA-7CA319C3ACFA"}],"bounds":{"lowerRight":{"x":430,"y":335},"upperLeft":{"x":330,"y":255}},"dockers":[]},{"resourceId":"sid-16E4A0AD-B254-477D-B30F-E23B75C6CC0A","properties":{"overrideid":"","name":"","documentation":"","conditionsequenceflow":"","executionlisteners":"","defaultflow":"false","showdiamondmarker":false},"stencil":{"id":"SequenceFlow"},"childShapes":[],"outgoing":[{"resourceId":"sid-10315BBB-FD18-4D63-91DB-AD37CE7471AA"}],"bounds":{"lowerRight":{"x":329.5085562467575,"y":305},"upperLeft":{"x":195.5,"y":198.27734375}},"dockers":[{"x":20.5,"y":20.5},{"x":195.5,"y":305},{"x":47.40626525878906,"y":50}],"target":{"resourceId":"sid-10315BBB-FD18-4D63-91DB-AD37CE7471AA"}},{"resourceId":"sid-DA5A6EB4-7654-4709-87BA-7CA319C3ACFA","properties":{"overrideid":"","name":"","documentation":"","conditionsequenceflow":"","executionlisteners":"","defaultflow":"false"},"stencil":{"id":"SequenceFlow"},"childShapes":[],"outgoing":[{"resourceId":"sid-09E36914-8749-4269-BA6B-30975D7DA5DA"}],"bounds":{"lowerRight":{"x":590,"y":295},"upperLeft":{"x":430.21875,"y":198.1953125}},"dockers":[{"x":50,"y":40},{"x":590,"y":295},{"x":20,"y":20}],"target":{"resourceId":"sid-09E36914-8749-4269-BA6B-30975D7DA5DA"}},{"resourceId":"sid-C21E7CA4-4866-43D5-92CD-B1FFA8248C2B","properties":{"overrideid":"","name":"","documentation":"","executionlisteners":""},"stencil":{"id":"EndNoneEvent"},"childShapes":[],"outgoing":[],"bounds":{"lowerRight":{"x":683,"y":192},"upperLeft":{"x":655,"y":164}},"dockers":[]},{"resourceId":"sid-2A2687A7-2609-420D-BCF4-8EFD0C424619","properties":{"overrideid":"","name":"","documentation":"","conditionsequenceflow":"","executionlisteners":"","defaultflow":"false"},"stencil":{"id":"SequenceFlow"},"childShapes":[],"outgoing":[{"resourceId":"sid-C21E7CA4-4866-43D5-92CD-B1FFA8248C2B"}],"bounds":{"lowerRight":{"x":654.5078327841813,"y":178.376443202447},"upperLeft":{"x":609.8984172158187,"y":178.092306797553}},"dockers":[{"x":20.5,"y":20.5},{"x":14,"y":14}],"target":{"resourceId":"sid-C21E7CA4-4866-43D5-92CD-B1FFA8248C2B"}}],"bounds":{"lowerRight":{"x":1200,"y":1050},"upperLeft":{"x":0,"y":0}},"stencilset":{"url":"stencilsets/bpmn2.0/bpmn2.0.json","namespace":"http://b3mn.org/stencilset/bpmn2.0#"},"ssextensions":[]}