{"referenceId":null,"name":"emailrules","description":null,"editorJson":{"id":26030,"name":"emailrules","key":"emailrules","hitIndicator":"ANY","inputExpressions":[{"id":"3","variableId":"message","variableType":"formfield","type":"string","label":"message","entries":null,"newVariable":false},{"id":"6","variableId":"subject","variableType":"formfield","type":"string","label":"Email Subject","entries":null,"newVariable":false},{"id":"25","variableId":"cc","variableType":"formfield","type":"string","label":"CC","entries":null,"newVariable":false}],"outputExpressions":[{"id":"7","variableId":"startProcessFlag","variableType":"variable","type":"boolean","label":"Start Process Flag","entries":null,"newVariable":true},{"id":"9","variableId":"taskActionFlag","variableType":"variable","type":"boolean","label":"Task Action Flag","entries":null,"newVariable":true},{"id":"11","variableId":"reviewFlag","variableType":"variable","type":"boolean","label":"Review Flag","entries":null,"newVariable":true},{"id":"13","variableId":"processDefKey","variableType":"variable","type":"string","label":"Process Definition Key","entries":null,"newVariable":true},{"id":"17","variableId":"taskActionRegex","variableType":"variable","type":"string","label":"Task Action Regex","entries":null,"newVariable":true},{"id":"21","variableId":"taskIdRegex","variableType":"variable","type":"string","label":"Task ID Regex","entries":null,"newVariable":true},{"id":"23","variableId":"taskOutcomeRegex","variableType":"variable","type":"string","label":"Task Outcome Regex","entries":null,"newVariable":true}],"rules":[{"3":".contains(\"Start New Claim\")","6":"","7":"true","9":"","11":"true","13":"\"newclaim\"","17":"","21":"","23":"","25":""},{"3":"","6":".startsWith(\"Start New Claim\")","7":"true","9":"","11":"","13":"\"newclaim\"","17":"","21":"","23":"","25":""},{"3":"","6":".contains(\"TaskId=\") || subject.contains(\"Action=\") || subject.contains(\"Outcome=\")","7":"","9":"true","11":"","13":"","17":"\"Action=(\\\\w+)\"","21":"\"TaskId=(\\\\w+)\"","23":"\"Outcome=(\\\\w+)\"","25":""}],"executionVariables":[]}}