{"name":"InsuranceDemoApp","description":null,"definition":{"models":[{"id":11,"name":"Claims Process","version":4,"modelType":0,"description":"","stencilSetId":null,"createdByFullName":" Administrator","createdBy":1,"lastUpdatedByFullName":" Administrator","lastUpdatedBy":1,"lastUpdated":"2017-05-09T15:18:48.003+0000"},{"id":10,"name":"Create Policy","version":4,"modelType":0,"description":null,"stencilSetId":null,"createdByFullName":" Administrator","createdBy":1,"lastUpdatedByFullName":" Administrator","lastUpdatedBy":1,"lastUpdated":"2017-05-09T15:18:48.055+0000"}],"theme":"theme-1","icon":"glyphicon-asterisk","publishIdentityInfo":[]}}