<?xml version='1.0' encoding='UTF-8'?>
<definitions xmlns="http://www.omg.org/spec/BPMN/20100524/MODEL" xmlns:xsi="http://www.w3.org/2001/XMLSchema-instance" xmlns:xsd="http://www.w3.org/2001/XMLSchema" xmlns:activiti="http://activiti.org/bpmn" xmlns:bpmndi="http://www.omg.org/spec/BPMN/20100524/DI" xmlns:omgdc="http://www.omg.org/spec/DD/20100524/DC" xmlns:omgdi="http://www.omg.org/spec/DD/20100524/DI" typeLanguage="http://www.w3.org/2001/XMLSchema" expressionLanguage="http://www.w3.org/1999/XPath" targetNamespace="http://www.activiti.org/processdef" xmlns:modeler="http://activiti.com/modeler" modeler:version="1.0en" modeler:exportDateTime="20180718170448395" modeler:modelId="23023" modeler:modelVersion="3" modeler:modelLastUpdated="1531950330442">
  <process id="bulk-user-upload-process" name="Bulk User Upload Process" isExecutable="true">
    <startEvent id="startEvent1" name="Start" activiti:formKey="23024">
      <extensionElements>
        <modeler:form-reference-id><![CDATA[23024]]></modeler:form-reference-id>
        <modeler:form-reference-name><![CDATA[csv-form]]></modeler:form-reference-name>
        <modeler:editor-resource-id><![CDATA[startEvent1]]></modeler:editor-resource-id>
      </extensionElements>
    </startEvent>
    <sequenceFlow id="sid-F0BE2729-3CE6-4BBC-AC7C-57AD32510F3D" sourceRef="startEvent1" targetRef="sid-0733E3B6-1FF4-4BDD-980E-5F9313B82EB5">
      <extensionElements>
        <modeler:editor-resource-id><![CDATA[sid-F0BE2729-3CE6-4BBC-AC7C-57AD32510F3D]]></modeler:editor-resource-id>
      </extensionElements>
    </sequenceFlow>
    <serviceTask id="sid-0733E3B6-1FF4-4BDD-980E-5F9313B82EB5" name="Bulk Upload Delegate" activiti:async="true" activiti:exclusive="false" activiti:delegateExpression="${bulkUserUpload}">
      <extensionElements>
        <modeler:editor-resource-id><![CDATA[sid-0733E3B6-1FF4-4BDD-980E-5F9313B82EB5]]></modeler:editor-resource-id>
      </extensionElements>
    </serviceTask>
    <endEvent id="sid-04FEDBEB-D976-46CD-82C3-48D8812DAB0D" name="End">
      <extensionElements>
        <modeler:editor-resource-id><![CDATA[sid-04FEDBEB-D976-46CD-82C3-48D8812DAB0D]]></modeler:editor-resource-id>
      </extensionElements>
    </endEvent>
    <sequenceFlow id="sid-784862FE-D82B-4357-8BDF-FD61907DBF2D" sourceRef="sid-0733E3B6-1FF4-4BDD-980E-5F9313B82EB5" targetRef="sid-04FEDBEB-D976-46CD-82C3-48D8812DAB0D">
      <extensionElements>
        <modeler:editor-resource-id><![CDATA[sid-784862FE-D82B-4357-8BDF-FD61907DBF2D]]></modeler:editor-resource-id>
      </extensionElements>
    </sequenceFlow>
  </process>
  <bpmndi:BPMNDiagram id="BPMNDiagram_bulk-user-upload-process">
    <bpmndi:BPMNPlane bpmnElement="bulk-user-upload-process" id="BPMNPlane_bulk-user-upload-process">
      <bpmndi:BPMNShape bpmnElement="startEvent1" id="BPMNShape_startEvent1">
        <omgdc:Bounds height="30.0" width="30.0" x="90.00000000000001" y="150.00000000000003"/>
      </bpmndi:BPMNShape>
      <bpmndi:BPMNShape bpmnElement="sid-0733E3B6-1FF4-4BDD-980E-5F9313B82EB5" id="BPMNShape_sid-0733E3B6-1FF4-4BDD-980E-5F9313B82EB5">
        <omgdc:Bounds height="79.99999999999999" width="99.99999999999997" x="195.00000000000003" y="125.00000000000007"/>
      </bpmndi:BPMNShape>
      <bpmndi:BPMNShape bpmnElement="sid-04FEDBEB-D976-46CD-82C3-48D8812DAB0D" id="BPMNShape_sid-04FEDBEB-D976-46CD-82C3-48D8812DAB0D">
        <omgdc:Bounds height="28.0" width="28.0" x="375.00000000000006" y="151.00000000000006"/>
      </bpmndi:BPMNShape>
      <bpmndi:BPMNEdge bpmnElement="sid-784862FE-D82B-4357-8BDF-FD61907DBF2D" id="BPMNEdge_sid-784862FE-D82B-4357-8BDF-FD61907DBF2D">
        <omgdi:waypoint x="295.0" y="165.00000000000006"/>
        <omgdi:waypoint x="375.00000000000006" y="165.00000000000006"/>
      </bpmndi:BPMNEdge>
      <bpmndi:BPMNEdge bpmnElement="sid-F0BE2729-3CE6-4BBC-AC7C-57AD32510F3D" id="BPMNEdge_sid-F0BE2729-3CE6-4BBC-AC7C-57AD32510F3D">
        <omgdi:waypoint x="120.00000000000001" y="165.00000000000003"/>
        <omgdi:waypoint x="195.00000000000003" y="165.00000000000006"/>
      </bpmndi:BPMNEdge>
    </bpmndi:BPMNPlane>
  </bpmndi:BPMNDiagram>
</definitions>