{"resourceId":23023,"properties":{"process_id":"bulk-user-upload-process","name":"Bulk User Upload Process","documentation":"","process_author":"","process_version":"","process_namespace":"http://www.activiti.org/processdef","executionlisteners":"","eventlisteners":"","signaldefinitions":"","messagedefinitions":"","executionvariables":"","metadata":""},"stencil":{"id":"BPMNDiagram"},"childShapes":[{"resourceId":"startEvent1","properties":{"overrideid":"","name":"Start","documentation":"","executionlisteners":"","initiator":"","formkeydefinition":"","formreference":{"id":23024,"name":"csv-form","referenceId":23023},"fieldstovariables":"","formproperties":""},"stencil":{"id":"StartNoneEvent"},"childShapes":[],"outgoing":[{"resourceId":"sid-F0BE2729-3CE6-4BBC-AC7C-57AD32510F3D"}],"bounds":{"lowerRight":{"x":120.00000000000001,"y":180.00000000000003},"upperLeft":{"x":90.00000000000001,"y":150.00000000000003}},"dockers":[]},{"resourceId":"sid-F0BE2729-3CE6-4BBC-AC7C-57AD32510F3D","properties":{"overrideid":"","name":"","documentation":"","conditionsequenceflow":"","executionlisteners":"","defaultflow":"false"},"stencil":{"id":"SequenceFlow"},"childShapes":[],"outgoing":[{"resourceId":"sid-0733E3B6-1FF4-4BDD-980E-5F9313B82EB5"}],"bounds":{"lowerRight":{"x":194.78125,"y":165.00000000000006},"upperLeft":{"x":120.21875,"y":165.00000000000006}},"dockers":[{"x":15,"y":15},{"x":49.999999999999986,"y":39.99999999999999}],"target":{"resourceId":"sid-0733E3B6-1FF4-4BDD-980E-5F9313B82EB5"}},{"resourceId":"sid-0733E3B6-1FF4-4BDD-980E-5F9313B82EB5","properties":{"overrideid":"","name":"Bulk Upload Delegate","documentation":"","asynchronousdefinition":true,"exclusivedefinition":"false","executionlisteners":"","multiinstance_type":"None","multiinstance_cardinality":"","multiinstance_collection":"","multiinstance_variable":"","multiinstance_condition":"","isforcompensation":"false","servicetaskclass":"","servicetaskexpression":"","servicetaskdelegateexpression":"${bulkUserUpload}","servicetaskfields":"","servicetaskresultvariable":"","executionvariables":"","duedatedefinition":"","type":"http://b3mn.org/stencilset/bpmn2.0#UserTask","emailtemplate":"","tasklisteners":"","formproperties":"","categorydefinition":"","prioritydefinition":"","usertasksendemail":true,"fieldstovariables":"","formreference":"","formkeydefinition":"","usertaskassignment":""},"stencil":{"id":"ServiceTask"},"childShapes":[],"outgoing":[{"resourceId":"sid-784862FE-D82B-4357-8BDF-FD61907DBF2D"}],"bounds":{"lowerRight":{"x":295,"y":205.00000000000006},"upperLeft":{"x":195.00000000000003,"y":125.00000000000007}},"dockers":[]},{"resourceId":"sid-04FEDBEB-D976-46CD-82C3-48D8812DAB0D","properties":{"overrideid":"","name":"End","documentation":"","executionlisteners":""},"stencil":{"id":"EndNoneEvent"},"childShapes":[],"outgoing":[],"bounds":{"lowerRight":{"x":403.00000000000006,"y":179.00000000000006},"upperLeft":{"x":375.00000000000006,"y":151.00000000000006}},"dockers":[]},{"resourceId":"sid-784862FE-D82B-4357-8BDF-FD61907DBF2D","properties":{"overrideid":"","name":"","documentation":"","conditionsequenceflow":"","executionlisteners":"","defaultflow":"false"},"stencil":{"id":"SequenceFlow"},"childShapes":[],"outgoing":[{"resourceId":"sid-04FEDBEB-D976-46CD-82C3-48D8812DAB0D"}],"bounds":{"lowerRight":{"x":374.5,"y":165.00000000000006},"upperLeft":{"x":295.5,"y":165.00000000000006}},"dockers":[{"x":49.999999999999986,"y":39.99999999999999},{"x":14,"y":14}],"target":{"resourceId":"sid-04FEDBEB-D976-46CD-82C3-48D8812DAB0D"}}],"bounds":{"lowerRight":{"x":1200,"y":1050},"upperLeft":{"x":0,"y":0}},"stencilset":{"url":"stencilsets/bpmn2.0/bpmn2.0.json","namespace":"http://b3mn.org/stencilset/bpmn2.0#"},"ssextensions":[]}