{"resourceId":10046,"properties":{"process_id":"InsuranceClaimProcess","name":"Insurance Claim Process","documentation":"","process_author":"","process_version":"","process_namespace":"http://www.activiti.org/processdef","executionlisteners":"{\"executionListeners\":[]}","eventlisteners":"{\"eventListeners\":[]}","signaldefinitions":"[]","messagedefinitions":"[]","executionvariables":"[{\"variableName\":\"claimId\",\"variableType\":\"string\"},{\"variableName\":\"policyId\",\"variableType\":\"string\"},{\"variableName\":\"customerId\",\"variableType\":\"string\"},{\"variableName\":\"eyeWitnesses\",\"variableType\":\"string\"},{\"variableName\":\"incidentDescription\",\"variableType\":\"string\"},{\"variableName\":\"responsiblePersons\",\"variableType\":\"string\"},{\"variableName\":\"contactAddress\",\"variableType\":\"string\"}]","metadata":""},"stencil":{"id":"BPMNDiagram"},"childShapes":[{"resourceId":"startEvent1","properties":{"overrideid":"Start","name":"Start","documentation":"","executionlisteners":{"executionListeners":[]},"initiator":"","formkeydefinition":"","formreference":{"id":10040,"name":"Property Claim"},"fieldstovariables":[{"formField":{"id":"policyId","name":"Policy Number"},"mappedDataModel":10045,"mappedEntity":"Policy","mappedColumn":"policyId","mappedVariableName":"currentPolicy"}],"formproperties":"","asynchronousdefinition":false,"exclusivedefinition":true},"stencil":{"id":"StartNoneEvent"},"childShapes":[],"outgoing":[{"resourceId":"sid-E4E86F07-E51D-4169-A174-56279A3ED401"}],"bounds":{"lowerRight":{"x":45,"y":690},"upperLeft":{"x":15,"y":660}},"dockers":[]},{"resourceId":"sid-22826A48-F2D9-4358-B461-A567678017EA","properties":{"overrideid":"sid-22826A48-F2D9-4358-B461-A567678017EA","name":"Review Claim - ${customerName}","documentation":"","asynchronousdefinition":false,"exclusivedefinition":true,"executionlisteners":{"executionListeners":[]},"multiinstance_type":"None","multiinstance_cardinality":"","multiinstance_collection":"","multiinstance_variable":"","multiinstance_condition":"","isforcompensation":false,"usertasksendemail":true,"usertaskassignment":{"assignment":{"type":"idm","idm":{"type":"initiator"},"initiatorCanCompleteTask":false}},"formkeydefinition":"","formreference":{"id":6,"name":"Review Claim"},"fieldstovariables":"","duedatedefinition":"","prioritydefinition":"","categorydefinition":"","formproperties":"","tasklisteners":{"taskListeners":[]},"emailtemplate":""},"stencil":{"id":"UserTask"},"childShapes":[],"outgoing":[{"resourceId":"sid-93800F92-CE06-43DF-9C05-669EEEE88170"}],"bounds":{"lowerRight":{"x":1090,"y":815},"upperLeft":{"x":990,"y":735}},"dockers":[]},{"resourceId":"sid-5932FC60-4845-424E-85F5-26EC5F79BF1A","properties":{"overrideid":"sid-5932FC60-4845-424E-85F5-26EC5F79BF1A","name":"Pre Check (Validation Rules)","documentation":"","asynchronousdefinition":false,"exclusivedefinition":true,"executionlisteners":{"executionListeners":[]},"multiinstance_type":"None","multiinstance_cardinality":"","multiinstance_collection":"","multiinstance_variable":"","multiinstance_condition":"","isforcompensation":false,"decisiontaskdecisiontablereference":{"id":10044,"name":"Claim Pre-Validation"}},"stencil":{"id":"DecisionTask"},"childShapes":[],"outgoing":[{"resourceId":"sid-8B02A753-9AEF-472E-B377-E6E5BF35C61A"}],"bounds":{"lowerRight":{"x":580,"y":725},"upperLeft":{"x":480,"y":645}},"dockers":[]},{"resourceId":"sid-1C299883-3DDF-4C5F-B6FC-36096E8EC74B","properties":{"overrideid":"sid-1C299883-3DDF-4C5F-B6FC-36096E8EC74B","name":"Fraud Check Rules","documentation":"","asynchronousdefinition":false,"exclusivedefinition":true,"executionlisteners":{"executionListeners":[]},"multiinstance_type":"None","multiinstance_cardinality":"","multiinstance_collection":"","multiinstance_variable":"","multiinstance_condition":"","isforcompensation":false,"decisiontaskdecisiontablereference":{"id":10043,"name":"Claim Fraud Check Rules"}},"stencil":{"id":"DecisionTask"},"childShapes":[],"outgoing":[{"resourceId":"sid-5056A259-F4F6-48D3-B7F3-4073BE8853DB"}],"bounds":{"lowerRight":{"x":1195,"y":718.75},"upperLeft":{"x":1095,"y":638.75}},"dockers":[]},{"resourceId":"sid-849F33F2-BBC9-4698-B329-22925767C974","properties":{"overrideid":"sid-849F33F2-BBC9-4698-B329-22925767C974","name":"Outcome?","documentation":"","asynchronousdefinition":false,"exclusivedefinition":true,"sequencefloworder":"","executionlisteners":{"executionListeners":[]}},"stencil":{"id":"ExclusiveGateway"},"childShapes":[],"outgoing":[{"resourceId":"sid-A0C3C940-45F3-41B3-AD7C-E1BBDC9B7070"},{"resourceId":"sid-E13A0336-2452-4621-8530-C56E1227BFA1"},{"resourceId":"sid-104949A6-989B-4A26-9A97-41224E5BA85B"}],"bounds":{"lowerRight":{"x":670,"y":705},"upperLeft":{"x":630,"y":665}},"dockers":[]},{"resourceId":"sid-8B02A753-9AEF-472E-B377-E6E5BF35C61A","properties":{"overrideid":"sid-8B02A753-9AEF-472E-B377-E6E5BF35C61A","name":"","documentation":"","conditionsequenceflow":"","executionlisteners":{"executionListeners":[]},"defaultflow":"false"},"stencil":{"id":"SequenceFlow"},"childShapes":[],"outgoing":[{"resourceId":"sid-849F33F2-BBC9-4698-B329-22925767C974"}],"bounds":{"lowerRight":{"x":630.25,"y":685},"upperLeft":{"x":580.6875,"y":685}},"dockers":[{"x":50,"y":40},{"x":20,"y":20}],"target":{"resourceId":"sid-849F33F2-BBC9-4698-B329-22925767C974"}},{"resourceId":"sid-0DF4E579-363F-4AB8-9872-4A5B2EC03116","properties":{"overrideid":"auto-rejected","name":"","documentation":"","executionlisteners":{"executionListeners":[]},"asynchronousdefinition":false,"exclusivedefinition":true},"stencil":{"id":"EndNoneEvent"},"childShapes":[],"outgoing":[],"bounds":{"lowerRight":{"x":853,"y":512.0968340121871},"upperLeft":{"x":825,"y":484.09683401218706}},"dockers":[]},{"resourceId":"sid-31049292-39AE-4064-8B65-9A2ADE2B0CAF","properties":{"overrideid":"auto-approved","name":"","documentation":"","executionlisteners":{"executionListeners":[]},"asynchronousdefinition":false,"exclusivedefinition":true},"stencil":{"id":"EndNoneEvent"},"childShapes":[],"outgoing":[],"bounds":{"lowerRight":{"x":943,"y":894},"upperLeft":{"x":915,"y":866}},"dockers":[]},{"resourceId":"sid-3605C4C7-0D6E-4271-A1EE-EC00A99C4FA0","properties":{"overrideid":"sid-3605C4C7-0D6E-4271-A1EE-EC00A99C4FA0","name":"Outcome?","documentation":"","asynchronousdefinition":false,"exclusivedefinition":true,"sequencefloworder":"","executionlisteners":{"executionListeners":[]}},"stencil":{"id":"ExclusiveGateway"},"childShapes":[],"outgoing":[{"resourceId":"sid-29B835BA-9BD6-4E5F-A09A-C19CAC162521"},{"resourceId":"sid-B127430A-2D83-4CFF-A2D4-95B690055587"},{"resourceId":"sid-CBF77D3E-BFE3-4429-99F4-0DF5562C3A4D"}],"bounds":{"lowerRight":{"x":1280,"y":698.75},"upperLeft":{"x":1240,"y":658.75}},"dockers":[]},{"resourceId":"sid-5056A259-F4F6-48D3-B7F3-4073BE8853DB","properties":{"overrideid":"sid-5056A259-F4F6-48D3-B7F3-4073BE8853DB","name":"","documentation":"","conditionsequenceflow":"","executionlisteners":{"executionListeners":[]},"defaultflow":"false"},"stencil":{"id":"SequenceFlow"},"childShapes":[],"outgoing":[{"resourceId":"sid-3605C4C7-0D6E-4271-A1EE-EC00A99C4FA0"}],"bounds":{"lowerRight":{"x":1240.1328125,"y":678.75},"upperLeft":{"x":1195.4140625,"y":678.75}},"dockers":[{"x":50,"y":40},{"x":20,"y":20}],"target":{"resourceId":"sid-3605C4C7-0D6E-4271-A1EE-EC00A99C4FA0"}},{"resourceId":"sid-5DC7B98C-A027-46E6-94F1-BDA4112744E1","properties":{"overrideid":"sid-5DC7B98C-A027-46E6-94F1-BDA4112744E1","name":"","documentation":"","executionlisteners":{"executionListeners":[]},"asynchronousdefinition":false,"exclusivedefinition":true},"stencil":{"id":"EndNoneEvent"},"childShapes":[],"outgoing":[],"bounds":{"lowerRight":{"x":1423,"y":519.467053493269},"upperLeft":{"x":1395,"y":491.46705349326896}},"dockers":[]},{"resourceId":"sid-67A0226E-607B-4925-9184-ECF06D6F7105","properties":{"overrideid":"sid-67A0226E-607B-4925-9184-ECF06D6F7105","name":"","documentation":"","executionlisteners":{"executionListeners":[]},"asynchronousdefinition":false,"exclusivedefinition":true},"stencil":{"id":"EndNoneEvent"},"childShapes":[],"outgoing":[],"bounds":{"lowerRight":{"x":1414,"y":879},"upperLeft":{"x":1386,"y":851}},"dockers":[]},{"resourceId":"sid-3B712BD0-0658-4CEB-A357-7B684E2220AE","properties":{"overrideid":"sid-3B712BD0-0658-4CEB-A357-7B684E2220AE","name":"Result?","documentation":"","asynchronousdefinition":false,"exclusivedefinition":true,"sequencefloworder":"","executionlisteners":{"executionListeners":[]}},"stencil":{"id":"ExclusiveGateway"},"childShapes":[],"outgoing":[{"resourceId":"sid-D59860F6-8553-4684-9A61-4C8687BD2B5A"},{"resourceId":"sid-949636D4-C743-4BFF-9FF2-5ADB2B56EAC1"}],"bounds":{"lowerRight":{"x":1545,"y":698.75},"upperLeft":{"x":1505,"y":658.75}},"dockers":[]},{"resourceId":"sid-BF23E6DA-5C8E-4D2A-A7C6-D844433C10B7","properties":{"overrideid":"sid-BF23E6DA-5C8E-4D2A-A7C6-D844433C10B7","name":"","documentation":"","conditionsequenceflow":"","executionlisteners":{"executionListeners":[]},"defaultflow":"false"},"stencil":{"id":"SequenceFlow"},"childShapes":[],"outgoing":[{"resourceId":"sid-3B712BD0-0658-4CEB-A357-7B684E2220AE"}],"bounds":{"lowerRight":{"x":1505.4453125,"y":678.75},"upperLeft":{"x":1450.8046875,"y":678.75}},"dockers":[{"x":50,"y":40},{"x":20,"y":20}],"target":{"resourceId":"sid-3B712BD0-0658-4CEB-A357-7B684E2220AE"}},{"resourceId":"sid-486A1451-145B-4D17-8B9D-C97CD338D0C7","properties":{"overrideid":"sid-486A1451-145B-4D17-8B9D-C97CD338D0C7","name":"","documentation":"","executionlisteners":{"executionListeners":[]},"asynchronousdefinition":false,"exclusivedefinition":true},"stencil":{"id":"EndNoneEvent"},"childShapes":[],"outgoing":[],"bounds":{"lowerRight":{"x":1774.6132656016987,"y":692.75},"upperLeft":{"x":1746.6132656016987,"y":664.75}},"dockers":[]},{"resourceId":"sid-161AF470-F26D-4BEE-929A-912EA3004393","properties":{"overrideid":"sid-161AF470-F26D-4BEE-929A-912EA3004393","name":"","documentation":"","executionlisteners":{"executionListeners":[]},"asynchronousdefinition":false,"exclusivedefinition":true},"stencil":{"id":"EndNoneEvent"},"childShapes":[],"outgoing":[],"bounds":{"lowerRight":{"x":1673,"y":519.467053493269},"upperLeft":{"x":1645,"y":491.46705349326896}},"dockers":[]},{"resourceId":"sid-A2A39534-2F7D-4590-8006-297EC87CB7DD","properties":{"overrideid":"sid-A2A39534-2F7D-4590-8006-297EC87CB7DD","name":"","documentation":"","conditionsequenceflow":"","executionlisteners":{"executionListeners":[]},"defaultflow":"false"},"stencil":{"id":"SequenceFlow"},"childShapes":[],"outgoing":[{"resourceId":"sid-31049292-39AE-4064-8B65-9A2ADE2B0CAF"}],"bounds":{"lowerRight":{"x":914.4062587191468,"y":879.939057330587},"upperLeft":{"x":805.6171787808532,"y":879.4847600529508}},"dockers":[{"x":50,"y":40},{"x":14,"y":14}],"target":{"resourceId":"sid-31049292-39AE-4064-8B65-9A2ADE2B0CAF"}},{"resourceId":"sid-018A5931-4BF6-4AFC-B2E7-D8EDBBB78381","properties":{"overrideid":"sid-018A5931-4BF6-4AFC-B2E7-D8EDBBB78381","name":"","documentation":"","conditionsequenceflow":"","executionlisteners":{"executionListeners":[]},"defaultflow":"false"},"stencil":{"id":"SequenceFlow"},"childShapes":[],"outgoing":[{"resourceId":"sid-0DF4E579-363F-4AB8-9872-4A5B2EC03116"}],"bounds":{"lowerRight":{"x":824.7109375,"y":498.09683401218706},"upperLeft":{"x":700.46484375,"y":498.09683401218706}},"dockers":[{"x":50,"y":40},{"x":14,"y":14}],"target":{"resourceId":"sid-0DF4E579-363F-4AB8-9872-4A5B2EC03116"}},{"resourceId":"sid-E17A5315-1478-4F78-8CC7-360214550D05","properties":{"overrideid":"sid-E17A5315-1478-4F78-8CC7-360214550D05","name":"","documentation":"","conditionsequenceflow":"","executionlisteners":{"executionListeners":[]},"defaultflow":"false"},"stencil":{"id":"SequenceFlow"},"childShapes":[],"outgoing":[{"resourceId":"sid-161AF470-F26D-4BEE-929A-912EA3004393"}],"bounds":{"lowerRight":{"x":1644.390625,"y":505.46705349326896},"upperLeft":{"x":1575.203125,"y":505.46705349326896}},"dockers":[{"x":50,"y":40},{"x":14,"y":14}],"target":{"resourceId":"sid-161AF470-F26D-4BEE-929A-912EA3004393"}},{"resourceId":"sid-7A36A452-17D7-47D1-B328-00C9E477728D","properties":{"overrideid":"sid-7A36A452-17D7-47D1-B328-00C9E477728D","name":"","documentation":"","conditionsequenceflow":"","executionlisteners":{"executionListeners":[]},"defaultflow":"false"},"stencil":{"id":"SequenceFlow"},"childShapes":[],"outgoing":[{"resourceId":"sid-5DC7B98C-A027-46E6-94F1-BDA4112744E1"}],"bounds":{"lowerRight":{"x":1394.03125,"y":505.46705349326896},"upperLeft":{"x":1310.47265625,"y":505.46705349326896}},"dockers":[{"x":50,"y":40},{"x":14,"y":14}],"target":{"resourceId":"sid-5DC7B98C-A027-46E6-94F1-BDA4112744E1"}},{"resourceId":"sid-6F1F5DF6-56A3-4ADC-B528-64BBF8DD94A3","properties":{"overrideid":"sid-6F1F5DF6-56A3-4ADC-B528-64BBF8DD94A3","name":"","documentation":"","conditionsequenceflow":"","executionlisteners":{"executionListeners":[]},"defaultflow":"false"},"stencil":{"id":"SequenceFlow"},"childShapes":[],"outgoing":[{"resourceId":"sid-67A0226E-607B-4925-9184-ECF06D6F7105"}],"bounds":{"lowerRight":{"x":1385.875,"y":865},"upperLeft":{"x":1310.21875,"y":865}},"dockers":[{"x":50,"y":40},{"x":14,"y":14}],"target":{"resourceId":"sid-67A0226E-607B-4925-9184-ECF06D6F7105"}},{"resourceId":"sid-E4E86F07-E51D-4169-A174-56279A3ED401","properties":{"overrideid":"sid-E4E86F07-E51D-4169-A174-56279A3ED401","name":"","documentation":"","conditionsequenceflow":"","executionlisteners":{"executionListeners":[]},"defaultflow":"false"},"stencil":{"id":"SequenceFlow"},"childShapes":[],"outgoing":[{"resourceId":"sid-CA9D8FEE-72A7-41A1-84C8-D208EC5D0BDB"}],"bounds":{"lowerRight":{"x":104.625,"y":678.75},"upperLeft":{"x":45.0625,"y":675}},"dockers":[{"x":15,"y":15},{"x":75,"y":675},{"x":75,"y":678.75},{"x":50,"y":40}],"target":{"resourceId":"sid-CA9D8FEE-72A7-41A1-84C8-D208EC5D0BDB"}},{"resourceId":"sid-CA9D8FEE-72A7-41A1-84C8-D208EC5D0BDB","properties":{"scriptformat":"groovy","scripttext":"def claimId = \"CLAIM-\"+execution.getProcessInstanceId()\ndef policyId = execution.getVariable(\"policyId\")\nexecution.setVariable(\"claimId\", claimId)\nexecution.setVariable(\"businessKey\", policyId)\nexecution.getEngineServices().getRuntimeService().updateBusinessKey(execution.getProcessInstanceId(),policyId);\nexecution.setVariable(\"customerId\", currentPolicy.getEntity().get(\"customerId\").asText())\nexecution.setVariable(\"policyFolder\",policyId+\"/\"+claimId )","executionvariables":"","overrideid":"sid-CA9D8FEE-72A7-41A1-84C8-D208EC5D0BDB","name":"Set Business Key","documentation":"","asynchronousdefinition":false,"exclusivedefinition":false,"executionlisteners":{"executionListeners":[]},"multiinstance_type":"None","multiinstance_cardinality":"","multiinstance_collection":"","multiinstance_variable":"","multiinstance_condition":"","isforcompensation":false},"stencil":{"id":"ScriptTask"},"childShapes":[],"outgoing":[{"resourceId":"sid-131E9173-4CC2-4048-9A38-DB476D75B035"}],"bounds":{"lowerRight":{"x":205,"y":718.75},"upperLeft":{"x":105,"y":638.75}},"dockers":[]},{"resourceId":"sid-51997409-67E2-4EEE-A22A-86ECF4071F7F","properties":{"overrideid":"sid-51997409-67E2-4EEE-A22A-86ECF4071F7F","name":"Create Claim","documentation":"","alfrescoactiontask_publish_as_type":{"publishAsType":"process_initiator"},"entityattributemapping":{"mappedDataModel":10045,"mappedEntity":"Claim","variableType":"new","newVariableName":"currentClaim","attributeMappings":[{"attributeName":"claimId","valueType":"variable","variable":{"id":"claimId","name":"claimId","type":"string"}},{"attributeName":"policyId","valueType":"variable","variable":{"id":"policyId","name":"policyId","type":"string"}},{"attributeName":"customerId","valueType":"variable","variable":{"id":"customerId","name":"customerId","type":"string"}},{"attributeName":"claimStatus","valueType":"static","staticValue":"Claim Submitted"},{"attributeName":"customerName","valueType":"field","formField":{"id":"customerName","name":"Name of the insured","type":"text"}},{"attributeName":"contactNumber","valueType":"field","formField":{"id":"contactNumber","name":"Home Telephone","type":"text"}},{"attributeName":"contactAddress","valueType":"variable","variable":{"id":"contactAddress","name":"contactAddress","type":"string"}},{"attributeName":"contactEmail","valueType":"field","formField":{"id":"contactEmail","name":"Email Address","type":"text"}},{"attributeName":"dateOfIncident","valueType":"field","formField":{"id":"dateOfIncident","name":"Date of Incident","type":"date"}},{"attributeName":"placeOfIncident","valueType":"field","formField":{"id":"placeOfIncident","name":"Place of Incident","type":"text"}},{"attributeName":"responsiblePersons","valueType":"variable","variable":{"id":"responsiblePersons","name":"responsiblePersons","type":"string"}},{"attributeName":"incidentDescription","valueType":"variable","variable":{"id":"incidentDescription","name":"incidentDescription","type":"string"}},{"attributeName":"eyeWitnesses","valueType":"variable","variable":{"id":"eyeWitnesses","name":"eyeWitnesses","type":"string"}},{"attributeName":"currentTotalValueOfAllPropertyInsured","valueType":"field","formField":{"id":"currentTotalValueOfAllPropertyInsured","name":"Current Total Value of all property insured","type":"amount"}}]},"executionlisteners":{"executionListeners":[]},"isforcompensation":false,"asynchronousdefinition":false,"exclusivedefinition":true},"stencil":{"id":"StoreEntityTask"},"childShapes":[],"outgoing":[{"resourceId":"sid-C686C458-9A2D-435A-ABDA-AE4A795D4CE5"}],"bounds":{"lowerRight":{"x":415,"y":725},"upperLeft":{"x":315,"y":645}},"dockers":[]},{"resourceId":"sid-6F400E2C-A95B-4640-B806-63B7738AACFB","properties":{"overrideid":"sid-6F400E2C-A95B-4640-B806-63B7738AACFB","name":"Fraud Investigation - ${customerName}","documentation":"","asynchronousdefinition":false,"exclusivedefinition":true,"executionlisteners":{"executionListeners":[]},"multiinstance_type":"None","multiinstance_cardinality":"","multiinstance_collection":"","multiinstance_variable":"","multiinstance_condition":"","isforcompensation":false,"usertasksendemail":true,"usertaskassignment":{"assignment":{"type":"idm","idm":{"type":"initiator"},"initiatorCanCompleteTask":false}},"formkeydefinition":"","formreference":{"id":10039,"name":"Investigate Claim"},"fieldstovariables":"","duedatedefinition":"","prioritydefinition":"","categorydefinition":"","formproperties":"","tasklisteners":{"taskListeners":[]},"emailtemplate":""},"stencil":{"id":"UserTask"},"childShapes":[],"outgoing":[{"resourceId":"sid-BF23E6DA-5C8E-4D2A-A7C6-D844433C10B7"}],"bounds":{"lowerRight":{"x":1450,"y":718.75},"upperLeft":{"x":1350,"y":638.75}},"dockers":[]},{"resourceId":"sid-949636D4-C743-4BFF-9FF2-5ADB2B56EAC1","properties":{"overrideid":"sid-949636D4-C743-4BFF-9FF2-5ADB2B56EAC1","name":"Rejected","documentation":"","conditionsequenceflow":"","executionlisteners":{"executionListeners":[]},"defaultflow":true},"stencil":{"id":"SequenceFlow"},"childShapes":[],"outgoing":[{"resourceId":"sid-79EF565E-76CF-4E8B-9F2A-5C9EC36D835A"}],"bounds":{"lowerRight":{"x":1525,"y":658.7971777258263},"upperLeft":{"x":1525,"y":545.7264710612002}},"dockers":[{"x":20,"y":20},{"x":50,"y":40}],"target":{"resourceId":"sid-79EF565E-76CF-4E8B-9F2A-5C9EC36D835A"}},{"resourceId":"sid-3B3A44C4-BD9E-42C2-AC4C-E6E857DE8128","properties":{"overrideid":"sid-3B3A44C4-BD9E-42C2-AC4C-E6E857DE8128","name":"Provide More Information  - ${customerName}","documentation":"","asynchronousdefinition":false,"exclusivedefinition":false,"executionlisteners":{"executionListeners":[]},"multiinstance_type":"None","multiinstance_cardinality":"","multiinstance_collection":"","multiinstance_variable":"","multiinstance_condition":"","isforcompensation":false,"usertasksendemail":true,"usertaskassignment":{"assignment":{"type":"idm","idm":{"type":"initiator"}}},"formkeydefinition":"","formreference":{"id":10042,"name":"Provide More Information"},"fieldstovariables":"","duedatedefinition":"","prioritydefinition":"","categorydefinition":"","formproperties":"","tasklisteners":{"taskListeners":[]},"emailtemplate":""},"stencil":{"id":"UserTask"},"childShapes":[],"outgoing":[{"resourceId":"sid-F25C349B-CCF2-4D68-85E6-4B0CC6503B23"}],"bounds":{"lowerRight":{"x":1090,"y":530},"upperLeft":{"x":990,"y":450}},"dockers":[]},{"resourceId":"sid-CF38C55A-4517-496E-9222-A1BBED67A273","properties":{"overrideid":"sid-CF38C55A-4517-496E-9222-A1BBED67A273","name":"","documentation":"","asynchronousdefinition":false,"exclusivedefinition":false,"sequencefloworder":"","executionlisteners":{"executionListeners":[]}},"stencil":{"id":"ExclusiveGateway"},"childShapes":[],"outgoing":[{"resourceId":"sid-B2A3DB09-BEE7-4E97-951B-934547D0FD33"},{"resourceId":"sid-DEFEEF80-7FBF-4910-A27F-42854CA0D361"}],"bounds":{"lowerRight":{"x":1060,"y":698.75},"upperLeft":{"x":1020,"y":658.75}},"dockers":[]},{"resourceId":"sid-93800F92-CE06-43DF-9C05-669EEEE88170","properties":{"overrideid":"sid-93800F92-CE06-43DF-9C05-669EEEE88170","name":"","documentation":"","conditionsequenceflow":"","executionlisteners":{"executionListeners":[]},"defaultflow":"false"},"stencil":{"id":"SequenceFlow"},"childShapes":[],"outgoing":[{"resourceId":"sid-CF38C55A-4517-496E-9222-A1BBED67A273"}],"bounds":{"lowerRight":{"x":1040,"y":734.8984375},"upperLeft":{"x":1040,"y":698.548828125}},"dockers":[{"x":50,"y":40},{"x":20,"y":20}],"target":{"resourceId":"sid-CF38C55A-4517-496E-9222-A1BBED67A273"}},{"resourceId":"sid-F25C349B-CCF2-4D68-85E6-4B0CC6503B23","properties":{"overrideid":"sid-F25C349B-CCF2-4D68-85E6-4B0CC6503B23","name":"","documentation":"","conditionsequenceflow":"","executionlisteners":{"executionListeners":[]},"defaultflow":"false","showdiamondmarker":false},"stencil":{"id":"SequenceFlow"},"childShapes":[],"outgoing":[{"resourceId":"sid-D682CE63-6112-44D4-A3BC-9E7656E7ADC0"}],"bounds":{"lowerRight":{"x":989.4074293864875,"y":734.4375},"upperLeft":{"x":875.1208041940363,"y":490}},"dockers":[{"x":50,"y":40},{"x":875.1208041940363,"y":490},{"x":86.12080419403628,"y":27}],"target":{"resourceId":"sid-D682CE63-6112-44D4-A3BC-9E7656E7ADC0"}},{"resourceId":"sid-F5F37A96-B55A-41CE-ABD9-1827EBA4114F","properties":{"overrideid":"sid-F5F37A96-B55A-41CE-ABD9-1827EBA4114F","name":"","documentation":"","conditionsequenceflow":"","executionlisteners":{"executionListeners":[]},"defaultflow":"false"},"stencil":{"id":"SequenceFlow"},"childShapes":[],"outgoing":[{"resourceId":"sid-22826A48-F2D9-4358-B461-A567678017EA"}],"bounds":{"lowerRight":{"x":989.53515625,"y":775},"upperLeft":{"x":889.46484375,"y":775}},"dockers":[{"x":50,"y":40},{"x":50,"y":40}],"target":{"resourceId":"sid-22826A48-F2D9-4358-B461-A567678017EA"}},{"resourceId":"sid-DEFEEF80-7FBF-4910-A27F-42854CA0D361","properties":{"overrideid":"sid-DEFEEF80-7FBF-4910-A27F-42854CA0D361","name":"","documentation":"","conditionsequenceflow":"","executionlisteners":{"executionListeners":[]},"defaultflow":true},"stencil":{"id":"SequenceFlow"},"childShapes":[],"outgoing":[{"resourceId":"sid-1C299883-3DDF-4C5F-B6FC-36096E8EC74B"}],"bounds":{"lowerRight":{"x":1094.78125,"y":678.75},"upperLeft":{"x":1059.8671875,"y":678.75}},"dockers":[{"x":20,"y":20},{"x":50,"y":40}],"target":{"resourceId":"sid-1C299883-3DDF-4C5F-B6FC-36096E8EC74B"}},{"resourceId":"sid-D842343E-981B-4270-BFA0-EA32C36C2D16","properties":{"overrideid":"sid-D842343E-981B-4270-BFA0-EA32C36C2D16","name":"","documentation":"","conditionsequenceflow":"","executionlisteners":{"executionListeners":[]},"defaultflow":"false"},"stencil":{"id":"SequenceFlow"},"childShapes":[],"outgoing":[{"resourceId":"sid-3B3A44C4-BD9E-42C2-AC4C-E6E857DE8128"}],"bounds":{"lowerRight":{"x":1040,"y":554.625},"upperLeft":{"x":1040,"y":530.375}},"dockers":[{"x":50,"y":40},{"x":50,"y":40}],"target":{"resourceId":"sid-3B3A44C4-BD9E-42C2-AC4C-E6E857DE8128"}},{"resourceId":"sid-B2A3DB09-BEE7-4E97-951B-934547D0FD33","properties":{"overrideid":"sid-B2A3DB09-BEE7-4E97-951B-934547D0FD33","name":"","documentation":"","conditionsequenceflow":{"expression":{"index":"0","outcomeFormId":"6","outcomeFormName":"Review Claim","rightOutcomeName":"Need More Information","operator":"==","type":"variables"}},"executionlisteners":{"executionListeners":[]},"defaultflow":"false"},"stencil":{"id":"SequenceFlow"},"childShapes":[],"outgoing":[{"resourceId":"sid-29B7112D-1BBA-43E5-8EEB-8BD609D9F0A6"}],"bounds":{"lowerRight":{"x":1040,"y":658.775390625},"upperLeft":{"x":1040,"y":635.2578125}},"dockers":[{"x":20,"y":20},{"x":50,"y":40}],"target":{"resourceId":"sid-29B7112D-1BBA-43E5-8EEB-8BD609D9F0A6"}},{"resourceId":"sid-A7AE56AC-62E0-4E9E-8546-5579FA21C1F6","properties":{"overrideid":"sid-A7AE56AC-62E0-4E9E-8546-5579FA21C1F6","name":"","documentation":"","conditionsequenceflow":"","executionlisteners":{"executionListeners":[]},"defaultflow":"false"},"stencil":{"id":"SequenceFlow"},"childShapes":[],"outgoing":[{"resourceId":"sid-486A1451-145B-4D17-8B9D-C97CD338D0C7"}],"bounds":{"lowerRight":{"x":1746.421189676513,"y":678.75},"upperLeft":{"x":1690.9414302882033,"y":678.75}},"dockers":[{"x":50,"y":40},{"x":14,"y":14}],"target":{"resourceId":"sid-486A1451-145B-4D17-8B9D-C97CD338D0C7"}},{"resourceId":"sid-D59860F6-8553-4684-9A61-4C8687BD2B5A","properties":{"overrideid":"sid-D59860F6-8553-4684-9A61-4C8687BD2B5A","name":"Approved","documentation":"","conditionsequenceflow":{"expression":{"index":"0","outcomeFormId":"10039","outcomeFormName":"Investigate Claim","rightOutcomeName":"Approved","operator":"==","type":"variables"}},"executionlisteners":{"executionListeners":[]},"defaultflow":"false"},"stencil":{"id":"SequenceFlow"},"childShapes":[],"outgoing":[{"resourceId":"sid-C28347CE-191E-4115-BD53-FE9A15FB06F2"}],"bounds":{"lowerRight":{"x":1589.5859375,"y":678.75},"upperLeft":{"x":1544.8671875,"y":678.75}},"dockers":[{"x":20,"y":20},{"x":50,"y":40}],"target":{"resourceId":"sid-C28347CE-191E-4115-BD53-FE9A15FB06F2"}},{"resourceId":"sid-0F97E12A-4399-4705-9608-202E222BA49D","properties":{"overrideid":"sid-0F97E12A-4399-4705-9608-202E222BA49D","name":"","documentation":"","asynchronousdefinition":false,"exclusivedefinition":false,"sequencefloworder":"","executionlisteners":{"executionListeners":[]}},"stencil":{"id":"ExclusiveGateway"},"childShapes":[],"outgoing":[{"resourceId":"sid-8D15AE71-178E-4A0D-95A7-B16420D5CD13"},{"resourceId":"sid-7DC67650-3F17-44A1-A70F-B681E22567E7"}],"bounds":{"lowerRight":{"x":175,"y":615},"upperLeft":{"x":135,"y":575}},"dockers":[]},{"resourceId":"sid-131E9173-4CC2-4048-9A38-DB476D75B035","properties":{"overrideid":"sid-131E9173-4CC2-4048-9A38-DB476D75B035","name":"","documentation":"","conditionsequenceflow":"","executionlisteners":{"executionListeners":[]},"defaultflow":"false"},"stencil":{"id":"SequenceFlow"},"childShapes":[],"outgoing":[{"resourceId":"sid-0F97E12A-4399-4705-9608-202E222BA49D"}],"bounds":{"lowerRight":{"x":155,"y":638.4921875},"upperLeft":{"x":155,"y":614.974609375}},"dockers":[{"x":50,"y":40},{"x":20,"y":20}],"target":{"resourceId":"sid-0F97E12A-4399-4705-9608-202E222BA49D"}},{"resourceId":"sid-7DC67650-3F17-44A1-A70F-B681E22567E7","properties":{"overrideid":"sid-7DC67650-3F17-44A1-A70F-B681E22567E7","name":"","documentation":"","conditionsequenceflow":{"expression":{"index":"0","outcomeFormId":"10040","outcomeFormName":"Property Claim","rightOutcomeName":"Submit Claim","operator":"==","type":"variables"}},"executionlisteners":{"executionListeners":[]},"defaultflow":"false","showdiamondmarker":false},"stencil":{"id":"SequenceFlow"},"childShapes":[],"outgoing":[{"resourceId":"sid-51997409-67E2-4EEE-A22A-86ECF4071F7F"}],"bounds":{"lowerRight":{"x":372.180752406805,"y":645},"upperLeft":{"x":174.6639709099598,"y":595}},"dockers":[{"x":20,"y":20},{"x":372.180752406805,"y":595},{"x":57.18075240680503,"y":46}],"target":{"resourceId":"sid-51997409-67E2-4EEE-A22A-86ECF4071F7F"}},{"resourceId":"sid-30F41CCC-7D93-4A64-AA2A-1949497FC04D","properties":{"overrideid":"sid-30F41CCC-7D93-4A64-AA2A-1949497FC04D","name":"Submit Claim","documentation":"","asynchronousdefinition":false,"exclusivedefinition":false,"executionlisteners":{"executionListeners":[]},"multiinstance_type":"None","multiinstance_cardinality":"","multiinstance_collection":"","multiinstance_variable":"","multiinstance_condition":"","isforcompensation":false,"usertasksendemail":true,"usertaskassignment":{"assignment":{"type":"idm","idm":{"type":"initiator"}}},"formkeydefinition":"","formreference":{"id":10040,"name":"Property Claim"},"fieldstovariables":"","duedatedefinition":"","prioritydefinition":"","categorydefinition":"","formproperties":"","tasklisteners":{"taskListeners":[]},"emailtemplate":""},"stencil":{"id":"UserTask"},"childShapes":[],"outgoing":[{"resourceId":"sid-F71FE480-90E6-4981-9CE3-140176B35837"}],"bounds":{"lowerRight":{"x":205,"y":502.727263564906},"upperLeft":{"x":105.00000000000001,"y":422.727263564906}},"dockers":[]},{"resourceId":"sid-F71FE480-90E6-4981-9CE3-140176B35837","properties":{"overrideid":"sid-F71FE480-90E6-4981-9CE3-140176B35837","name":"","documentation":"","conditionsequenceflow":"","executionlisteners":{"executionListeners":[]},"defaultflow":"false"},"stencil":{"id":"SequenceFlow"},"childShapes":[],"outgoing":[{"resourceId":"sid-0F97E12A-4399-4705-9608-202E222BA49D"}],"bounds":{"lowerRight":{"x":134.85227246717972,"y":595},"upperLeft":{"x":78.4090898687189,"y":462.727263564906}},"dockers":[{"x":49.99999999999999,"y":40},{"x":78.4090898687189,"y":462.727263564906},{"x":78.4090898687189,"y":595},{"x":20,"y":20}],"target":{"resourceId":"sid-0F97E12A-4399-4705-9608-202E222BA49D"}},{"resourceId":"sid-8D15AE71-178E-4A0D-95A7-B16420D5CD13","properties":{"overrideid":"sid-8D15AE71-178E-4A0D-95A7-B16420D5CD13","name":"","documentation":"","conditionsequenceflow":"","executionlisteners":{"executionListeners":[]},"defaultflow":true},"stencil":{"id":"SequenceFlow"},"childShapes":[],"outgoing":[{"resourceId":"sid-30F41CCC-7D93-4A64-AA2A-1949497FC04D"}],"bounds":{"lowerRight":{"x":155,"y":575.3991464388149},"upperLeft":{"x":155,"y":502.99573219407455}},"dockers":[{"x":20,"y":20},{"x":49.99999999999999,"y":40}],"target":{"resourceId":"sid-30F41CCC-7D93-4A64-AA2A-1949497FC04D"}},{"resourceId":"sid-88794E7C-F39F-43F5-B491-966508BBD5D9","properties":{"overrideid":"sid-88794E7C-F39F-43F5-B491-966508BBD5D9","name":"Update Claim - Auto Rejected","documentation":"","alfrescoactiontask_publish_as_type":{"publishAsType":"process_initiator"},"entityattributemapping":{"mappedDataModel":10045,"mappedEntity":"Claim","variableType":"new","newVariableName":"currentClaim","attributeMappings":[{"attributeName":"claimId","valueType":"variable","variable":{"id":"claimId","name":"claimId","type":"string"}},{"attributeName":"policyId","valueType":"variable","variable":{"id":"policyId","name":"policyId","type":"string"}},{"attributeName":"customerId","valueType":"variable","variable":{"id":"customerId","name":"customerId","type":"string"}},{"attributeName":"claimStatus","valueType":"static","staticValue":"Auto Rejected"},{"attributeName":"customerName","valueType":"field","formField":{"id":"customerName","name":"Name of the insured","type":"text"}},{"attributeName":"contactNumber","valueType":"field","formField":{"id":"contactNumber","name":"Home Telephone","type":"text"}},{"attributeName":"contactAddress","valueType":"variable","variable":{"id":"contactAddress","name":"contactAddress","type":"string"}},{"attributeName":"contactEmail","valueType":"field","formField":{"id":"contactEmail","name":"Email Address","type":"text"}},{"attributeName":"dateOfIncident","valueType":"field","formField":{"id":"dateOfIncident","name":"Date of Incident","type":"date"}},{"attributeName":"placeOfIncident","valueType":"field","formField":{"id":"placeOfIncident","name":"Place of Incident","type":"text"}},{"attributeName":"responsiblePersons","valueType":"variable","variable":{"id":"responsiblePersons","name":"responsiblePersons","type":"string"}},{"attributeName":"incidentDescription","valueType":"variable","variable":{"id":"incidentDescription","name":"incidentDescription","type":"string"}},{"attributeName":"eyeWitnesses","valueType":"variable","variable":{"id":"eyeWitnesses","name":"eyeWitnesses","type":"string"}},{"attributeName":"currentTotalValueOfAllPropertyInsured","valueType":"field","formField":{"id":"currentTotalValueOfAllPropertyInsured","name":"Current Total Value of all property insured","type":"amount"}}]},"executionlisteners":{"executionListeners":[]},"isforcompensation":false,"asynchronousdefinition":false,"exclusivedefinition":true},"stencil":{"id":"StoreEntityTask"},"childShapes":[],"outgoing":[{"resourceId":"sid-018A5931-4BF6-4AFC-B2E7-D8EDBBB78381"}],"bounds":{"lowerRight":{"x":700,"y":538.0968340121871},"upperLeft":{"x":600,"y":458.09683401218706}},"dockers":[]},{"resourceId":"sid-E573EECA-23EF-44FC-8339-41138B17B5F7","properties":{"overrideid":"sid-E573EECA-23EF-44FC-8339-41138B17B5F7","name":"Update Claim - Auto Approved","documentation":"","alfrescoactiontask_publish_as_type":{"publishAsType":"process_initiator"},"entityattributemapping":{"mappedDataModel":10045,"mappedEntity":"Claim","variableType":"new","newVariableName":"currentClaim","attributeMappings":[{"attributeName":"claimId","valueType":"variable","variable":{"id":"claimId","name":"claimId","type":"string"}},{"attributeName":"policyId","valueType":"variable","variable":{"id":"policyId","name":"policyId","type":"string"}},{"attributeName":"customerId","valueType":"variable","variable":{"id":"customerId","name":"customerId","type":"string"}},{"attributeName":"claimStatus","valueType":"static","staticValue":"Auto Approved"},{"attributeName":"customerName","valueType":"field","formField":{"id":"customerName","name":"Name of the insured","type":"text"}},{"attributeName":"contactNumber","valueType":"field","formField":{"id":"contactNumber","name":"Home Telephone","type":"text"}},{"attributeName":"contactAddress","valueType":"variable","variable":{"id":"contactAddress","name":"contactAddress","type":"string"}},{"attributeName":"contactEmail","valueType":"field","formField":{"id":"contactEmail","name":"Email Address","type":"text"}},{"attributeName":"dateOfIncident","valueType":"field","formField":{"id":"dateOfIncident","name":"Date of Incident","type":"date"}},{"attributeName":"placeOfIncident","valueType":"field","formField":{"id":"placeOfIncident","name":"Place of Incident","type":"text"}},{"attributeName":"responsiblePersons","valueType":"variable","variable":{"id":"responsiblePersons","name":"responsiblePersons","type":"string"}},{"attributeName":"incidentDescription","valueType":"variable","variable":{"id":"incidentDescription","name":"incidentDescription","type":"string"}},{"attributeName":"eyeWitnesses","valueType":"variable","variable":{"id":"eyeWitnesses","name":"eyeWitnesses","type":"string"}},{"attributeName":"currentTotalValueOfAllPropertyInsured","valueType":"field","formField":{"id":"currentTotalValueOfAllPropertyInsured","name":"Current Total Value of all property insured","type":"amount"}}]},"executionlisteners":{"executionListeners":[]},"isforcompensation":false,"asynchronousdefinition":false,"exclusivedefinition":true},"stencil":{"id":"StoreEntityTask"},"childShapes":[],"outgoing":[{"resourceId":"sid-A2A39534-2F7D-4590-8006-297EC87CB7DD"}],"bounds":{"lowerRight":{"x":805,"y":919.2733854688948},"upperLeft":{"x":705,"y":839.2733854688948}},"dockers":[]},{"resourceId":"sid-D682CE63-6112-44D4-A3BC-9E7656E7ADC0","properties":{"overrideid":"sid-D682CE63-6112-44D4-A3BC-9E7656E7ADC0","name":"Update Claim - Under Review","documentation":"","alfrescoactiontask_publish_as_type":{"publishAsType":"process_initiator"},"entityattributemapping":{"mappedDataModel":10045,"mappedEntity":"Claim","variableType":"new","newVariableName":"currentClaim","attributeMappings":[{"attributeName":"claimId","valueType":"variable","variable":{"id":"claimId","name":"claimId","type":"string"}},{"attributeName":"policyId","valueType":"variable","variable":{"id":"policyId","name":"policyId","type":"string"}},{"attributeName":"customerId","valueType":"variable","variable":{"id":"customerId","name":"customerId","type":"string"}},{"attributeName":"claimStatus","valueType":"static","staticValue":"Claim Under Review"},{"attributeName":"customerName","valueType":"field","formField":{"id":"customerName","name":"Name of the insured","type":"text"}},{"attributeName":"contactNumber","valueType":"field","formField":{"id":"contactNumber","name":"Home Telephone","type":"text"}},{"attributeName":"contactAddress","valueType":"variable","variable":{"id":"contactAddress","name":"contactAddress","type":"string"}},{"attributeName":"contactEmail","valueType":"field","formField":{"id":"contactEmail","name":"Email Address","type":"text"}},{"attributeName":"dateOfIncident","valueType":"field","formField":{"id":"dateOfIncident","name":"Date of Incident","type":"date"}},{"attributeName":"placeOfIncident","valueType":"field","formField":{"id":"placeOfIncident","name":"Place of Incident","type":"text"}},{"attributeName":"responsiblePersons","valueType":"variable","variable":{"id":"responsiblePersons","name":"responsiblePersons","type":"string"}},{"attributeName":"incidentDescription","valueType":"variable","variable":{"id":"incidentDescription","name":"incidentDescription","type":"string"}},{"attributeName":"eyeWitnesses","valueType":"variable","variable":{"id":"eyeWitnesses","name":"eyeWitnesses","type":"string"}},{"attributeName":"currentTotalValueOfAllPropertyInsured","valueType":"field","formField":{"id":"currentTotalValueOfAllPropertyInsured","name":"Current Total Value of all property insured","type":"amount"}}]},"executionlisteners":{"executionListeners":[]},"isforcompensation":false,"asynchronousdefinition":false,"exclusivedefinition":true},"stencil":{"id":"StoreEntityTask"},"childShapes":[],"outgoing":[{"resourceId":"sid-F5F37A96-B55A-41CE-ABD9-1827EBA4114F"}],"bounds":{"lowerRight":{"x":889,"y":815},"upperLeft":{"x":789,"y":735}},"dockers":[]},{"resourceId":"sid-EE59A7D2-EB81-452F-915C-146AD800D642","properties":{"overrideid":"sid-EE59A7D2-EB81-452F-915C-146AD800D642","name":"Update Claim - Fraud Check Passed","documentation":"","alfrescoactiontask_publish_as_type":{"publishAsType":"process_initiator"},"entityattributemapping":{"mappedDataModel":10045,"mappedEntity":"Claim","variableType":"new","newVariableName":"currentClaim","attributeMappings":[{"attributeName":"claimId","valueType":"variable","variable":{"id":"claimId","name":"claimId","type":"string"}},{"attributeName":"policyId","valueType":"variable","variable":{"id":"policyId","name":"policyId","type":"string"}},{"attributeName":"customerId","valueType":"variable","variable":{"id":"customerId","name":"customerId","type":"string"}},{"attributeName":"claimStatus","valueType":"static","staticValue":"Approved - Initial Fraud Check Passed"},{"attributeName":"customerName","valueType":"field","formField":{"id":"customerName","name":"Name of the insured","type":"text"}},{"attributeName":"contactNumber","valueType":"field","formField":{"id":"contactNumber","name":"Home Telephone","type":"text"}},{"attributeName":"contactAddress","valueType":"variable","variable":{"id":"contactAddress","name":"contactAddress","type":"string"}},{"attributeName":"contactEmail","valueType":"field","formField":{"id":"contactEmail","name":"Email Address","type":"text"}},{"attributeName":"dateOfIncident","valueType":"field","formField":{"id":"dateOfIncident","name":"Date of Incident","type":"date"}},{"attributeName":"placeOfIncident","valueType":"field","formField":{"id":"placeOfIncident","name":"Place of Incident","type":"text"}},{"attributeName":"responsiblePersons","valueType":"variable","variable":{"id":"responsiblePersons","name":"responsiblePersons","type":"string"}},{"attributeName":"incidentDescription","valueType":"variable","variable":{"id":"incidentDescription","name":"incidentDescription","type":"string"}},{"attributeName":"eyeWitnesses","valueType":"variable","variable":{"id":"eyeWitnesses","name":"eyeWitnesses","type":"string"}},{"attributeName":"currentTotalValueOfAllPropertyInsured","valueType":"field","formField":{"id":"currentTotalValueOfAllPropertyInsured","name":"Current Total Value of all property insured","type":"amount"}}]},"executionlisteners":{"executionListeners":[]},"isforcompensation":false,"asynchronousdefinition":false,"exclusivedefinition":true},"stencil":{"id":"StoreEntityTask"},"childShapes":[],"outgoing":[{"resourceId":"sid-6F1F5DF6-56A3-4ADC-B528-64BBF8DD94A3"}],"bounds":{"lowerRight":{"x":1310,"y":905},"upperLeft":{"x":1210,"y":825}},"dockers":[]},{"resourceId":"sid-023F4F2D-C9EE-473A-A835-8C7E619B9D03","properties":{"overrideid":"sid-023F4F2D-C9EE-473A-A835-8C7E619B9D03","name":"Update Claim - Fraud Check Failed","documentation":"","alfrescoactiontask_publish_as_type":{"publishAsType":"process_initiator"},"entityattributemapping":{"mappedDataModel":10045,"mappedEntity":"Claim","variableType":"new","newVariableName":"currentClaim","attributeMappings":[{"attributeName":"claimId","valueType":"variable","variable":{"id":"claimId","name":"claimId","type":"string"}},{"attributeName":"policyId","valueType":"variable","variable":{"id":"policyId","name":"policyId","type":"string"}},{"attributeName":"customerId","valueType":"variable","variable":{"id":"customerId","name":"customerId","type":"string"}},{"attributeName":"claimStatus","valueType":"static","staticValue":"Rejected - Initial Fraud Check Failed"},{"attributeName":"customerName","valueType":"field","formField":{"id":"customerName","name":"Name of the insured","type":"text"}},{"attributeName":"contactNumber","valueType":"field","formField":{"id":"contactNumber","name":"Home Telephone","type":"text"}},{"attributeName":"contactAddress","valueType":"variable","variable":{"id":"contactAddress","name":"contactAddress","type":"string"}},{"attributeName":"contactEmail","valueType":"field","formField":{"id":"contactEmail","name":"Email Address","type":"text"}},{"attributeName":"dateOfIncident","valueType":"field","formField":{"id":"dateOfIncident","name":"Date of Incident","type":"date"}},{"attributeName":"placeOfIncident","valueType":"field","formField":{"id":"placeOfIncident","name":"Place of Incident","type":"text"}},{"attributeName":"responsiblePersons","valueType":"variable","variable":{"id":"responsiblePersons","name":"responsiblePersons","type":"string"}},{"attributeName":"incidentDescription","valueType":"variable","variable":{"id":"incidentDescription","name":"incidentDescription","type":"string"}},{"attributeName":"eyeWitnesses","valueType":"variable","variable":{"id":"eyeWitnesses","name":"eyeWitnesses","type":"string"}},{"attributeName":"currentTotalValueOfAllPropertyInsured","valueType":"field","formField":{"id":"currentTotalValueOfAllPropertyInsured","name":"Current Total Value of all property insured","type":"amount"}}]},"executionlisteners":{"executionListeners":[]},"isforcompensation":false,"asynchronousdefinition":false,"exclusivedefinition":true},"stencil":{"id":"StoreEntityTask"},"childShapes":[],"outgoing":[{"resourceId":"sid-7A36A452-17D7-47D1-B328-00C9E477728D"}],"bounds":{"lowerRight":{"x":1310,"y":545.467053493269},"upperLeft":{"x":1210,"y":465.46705349326896}},"dockers":[]},{"resourceId":"sid-29B7112D-1BBA-43E5-8EEB-8BD609D9F0A6","properties":{"overrideid":"sid-29B7112D-1BBA-43E5-8EEB-8BD609D9F0A6","name":"Update Claim - More Information Required","documentation":"","alfrescoactiontask_publish_as_type":{"publishAsType":"process_initiator"},"entityattributemapping":{"mappedDataModel":10045,"mappedEntity":"Claim","variableType":"new","newVariableName":"currentClaim","attributeMappings":[{"attributeName":"claimId","valueType":"variable","variable":{"id":"claimId","name":"claimId","type":"string"}},{"attributeName":"policyId","valueType":"variable","variable":{"id":"policyId","name":"policyId","type":"string"}},{"attributeName":"customerId","valueType":"variable","variable":{"id":"customerId","name":"customerId","type":"string"}},{"attributeName":"claimStatus","valueType":"static","staticValue":"More Information Required"},{"attributeName":"customerName","valueType":"field","formField":{"id":"customerName","name":"Name of the insured","type":"text"}},{"attributeName":"contactNumber","valueType":"field","formField":{"id":"contactNumber","name":"Home Telephone","type":"text"}},{"attributeName":"contactAddress","valueType":"variable","variable":{"id":"contactAddress","name":"contactAddress","type":"string"}},{"attributeName":"contactEmail","valueType":"field","formField":{"id":"contactEmail","name":"Email Address","type":"text"}},{"attributeName":"dateOfIncident","valueType":"field","formField":{"id":"dateOfIncident","name":"Date of Incident","type":"date"}},{"attributeName":"placeOfIncident","valueType":"field","formField":{"id":"placeOfIncident","name":"Place of Incident","type":"text"}},{"attributeName":"responsiblePersons","valueType":"variable","variable":{"id":"responsiblePersons","name":"responsiblePersons","type":"string"}},{"attributeName":"incidentDescription","valueType":"variable","variable":{"id":"incidentDescription","name":"incidentDescription","type":"string"}},{"attributeName":"eyeWitnesses","valueType":"variable","variable":{"id":"eyeWitnesses","name":"eyeWitnesses","type":"string"}},{"attributeName":"currentTotalValueOfAllPropertyInsured","valueType":"field","formField":{"id":"currentTotalValueOfAllPropertyInsured","name":"Current Total Value of all property insured","type":"amount"}}]},"executionlisteners":{"executionListeners":[]},"isforcompensation":false,"asynchronousdefinition":false,"exclusivedefinition":true},"stencil":{"id":"StoreEntityTask"},"childShapes":[],"outgoing":[{"resourceId":"sid-D842343E-981B-4270-BFA0-EA32C36C2D16"}],"bounds":{"lowerRight":{"x":1090,"y":635},"upperLeft":{"x":990,"y":555}},"dockers":[]},{"resourceId":"sid-79EF565E-76CF-4E8B-9F2A-5C9EC36D835A","properties":{"overrideid":"sid-79EF565E-76CF-4E8B-9F2A-5C9EC36D835A","name":"Update Claim - Rejected","documentation":"","alfrescoactiontask_publish_as_type":{"publishAsType":"process_initiator"},"entityattributemapping":{"mappedDataModel":10045,"mappedEntity":"Claim","variableType":"new","newVariableName":"currentClaim","attributeMappings":[{"attributeName":"claimId","valueType":"variable","variable":{"id":"claimId","name":"claimId","type":"string"}},{"attributeName":"policyId","valueType":"variable","variable":{"id":"policyId","name":"policyId","type":"string"}},{"attributeName":"customerId","valueType":"variable","variable":{"id":"customerId","name":"customerId","type":"string"}},{"attributeName":"claimStatus","valueType":"static","staticValue":"Approved - Failed Fraud Investigation"},{"attributeName":"customerName","valueType":"field","formField":{"id":"customerName","name":"Name of the insured","type":"text"}},{"attributeName":"contactNumber","valueType":"field","formField":{"id":"contactNumber","name":"Home Telephone","type":"text"}},{"attributeName":"contactAddress","valueType":"variable","variable":{"id":"contactAddress","name":"contactAddress","type":"string"}},{"attributeName":"contactEmail","valueType":"field","formField":{"id":"contactEmail","name":"Email Address","type":"text"}},{"attributeName":"dateOfIncident","valueType":"field","formField":{"id":"dateOfIncident","name":"Date of Incident","type":"date"}},{"attributeName":"placeOfIncident","valueType":"field","formField":{"id":"placeOfIncident","name":"Place of Incident","type":"text"}},{"attributeName":"responsiblePersons","valueType":"variable","variable":{"id":"responsiblePersons","name":"responsiblePersons","type":"string"}},{"attributeName":"incidentDescription","valueType":"variable","variable":{"id":"incidentDescription","name":"incidentDescription","type":"string"}},{"attributeName":"eyeWitnesses","valueType":"variable","variable":{"id":"eyeWitnesses","name":"eyeWitnesses","type":"string"}},{"attributeName":"currentTotalValueOfAllPropertyInsured","valueType":"field","formField":{"id":"currentTotalValueOfAllPropertyInsured","name":"Current Total Value of all property insured","type":"amount"}}]},"executionlisteners":{"executionListeners":[]},"isforcompensation":false,"asynchronousdefinition":false,"exclusivedefinition":true},"stencil":{"id":"StoreEntityTask"},"childShapes":[],"outgoing":[{"resourceId":"sid-E17A5315-1478-4F78-8CC7-360214550D05"}],"bounds":{"lowerRight":{"x":1575,"y":545.467053493269},"upperLeft":{"x":1475,"y":465.46705349326896}},"dockers":[]},{"resourceId":"sid-C28347CE-191E-4115-BD53-FE9A15FB06F2","properties":{"overrideid":"sid-C28347CE-191E-4115-BD53-FE9A15FB06F2","name":"Update Claim - Approved","documentation":"","alfrescoactiontask_publish_as_type":{"publishAsType":"process_initiator"},"entityattributemapping":{"mappedDataModel":10045,"mappedEntity":"Claim","variableType":"new","newVariableName":"currentClaim","attributeMappings":[{"attributeName":"claimId","valueType":"variable","variable":{"id":"claimId","name":"claimId","type":"string"}},{"attributeName":"policyId","valueType":"variable","variable":{"id":"policyId","name":"policyId","type":"string"}},{"attributeName":"customerId","valueType":"variable","variable":{"id":"customerId","name":"customerId","type":"string"}},{"attributeName":"claimStatus","valueType":"static","staticValue":"Approved - Cleared Fraud Investigation"},{"attributeName":"customerName","valueType":"field","formField":{"id":"customerName","name":"Name of the insured","type":"text"}},{"attributeName":"contactNumber","valueType":"field","formField":{"id":"contactNumber","name":"Home Telephone","type":"text"}},{"attributeName":"contactAddress","valueType":"variable","variable":{"id":"contactAddress","name":"contactAddress","type":"string"}},{"attributeName":"contactEmail","valueType":"field","formField":{"id":"contactEmail","name":"Email Address","type":"text"}},{"attributeName":"dateOfIncident","valueType":"field","formField":{"id":"dateOfIncident","name":"Date of Incident","type":"date"}},{"attributeName":"placeOfIncident","valueType":"field","formField":{"id":"placeOfIncident","name":"Place of Incident","type":"text"}},{"attributeName":"responsiblePersons","valueType":"variable","variable":{"id":"responsiblePersons","name":"responsiblePersons","type":"string"}},{"attributeName":"incidentDescription","valueType":"variable","variable":{"id":"incidentDescription","name":"incidentDescription","type":"string"}},{"attributeName":"eyeWitnesses","valueType":"variable","variable":{"id":"eyeWitnesses","name":"eyeWitnesses","type":"string"}},{"attributeName":"currentTotalValueOfAllPropertyInsured","valueType":"field","formField":{"id":"currentTotalValueOfAllPropertyInsured","name":"Current Total Value of all property insured","type":"amount"}}]},"executionlisteners":{"executionListeners":[]},"isforcompensation":false,"asynchronousdefinition":false,"exclusivedefinition":true},"stencil":{"id":"StoreEntityTask"},"childShapes":[],"outgoing":[{"resourceId":"sid-A7AE56AC-62E0-4E9E-8546-5579FA21C1F6"}],"bounds":{"lowerRight":{"x":1690,"y":718.75},"upperLeft":{"x":1590,"y":638.75}},"dockers":[]},{"resourceId":"sid-C686C458-9A2D-435A-ABDA-AE4A795D4CE5","properties":{"overrideid":"sid-C686C458-9A2D-435A-ABDA-AE4A795D4CE5","name":"","documentation":"","conditionsequenceflow":"","executionlisteners":{"executionListeners":[]},"defaultflow":"false"},"stencil":{"id":"SequenceFlow"},"childShapes":[],"outgoing":[{"resourceId":"sid-5932FC60-4845-424E-85F5-26EC5F79BF1A"}],"bounds":{"lowerRight":{"x":479.37109375,"y":685},"upperLeft":{"x":415.62890625,"y":685}},"dockers":[{"x":50,"y":40},{"x":50,"y":40}],"target":{"resourceId":"sid-5932FC60-4845-424E-85F5-26EC5F79BF1A"}},{"resourceId":"sid-E13A0336-2452-4621-8530-C56E1227BFA1","properties":{"overrideid":"sid-E13A0336-2452-4621-8530-C56E1227BFA1","name":"Auto Reject","documentation":"","conditionsequenceflow":{"expression":{"index":"0","leftRestResponseId":"autoReject","rightValue":"true","operator":"==","type":"variables"}},"executionlisteners":{"executionListeners":[]},"defaultflow":"false"},"stencil":{"id":"SequenceFlow"},"childShapes":[],"outgoing":[{"resourceId":"sid-88794E7C-F39F-43F5-B491-966508BBD5D9"}],"bounds":{"lowerRight":{"x":650,"y":665.0176472043627},"upperLeft":{"x":650,"y":538.5217205877414}},"dockers":[{"x":20,"y":20},{"x":50,"y":40}],"target":{"resourceId":"sid-88794E7C-F39F-43F5-B491-966508BBD5D9"}},{"resourceId":"sid-A0C3C940-45F3-41B3-AD7C-E1BBDC9B7070","properties":{"overrideid":"sid-A0C3C940-45F3-41B3-AD7C-E1BBDC9B7070","name":"Investigation Reqd","documentation":"","conditionsequenceflow":{"expression":{"index":"0","leftRestResponseId":"investigationRequired","rightValue":"true","operator":"==","type":"variables"}},"executionlisteners":{"executionListeners":[]},"defaultflow":"false"},"stencil":{"id":"SequenceFlow"},"childShapes":[],"outgoing":[{"resourceId":"sid-D682CE63-6112-44D4-A3BC-9E7656E7ADC0"}],"bounds":{"lowerRight":{"x":839,"y":734.625},"upperLeft":{"x":670.1953125,"y":685}},"dockers":[{"x":20,"y":20},{"x":839,"y":685},{"x":50,"y":40}],"target":{"resourceId":"sid-D682CE63-6112-44D4-A3BC-9E7656E7ADC0"}},{"resourceId":"sid-104949A6-989B-4A26-9A97-41224E5BA85B","properties":{"overrideid":"sid-104949A6-989B-4A26-9A97-41224E5BA85B","name":"Auto Approve","documentation":"","conditionsequenceflow":"","executionlisteners":{"executionListeners":[]},"defaultflow":true},"stencil":{"id":"SequenceFlow"},"childShapes":[],"outgoing":[{"resourceId":"sid-E573EECA-23EF-44FC-8339-41138B17B5F7"}],"bounds":{"lowerRight":{"x":704.7813683247022,"y":880.888787224217},"upperLeft":{"x":650,"y":705.129764377365}},"dockers":[{"x":20,"y":20},{"x":650,"y":880.888787224217},{"x":50,"y":40}],"target":{"resourceId":"sid-E573EECA-23EF-44FC-8339-41138B17B5F7"}},{"resourceId":"sid-CBF77D3E-BFE3-4429-99F4-0DF5562C3A4D","properties":{"overrideid":"sid-CBF77D3E-BFE3-4429-99F4-0DF5562C3A4D","name":"Rejected","documentation":"","conditionsequenceflow":{"expression":{"index":"0","leftRestResponseId":"autoRejectFraudCheckFailed","rightValue":"true","operator":"==","type":"variables"}},"executionlisteners":{"executionListeners":[]},"defaultflow":"false"},"stencil":{"id":"SequenceFlow"},"childShapes":[],"outgoing":[{"resourceId":"sid-023F4F2D-C9EE-473A-A835-8C7E619B9D03"}],"bounds":{"lowerRight":{"x":1260,"y":658.7971777258263},"upperLeft":{"x":1260,"y":545.7264710612002}},"dockers":[{"x":20,"y":20},{"x":50,"y":40}],"target":{"resourceId":"sid-023F4F2D-C9EE-473A-A835-8C7E619B9D03"}},{"resourceId":"sid-29B835BA-9BD6-4E5F-A09A-C19CAC162521","properties":{"overrideid":"sid-29B835BA-9BD6-4E5F-A09A-C19CAC162521","name":"Deeper Discovery","documentation":"","conditionsequenceflow":{"expression":{"index":"0","leftRestResponseId":"fraudInvestigationRequired","rightValue":"true","operator":"==","type":"variables"}},"executionlisteners":{"executionListeners":[]},"defaultflow":"false"},"stencil":{"id":"SequenceFlow"},"childShapes":[],"outgoing":[{"resourceId":"sid-6F400E2C-A95B-4640-B806-63B7738AACFB"}],"bounds":{"lowerRight":{"x":1349.78125,"y":678.75},"upperLeft":{"x":1279.59375,"y":678.75}},"dockers":[{"x":20,"y":20},{"x":50,"y":40}],"target":{"resourceId":"sid-6F400E2C-A95B-4640-B806-63B7738AACFB"}},{"resourceId":"sid-B127430A-2D83-4CFF-A2D4-95B690055587","properties":{"overrideid":"sid-B127430A-2D83-4CFF-A2D4-95B690055587","name":"Approved","documentation":"","conditionsequenceflow":"","executionlisteners":{"executionListeners":[]},"defaultflow":true},"stencil":{"id":"SequenceFlow"},"childShapes":[],"outgoing":[{"resourceId":"sid-EE59A7D2-EB81-452F-915C-146AD800D642"}],"bounds":{"lowerRight":{"x":1260,"y":824.712890625},"upperLeft":{"x":1260,"y":698.666015625}},"dockers":[{"x":20,"y":20},{"x":50,"y":40}],"target":{"resourceId":"sid-EE59A7D2-EB81-452F-915C-146AD800D642"}}],"bounds":{"lowerRight":{"x":1874.6132656016987,"y":1050},"upperLeft":{"x":0,"y":0}},"stencilset":{"url":"stencilsets/bpmn2.0/bpmn2.0.json","namespace":"http://b3mn.org/stencilset/bpmn2.0#"},"ssextensions":[]}