<?xml version='1.0' encoding='UTF-8'?>
<definitions xmlns="http://www.omg.org/spec/BPMN/20100524/MODEL" xmlns:xsi="http://www.w3.org/2001/XMLSchema-instance" xmlns:xsd="http://www.w3.org/2001/XMLSchema" xmlns:activiti="http://activiti.org/bpmn" xmlns:bpmndi="http://www.omg.org/spec/BPMN/20100524/DI" xmlns:omgdc="http://www.omg.org/spec/DD/20100524/DC" xmlns:omgdi="http://www.omg.org/spec/DD/20100524/DI" typeLanguage="http://www.w3.org/2001/XMLSchema" expressionLanguage="http://www.w3.org/1999/XPath" targetNamespace="http://www.activiti.org/processdef" xmlns:modeler="http://activiti.com/modeler" modeler:version="1.0en" modeler:exportDateTime="20170530231029741" modeler:modelId="10046" modeler:modelVersion="3" modeler:modelLastUpdated="1496203091603">
  <process id="InsuranceClaimProcess" name="Insurance Claim Process" isExecutable="true">
    <extensionElements>
      <modeler:executionvariables xmlns:modeler="http://activiti.com/modeler" modeler:variableName="claimId" modeler:variableType="string"/>
      <modeler:executionvariables xmlns:modeler="http://activiti.com/modeler" modeler:variableName="policyId" modeler:variableType="string"/>
      <modeler:executionvariables xmlns:modeler="http://activiti.com/modeler" modeler:variableName="customerId" modeler:variableType="string"/>
      <modeler:executionvariables xmlns:modeler="http://activiti.com/modeler" modeler:variableName="eyeWitnesses" modeler:variableType="string"/>
      <modeler:executionvariables xmlns:modeler="http://activiti.com/modeler" modeler:variableName="incidentDescription" modeler:variableType="string"/>
      <modeler:executionvariables xmlns:modeler="http://activiti.com/modeler" modeler:variableName="responsiblePersons" modeler:variableType="string"/>
      <modeler:executionvariables xmlns:modeler="http://activiti.com/modeler" modeler:variableName="contactAddress" modeler:variableType="string"/>
    </extensionElements>
    <startEvent id="Start" name="Start" activiti:formKey="10040">
      <extensionElements>
        <modeler:form-reference-id><![CDATA[10040]]></modeler:form-reference-id>
        <modeler:form-reference-name><![CDATA[Property Claim]]></modeler:form-reference-name>
        <modeler:field-to-variable-mapping modeler:mappedDataModel="10045" modeler:mappedEntity="Policy" modeler:formFieldId="policyId" modeler:formFieldName="Policy Number" modeler:mappedColumn="policyId" modeler:mappedVariableName="currentPolicy"/>
        <modeler:editor-resource-id><![CDATA[startEvent1]]></modeler:editor-resource-id>
      </extensionElements>
    </startEvent>
    <userTask id="sid-22826A48-F2D9-4358-B461-A567678017EA" name="Review Claim - ${customerName}" activiti:assignee="$INITIATOR" activiti:formKey="6">
      <extensionElements>
        <modeler:allow-send-email><![CDATA[true]]></modeler:allow-send-email>
        <modeler:form-reference-id><![CDATA[6]]></modeler:form-reference-id>
        <modeler:form-reference-name><![CDATA[Review Claim]]></modeler:form-reference-name>
        <modeler:activiti-idm-initiator><![CDATA[true]]></modeler:activiti-idm-initiator>
        <modeler:initiator-can-complete><![CDATA[false]]></modeler:initiator-can-complete>
        <modeler:editor-resource-id><![CDATA[sid-22826A48-F2D9-4358-B461-A567678017EA]]></modeler:editor-resource-id>
      </extensionElements>
    </userTask>
    <serviceTask id="sid-5932FC60-4845-424E-85F5-26EC5F79BF1A" name="Pre Check (Validation Rules)" activiti:delegateExpression="${activiti_executeDecisionDelegate}">
      <extensionElements>
        <activiti:field name="decisionTableReferenceKey">
          <activiti:string><![CDATA[ClaimPreValidation]]></activiti:string>
        </activiti:field>
        <modeler:decisiontable-reference modeler:decisiontablereferenceid="10044" modeler:decisiontablereferencename="Claim Pre-Validation"/>
        <modeler:editor-resource-id><![CDATA[sid-5932FC60-4845-424E-85F5-26EC5F79BF1A]]></modeler:editor-resource-id>
      </extensionElements>
    </serviceTask>
    <serviceTask id="sid-1C299883-3DDF-4C5F-B6FC-36096E8EC74B" name="Fraud Check Rules" activiti:delegateExpression="${activiti_executeDecisionDelegate}">
      <extensionElements>
        <activiti:field name="decisionTableReferenceKey">
          <activiti:string><![CDATA[ClaimFraudCheckRules]]></activiti:string>
        </activiti:field>
        <modeler:decisiontable-reference modeler:decisiontablereferenceid="10043" modeler:decisiontablereferencename="Claim Fraud Check Rules"/>
        <modeler:editor-resource-id><![CDATA[sid-1C299883-3DDF-4C5F-B6FC-36096E8EC74B]]></modeler:editor-resource-id>
      </extensionElements>
    </serviceTask>
    <exclusiveGateway id="sid-849F33F2-BBC9-4698-B329-22925767C974" name="Outcome?" default="sid-104949A6-989B-4A26-9A97-41224E5BA85B">
      <extensionElements>
        <modeler:editor-resource-id><![CDATA[sid-849F33F2-BBC9-4698-B329-22925767C974]]></modeler:editor-resource-id>
      </extensionElements>
    </exclusiveGateway>
    <sequenceFlow id="sid-8B02A753-9AEF-472E-B377-E6E5BF35C61A" sourceRef="sid-5932FC60-4845-424E-85F5-26EC5F79BF1A" targetRef="sid-849F33F2-BBC9-4698-B329-22925767C974">
      <extensionElements>
        <modeler:editor-resource-id><![CDATA[sid-8B02A753-9AEF-472E-B377-E6E5BF35C61A]]></modeler:editor-resource-id>
      </extensionElements>
    </sequenceFlow>
    <endEvent id="auto-rejected">
      <extensionElements>
        <modeler:editor-resource-id><![CDATA[sid-0DF4E579-363F-4AB8-9872-4A5B2EC03116]]></modeler:editor-resource-id>
      </extensionElements>
    </endEvent>
    <endEvent id="auto-approved">
      <extensionElements>
        <modeler:editor-resource-id><![CDATA[sid-31049292-39AE-4064-8B65-9A2ADE2B0CAF]]></modeler:editor-resource-id>
      </extensionElements>
    </endEvent>
    <exclusiveGateway id="sid-3605C4C7-0D6E-4271-A1EE-EC00A99C4FA0" name="Outcome?" default="sid-B127430A-2D83-4CFF-A2D4-95B690055587">
      <extensionElements>
        <modeler:editor-resource-id><![CDATA[sid-3605C4C7-0D6E-4271-A1EE-EC00A99C4FA0]]></modeler:editor-resource-id>
      </extensionElements>
    </exclusiveGateway>
    <sequenceFlow id="sid-5056A259-F4F6-48D3-B7F3-4073BE8853DB" sourceRef="sid-1C299883-3DDF-4C5F-B6FC-36096E8EC74B" targetRef="sid-3605C4C7-0D6E-4271-A1EE-EC00A99C4FA0">
      <extensionElements>
        <modeler:editor-resource-id><![CDATA[sid-5056A259-F4F6-48D3-B7F3-4073BE8853DB]]></modeler:editor-resource-id>
      </extensionElements>
    </sequenceFlow>
    <endEvent id="sid-5DC7B98C-A027-46E6-94F1-BDA4112744E1">
      <extensionElements>
        <modeler:editor-resource-id><![CDATA[sid-5DC7B98C-A027-46E6-94F1-BDA4112744E1]]></modeler:editor-resource-id>
      </extensionElements>
    </endEvent>
    <endEvent id="sid-67A0226E-607B-4925-9184-ECF06D6F7105">
      <extensionElements>
        <modeler:editor-resource-id><![CDATA[sid-67A0226E-607B-4925-9184-ECF06D6F7105]]></modeler:editor-resource-id>
      </extensionElements>
    </endEvent>
    <exclusiveGateway id="sid-3B712BD0-0658-4CEB-A357-7B684E2220AE" name="Result?" default="sid-949636D4-C743-4BFF-9FF2-5ADB2B56EAC1">
      <extensionElements>
        <modeler:editor-resource-id><![CDATA[sid-3B712BD0-0658-4CEB-A357-7B684E2220AE]]></modeler:editor-resource-id>
      </extensionElements>
    </exclusiveGateway>
    <sequenceFlow id="sid-BF23E6DA-5C8E-4D2A-A7C6-D844433C10B7" sourceRef="sid-6F400E2C-A95B-4640-B806-63B7738AACFB" targetRef="sid-3B712BD0-0658-4CEB-A357-7B684E2220AE">
      <extensionElements>
        <modeler:editor-resource-id><![CDATA[sid-BF23E6DA-5C8E-4D2A-A7C6-D844433C10B7]]></modeler:editor-resource-id>
      </extensionElements>
    </sequenceFlow>
    <endEvent id="sid-486A1451-145B-4D17-8B9D-C97CD338D0C7">
      <extensionElements>
        <modeler:editor-resource-id><![CDATA[sid-486A1451-145B-4D17-8B9D-C97CD338D0C7]]></modeler:editor-resource-id>
      </extensionElements>
    </endEvent>
    <endEvent id="sid-161AF470-F26D-4BEE-929A-912EA3004393">
      <extensionElements>
        <modeler:editor-resource-id><![CDATA[sid-161AF470-F26D-4BEE-929A-912EA3004393]]></modeler:editor-resource-id>
      </extensionElements>
    </endEvent>
    <sequenceFlow id="sid-A2A39534-2F7D-4590-8006-297EC87CB7DD" sourceRef="sid-E573EECA-23EF-44FC-8339-41138B17B5F7" targetRef="auto-approved">
      <extensionElements>
        <modeler:editor-resource-id><![CDATA[sid-A2A39534-2F7D-4590-8006-297EC87CB7DD]]></modeler:editor-resource-id>
      </extensionElements>
    </sequenceFlow>
    <sequenceFlow id="sid-018A5931-4BF6-4AFC-B2E7-D8EDBBB78381" sourceRef="sid-88794E7C-F39F-43F5-B491-966508BBD5D9" targetRef="auto-rejected">
      <extensionElements>
        <modeler:editor-resource-id><![CDATA[sid-018A5931-4BF6-4AFC-B2E7-D8EDBBB78381]]></modeler:editor-resource-id>
      </extensionElements>
    </sequenceFlow>
    <sequenceFlow id="sid-E17A5315-1478-4F78-8CC7-360214550D05" sourceRef="sid-79EF565E-76CF-4E8B-9F2A-5C9EC36D835A" targetRef="sid-161AF470-F26D-4BEE-929A-912EA3004393">
      <extensionElements>
        <modeler:editor-resource-id><![CDATA[sid-E17A5315-1478-4F78-8CC7-360214550D05]]></modeler:editor-resource-id>
      </extensionElements>
    </sequenceFlow>
    <sequenceFlow id="sid-7A36A452-17D7-47D1-B328-00C9E477728D" sourceRef="sid-023F4F2D-C9EE-473A-A835-8C7E619B9D03" targetRef="sid-5DC7B98C-A027-46E6-94F1-BDA4112744E1">
      <extensionElements>
        <modeler:editor-resource-id><![CDATA[sid-7A36A452-17D7-47D1-B328-00C9E477728D]]></modeler:editor-resource-id>
      </extensionElements>
    </sequenceFlow>
    <sequenceFlow id="sid-6F1F5DF6-56A3-4ADC-B528-64BBF8DD94A3" sourceRef="sid-EE59A7D2-EB81-452F-915C-146AD800D642" targetRef="sid-67A0226E-607B-4925-9184-ECF06D6F7105">
      <extensionElements>
        <modeler:editor-resource-id><![CDATA[sid-6F1F5DF6-56A3-4ADC-B528-64BBF8DD94A3]]></modeler:editor-resource-id>
      </extensionElements>
    </sequenceFlow>
    <sequenceFlow id="sid-E4E86F07-E51D-4169-A174-56279A3ED401" sourceRef="Start" targetRef="sid-CA9D8FEE-72A7-41A1-84C8-D208EC5D0BDB">
      <extensionElements>
        <modeler:editor-resource-id><![CDATA[sid-E4E86F07-E51D-4169-A174-56279A3ED401]]></modeler:editor-resource-id>
      </extensionElements>
    </sequenceFlow>
    <scriptTask id="sid-CA9D8FEE-72A7-41A1-84C8-D208EC5D0BDB" name="Set Business Key" activiti:async="true" activiti:exclusive="false" scriptFormat="groovy" activiti:autoStoreVariables="false">
      <extensionElements>
        <activiti:executionListener event="start" class="com.activiti.runtime.activiti.ContentProcessorExecutionListener">
          <activiti:field name="externalContentHandler">
            <activiti:expression><![CDATA[${externalContentHandler}]]></activiti:expression>
          </activiti:field>
        </activiti:executionListener>
        <modeler:editor-resource-id><![CDATA[sid-CA9D8FEE-72A7-41A1-84C8-D208EC5D0BDB]]></modeler:editor-resource-id>
        <modeler:ignore-listener-on-import><![CDATA[com.activiti.runtime.activiti.ContentProcessorExecutionListener]]></modeler:ignore-listener-on-import>
      </extensionElements>
      <script><![CDATA[def claimId = "CLAIM-"+execution.getProcessInstanceId()
def policyId = execution.getVariable("policyId")
execution.setVariable("claimId", claimId)
execution.setVariable("businessKey", policyId)
execution.getEngineServices().getRuntimeService().updateBusinessKey(execution.getProcessInstanceId(),policyId);
execution.setVariable("customerId", currentPolicy.getEntity().get("customerId").asText())
execution.setVariable("policyFolder",policyId+"/"+claimId )]]></script>
    </scriptTask>
    <serviceTask id="sid-51997409-67E2-4EEE-A22A-86ECF4071F7F" name="Create Claim" activiti:delegateExpression="${activiti_storeEntityDelegate}">
      <extensionElements>
        <activiti:field name="publishAsType">
          <activiti:string><![CDATA[process_initiator]]></activiti:string>
        </activiti:field>
        <modeler:entity-attribute-mapping modeler:mappedDataModel="10045" modeler:mappedEntity="Claim" modeler:newVariableName="currentClaim">
          <modeler:attribute-element-mapping modeler:attribute-name="claimId" modeler:variable-id="claimId" modeler:variable-name="claimId" modeler:variable-type="string"/>
          <modeler:attribute-element-mapping modeler:attribute-name="policyId" modeler:variable-id="policyId" modeler:variable-name="policyId" modeler:variable-type="string"/>
          <modeler:attribute-element-mapping modeler:attribute-name="customerId" modeler:variable-id="customerId" modeler:variable-name="customerId" modeler:variable-type="string"/>
          <modeler:attribute-element-mapping modeler:attribute-name="claimStatus" modeler:staticValue="Claim Submitted"/>
          <modeler:attribute-element-mapping modeler:attribute-name="customerName" modeler:form-field-id="customerName" modeler:form-field-name="Name of the insured" modeler:form-field-type="text"/>
          <modeler:attribute-element-mapping modeler:attribute-name="contactNumber" modeler:form-field-id="contactNumber" modeler:form-field-name="Home Telephone" modeler:form-field-type="text"/>
          <modeler:attribute-element-mapping modeler:attribute-name="contactAddress" modeler:variable-id="contactAddress" modeler:variable-name="contactAddress" modeler:variable-type="string"/>
          <modeler:attribute-element-mapping modeler:attribute-name="contactEmail" modeler:form-field-id="contactEmail" modeler:form-field-name="Email Address" modeler:form-field-type="text"/>
          <modeler:attribute-element-mapping modeler:attribute-name="dateOfIncident" modeler:form-field-id="dateOfIncident" modeler:form-field-name="Date of Incident" modeler:form-field-type="date"/>
          <modeler:attribute-element-mapping modeler:attribute-name="placeOfIncident" modeler:form-field-id="placeOfIncident" modeler:form-field-name="Place of Incident" modeler:form-field-type="text"/>
          <modeler:attribute-element-mapping modeler:attribute-name="responsiblePersons" modeler:variable-id="responsiblePersons" modeler:variable-name="responsiblePersons" modeler:variable-type="string"/>
          <modeler:attribute-element-mapping modeler:attribute-name="incidentDescription" modeler:variable-id="incidentDescription" modeler:variable-name="incidentDescription" modeler:variable-type="string"/>
          <modeler:attribute-element-mapping modeler:attribute-name="eyeWitnesses" modeler:variable-id="eyeWitnesses" modeler:variable-name="eyeWitnesses" modeler:variable-type="string"/>
          <modeler:attribute-element-mapping modeler:attribute-name="currentTotalValueOfAllPropertyInsured" modeler:form-field-id="currentTotalValueOfAllPropertyInsured" modeler:form-field-name="Current Total Value of all property insured" modeler:form-field-type="amount"/>
        </modeler:entity-attribute-mapping>
        <modeler:editor-resource-id><![CDATA[sid-51997409-67E2-4EEE-A22A-86ECF4071F7F]]></modeler:editor-resource-id>
      </extensionElements>
    </serviceTask>
    <userTask id="sid-6F400E2C-A95B-4640-B806-63B7738AACFB" name="Fraud Investigation - ${customerName}" activiti:assignee="$INITIATOR" activiti:formKey="10039">
      <extensionElements>
        <modeler:allow-send-email><![CDATA[true]]></modeler:allow-send-email>
        <modeler:form-reference-id><![CDATA[10039]]></modeler:form-reference-id>
        <modeler:form-reference-name><![CDATA[Investigate Claim]]></modeler:form-reference-name>
        <modeler:activiti-idm-initiator><![CDATA[true]]></modeler:activiti-idm-initiator>
        <modeler:initiator-can-complete><![CDATA[false]]></modeler:initiator-can-complete>
        <modeler:editor-resource-id><![CDATA[sid-6F400E2C-A95B-4640-B806-63B7738AACFB]]></modeler:editor-resource-id>
      </extensionElements>
    </userTask>
    <sequenceFlow id="sid-949636D4-C743-4BFF-9FF2-5ADB2B56EAC1" name="Rejected" sourceRef="sid-3B712BD0-0658-4CEB-A357-7B684E2220AE" targetRef="sid-79EF565E-76CF-4E8B-9F2A-5C9EC36D835A">
      <extensionElements>
        <modeler:editor-resource-id><![CDATA[sid-949636D4-C743-4BFF-9FF2-5ADB2B56EAC1]]></modeler:editor-resource-id>
      </extensionElements>
    </sequenceFlow>
    <userTask id="sid-3B3A44C4-BD9E-42C2-AC4C-E6E857DE8128" name="Provide More Information  - ${customerName}" activiti:assignee="$INITIATOR" activiti:formKey="10042">
      <extensionElements>
        <modeler:allow-send-email><![CDATA[true]]></modeler:allow-send-email>
        <modeler:form-reference-id><![CDATA[10042]]></modeler:form-reference-id>
        <modeler:form-reference-name><![CDATA[Provide More Information]]></modeler:form-reference-name>
        <modeler:activiti-idm-initiator><![CDATA[true]]></modeler:activiti-idm-initiator>
        <modeler:initiator-can-complete><![CDATA[false]]></modeler:initiator-can-complete>
        <modeler:editor-resource-id><![CDATA[sid-3B3A44C4-BD9E-42C2-AC4C-E6E857DE8128]]></modeler:editor-resource-id>
      </extensionElements>
    </userTask>
    <exclusiveGateway id="sid-CF38C55A-4517-496E-9222-A1BBED67A273" default="sid-DEFEEF80-7FBF-4910-A27F-42854CA0D361">
      <extensionElements>
        <modeler:editor-resource-id><![CDATA[sid-CF38C55A-4517-496E-9222-A1BBED67A273]]></modeler:editor-resource-id>
      </extensionElements>
    </exclusiveGateway>
    <sequenceFlow id="sid-93800F92-CE06-43DF-9C05-669EEEE88170" sourceRef="sid-22826A48-F2D9-4358-B461-A567678017EA" targetRef="sid-CF38C55A-4517-496E-9222-A1BBED67A273">
      <extensionElements>
        <modeler:editor-resource-id><![CDATA[sid-93800F92-CE06-43DF-9C05-669EEEE88170]]></modeler:editor-resource-id>
      </extensionElements>
    </sequenceFlow>
    <sequenceFlow id="sid-F25C349B-CCF2-4D68-85E6-4B0CC6503B23" sourceRef="sid-3B3A44C4-BD9E-42C2-AC4C-E6E857DE8128" targetRef="sid-D682CE63-6112-44D4-A3BC-9E7656E7ADC0">
      <extensionElements>
        <modeler:editor-resource-id><![CDATA[sid-F25C349B-CCF2-4D68-85E6-4B0CC6503B23]]></modeler:editor-resource-id>
      </extensionElements>
    </sequenceFlow>
    <sequenceFlow id="sid-F5F37A96-B55A-41CE-ABD9-1827EBA4114F" sourceRef="sid-D682CE63-6112-44D4-A3BC-9E7656E7ADC0" targetRef="sid-22826A48-F2D9-4358-B461-A567678017EA">
      <extensionElements>
        <modeler:editor-resource-id><![CDATA[sid-F5F37A96-B55A-41CE-ABD9-1827EBA4114F]]></modeler:editor-resource-id>
      </extensionElements>
    </sequenceFlow>
    <sequenceFlow id="sid-DEFEEF80-7FBF-4910-A27F-42854CA0D361" sourceRef="sid-CF38C55A-4517-496E-9222-A1BBED67A273" targetRef="sid-1C299883-3DDF-4C5F-B6FC-36096E8EC74B">
      <extensionElements>
        <modeler:editor-resource-id><![CDATA[sid-DEFEEF80-7FBF-4910-A27F-42854CA0D361]]></modeler:editor-resource-id>
      </extensionElements>
    </sequenceFlow>
    <sequenceFlow id="sid-D842343E-981B-4270-BFA0-EA32C36C2D16" sourceRef="sid-29B7112D-1BBA-43E5-8EEB-8BD609D9F0A6" targetRef="sid-3B3A44C4-BD9E-42C2-AC4C-E6E857DE8128">
      <extensionElements>
        <modeler:editor-resource-id><![CDATA[sid-D842343E-981B-4270-BFA0-EA32C36C2D16]]></modeler:editor-resource-id>
      </extensionElements>
    </sequenceFlow>
    <sequenceFlow id="sid-B2A3DB09-BEE7-4E97-951B-934547D0FD33" sourceRef="sid-CF38C55A-4517-496E-9222-A1BBED67A273" targetRef="sid-29B7112D-1BBA-43E5-8EEB-8BD609D9F0A6">
      <extensionElements>
        <modeler:conditionDefinition modeler:index="0" modeler:outcomeFormId="6" modeler:outcomeFormName="Review Claim" modeler:rightOutcomeName="Need More Information" modeler:operator="=="/>
        <modeler:editor-resource-id><![CDATA[sid-B2A3DB09-BEE7-4E97-951B-934547D0FD33]]></modeler:editor-resource-id>
      </extensionElements>
      <conditionExpression xsi:type="tFormalExpression"><![CDATA[${(activiti_flowConditionsBean.exists(execution, 'form6outcome') && form6outcome == 'Need More Information')}]]></conditionExpression>
    </sequenceFlow>
    <sequenceFlow id="sid-A7AE56AC-62E0-4E9E-8546-5579FA21C1F6" sourceRef="sid-C28347CE-191E-4115-BD53-FE9A15FB06F2" targetRef="sid-486A1451-145B-4D17-8B9D-C97CD338D0C7">
      <extensionElements>
        <modeler:editor-resource-id><![CDATA[sid-A7AE56AC-62E0-4E9E-8546-5579FA21C1F6]]></modeler:editor-resource-id>
      </extensionElements>
    </sequenceFlow>
    <sequenceFlow id="sid-D59860F6-8553-4684-9A61-4C8687BD2B5A" name="Approved" sourceRef="sid-3B712BD0-0658-4CEB-A357-7B684E2220AE" targetRef="sid-C28347CE-191E-4115-BD53-FE9A15FB06F2">
      <extensionElements>
        <modeler:conditionDefinition modeler:index="0" modeler:outcomeFormId="10039" modeler:outcomeFormName="Investigate Claim" modeler:rightOutcomeName="Approved" modeler:operator="=="/>
        <modeler:editor-resource-id><![CDATA[sid-D59860F6-8553-4684-9A61-4C8687BD2B5A]]></modeler:editor-resource-id>
      </extensionElements>
      <conditionExpression xsi:type="tFormalExpression"><![CDATA[${(activiti_flowConditionsBean.exists(execution, 'form10039outcome') && form10039outcome == 'Approved')}]]></conditionExpression>
    </sequenceFlow>
    <exclusiveGateway id="sid-0F97E12A-4399-4705-9608-202E222BA49D" activiti:async="true" activiti:exclusive="false" default="sid-8D15AE71-178E-4A0D-95A7-B16420D5CD13">
      <extensionElements>
        <activiti:executionListener event="start" class="com.activiti.runtime.activiti.ContentProcessorExecutionListener">
          <activiti:field name="externalContentHandler">
            <activiti:expression><![CDATA[${externalContentHandler}]]></activiti:expression>
          </activiti:field>
        </activiti:executionListener>
        <modeler:editor-resource-id><![CDATA[sid-0F97E12A-4399-4705-9608-202E222BA49D]]></modeler:editor-resource-id>
        <modeler:ignore-listener-on-import><![CDATA[com.activiti.runtime.activiti.ContentProcessorExecutionListener]]></modeler:ignore-listener-on-import>
      </extensionElements>
    </exclusiveGateway>
    <sequenceFlow id="sid-131E9173-4CC2-4048-9A38-DB476D75B035" sourceRef="sid-CA9D8FEE-72A7-41A1-84C8-D208EC5D0BDB" targetRef="sid-0F97E12A-4399-4705-9608-202E222BA49D">
      <extensionElements>
        <modeler:editor-resource-id><![CDATA[sid-131E9173-4CC2-4048-9A38-DB476D75B035]]></modeler:editor-resource-id>
      </extensionElements>
    </sequenceFlow>
    <sequenceFlow id="sid-7DC67650-3F17-44A1-A70F-B681E22567E7" sourceRef="sid-0F97E12A-4399-4705-9608-202E222BA49D" targetRef="sid-51997409-67E2-4EEE-A22A-86ECF4071F7F">
      <extensionElements>
        <modeler:conditionDefinition modeler:index="0" modeler:outcomeFormId="10040" modeler:outcomeFormName="Property Claim" modeler:rightOutcomeName="Submit Claim" modeler:operator="=="/>
        <modeler:editor-resource-id><![CDATA[sid-7DC67650-3F17-44A1-A70F-B681E22567E7]]></modeler:editor-resource-id>
      </extensionElements>
      <conditionExpression xsi:type="tFormalExpression"><![CDATA[${(activiti_flowConditionsBean.exists(execution, 'form10040outcome') && form10040outcome == 'Submit Claim')}]]></conditionExpression>
    </sequenceFlow>
    <userTask id="sid-30F41CCC-7D93-4A64-AA2A-1949497FC04D" name="Submit Claim" activiti:assignee="$INITIATOR" activiti:formKey="10040">
      <extensionElements>
        <modeler:allow-send-email><![CDATA[true]]></modeler:allow-send-email>
        <modeler:form-reference-id><![CDATA[10040]]></modeler:form-reference-id>
        <modeler:form-reference-name><![CDATA[Property Claim]]></modeler:form-reference-name>
        <modeler:activiti-idm-initiator><![CDATA[true]]></modeler:activiti-idm-initiator>
        <modeler:initiator-can-complete><![CDATA[false]]></modeler:initiator-can-complete>
        <modeler:editor-resource-id><![CDATA[sid-30F41CCC-7D93-4A64-AA2A-1949497FC04D]]></modeler:editor-resource-id>
      </extensionElements>
    </userTask>
    <sequenceFlow id="sid-F71FE480-90E6-4981-9CE3-140176B35837" sourceRef="sid-30F41CCC-7D93-4A64-AA2A-1949497FC04D" targetRef="sid-0F97E12A-4399-4705-9608-202E222BA49D">
      <extensionElements>
        <modeler:editor-resource-id><![CDATA[sid-F71FE480-90E6-4981-9CE3-140176B35837]]></modeler:editor-resource-id>
      </extensionElements>
    </sequenceFlow>
    <sequenceFlow id="sid-8D15AE71-178E-4A0D-95A7-B16420D5CD13" sourceRef="sid-0F97E12A-4399-4705-9608-202E222BA49D" targetRef="sid-30F41CCC-7D93-4A64-AA2A-1949497FC04D">
      <extensionElements>
        <modeler:editor-resource-id><![CDATA[sid-8D15AE71-178E-4A0D-95A7-B16420D5CD13]]></modeler:editor-resource-id>
      </extensionElements>
    </sequenceFlow>
    <serviceTask id="sid-88794E7C-F39F-43F5-B491-966508BBD5D9" name="Update Claim - Auto Rejected" activiti:delegateExpression="${activiti_storeEntityDelegate}">
      <extensionElements>
        <activiti:field name="publishAsType">
          <activiti:string><![CDATA[process_initiator]]></activiti:string>
        </activiti:field>
        <modeler:entity-attribute-mapping modeler:mappedDataModel="10045" modeler:mappedEntity="Claim" modeler:newVariableName="currentClaim">
          <modeler:attribute-element-mapping modeler:attribute-name="claimId" modeler:variable-id="claimId" modeler:variable-name="claimId" modeler:variable-type="string"/>
          <modeler:attribute-element-mapping modeler:attribute-name="policyId" modeler:variable-id="policyId" modeler:variable-name="policyId" modeler:variable-type="string"/>
          <modeler:attribute-element-mapping modeler:attribute-name="customerId" modeler:variable-id="customerId" modeler:variable-name="customerId" modeler:variable-type="string"/>
          <modeler:attribute-element-mapping modeler:attribute-name="claimStatus" modeler:staticValue="Auto Rejected"/>
          <modeler:attribute-element-mapping modeler:attribute-name="customerName" modeler:form-field-id="customerName" modeler:form-field-name="Name of the insured" modeler:form-field-type="text"/>
          <modeler:attribute-element-mapping modeler:attribute-name="contactNumber" modeler:form-field-id="contactNumber" modeler:form-field-name="Home Telephone" modeler:form-field-type="text"/>
          <modeler:attribute-element-mapping modeler:attribute-name="contactAddress" modeler:variable-id="contactAddress" modeler:variable-name="contactAddress" modeler:variable-type="string"/>
          <modeler:attribute-element-mapping modeler:attribute-name="contactEmail" modeler:form-field-id="contactEmail" modeler:form-field-name="Email Address" modeler:form-field-type="text"/>
          <modeler:attribute-element-mapping modeler:attribute-name="dateOfIncident" modeler:form-field-id="dateOfIncident" modeler:form-field-name="Date of Incident" modeler:form-field-type="date"/>
          <modeler:attribute-element-mapping modeler:attribute-name="placeOfIncident" modeler:form-field-id="placeOfIncident" modeler:form-field-name="Place of Incident" modeler:form-field-type="text"/>
          <modeler:attribute-element-mapping modeler:attribute-name="responsiblePersons" modeler:variable-id="responsiblePersons" modeler:variable-name="responsiblePersons" modeler:variable-type="string"/>
          <modeler:attribute-element-mapping modeler:attribute-name="incidentDescription" modeler:variable-id="incidentDescription" modeler:variable-name="incidentDescription" modeler:variable-type="string"/>
          <modeler:attribute-element-mapping modeler:attribute-name="eyeWitnesses" modeler:variable-id="eyeWitnesses" modeler:variable-name="eyeWitnesses" modeler:variable-type="string"/>
          <modeler:attribute-element-mapping modeler:attribute-name="currentTotalValueOfAllPropertyInsured" modeler:form-field-id="currentTotalValueOfAllPropertyInsured" modeler:form-field-name="Current Total Value of all property insured" modeler:form-field-type="amount"/>
        </modeler:entity-attribute-mapping>
        <modeler:editor-resource-id><![CDATA[sid-88794E7C-F39F-43F5-B491-966508BBD5D9]]></modeler:editor-resource-id>
      </extensionElements>
    </serviceTask>
    <serviceTask id="sid-E573EECA-23EF-44FC-8339-41138B17B5F7" name="Update Claim - Auto Approved" activiti:delegateExpression="${activiti_storeEntityDelegate}">
      <extensionElements>
        <activiti:field name="publishAsType">
          <activiti:string><![CDATA[process_initiator]]></activiti:string>
        </activiti:field>
        <modeler:entity-attribute-mapping modeler:mappedDataModel="10045" modeler:mappedEntity="Claim" modeler:newVariableName="currentClaim">
          <modeler:attribute-element-mapping modeler:attribute-name="claimId" modeler:variable-id="claimId" modeler:variable-name="claimId" modeler:variable-type="string"/>
          <modeler:attribute-element-mapping modeler:attribute-name="policyId" modeler:variable-id="policyId" modeler:variable-name="policyId" modeler:variable-type="string"/>
          <modeler:attribute-element-mapping modeler:attribute-name="customerId" modeler:variable-id="customerId" modeler:variable-name="customerId" modeler:variable-type="string"/>
          <modeler:attribute-element-mapping modeler:attribute-name="claimStatus" modeler:staticValue="Auto Approved"/>
          <modeler:attribute-element-mapping modeler:attribute-name="customerName" modeler:form-field-id="customerName" modeler:form-field-name="Name of the insured" modeler:form-field-type="text"/>
          <modeler:attribute-element-mapping modeler:attribute-name="contactNumber" modeler:form-field-id="contactNumber" modeler:form-field-name="Home Telephone" modeler:form-field-type="text"/>
          <modeler:attribute-element-mapping modeler:attribute-name="contactAddress" modeler:variable-id="contactAddress" modeler:variable-name="contactAddress" modeler:variable-type="string"/>
          <modeler:attribute-element-mapping modeler:attribute-name="contactEmail" modeler:form-field-id="contactEmail" modeler:form-field-name="Email Address" modeler:form-field-type="text"/>
          <modeler:attribute-element-mapping modeler:attribute-name="dateOfIncident" modeler:form-field-id="dateOfIncident" modeler:form-field-name="Date of Incident" modeler:form-field-type="date"/>
          <modeler:attribute-element-mapping modeler:attribute-name="placeOfIncident" modeler:form-field-id="placeOfIncident" modeler:form-field-name="Place of Incident" modeler:form-field-type="text"/>
          <modeler:attribute-element-mapping modeler:attribute-name="responsiblePersons" modeler:variable-id="responsiblePersons" modeler:variable-name="responsiblePersons" modeler:variable-type="string"/>
          <modeler:attribute-element-mapping modeler:attribute-name="incidentDescription" modeler:variable-id="incidentDescription" modeler:variable-name="incidentDescription" modeler:variable-type="string"/>
          <modeler:attribute-element-mapping modeler:attribute-name="eyeWitnesses" modeler:variable-id="eyeWitnesses" modeler:variable-name="eyeWitnesses" modeler:variable-type="string"/>
          <modeler:attribute-element-mapping modeler:attribute-name="currentTotalValueOfAllPropertyInsured" modeler:form-field-id="currentTotalValueOfAllPropertyInsured" modeler:form-field-name="Current Total Value of all property insured" modeler:form-field-type="amount"/>
        </modeler:entity-attribute-mapping>
        <modeler:editor-resource-id><![CDATA[sid-E573EECA-23EF-44FC-8339-41138B17B5F7]]></modeler:editor-resource-id>
      </extensionElements>
    </serviceTask>
    <serviceTask id="sid-D682CE63-6112-44D4-A3BC-9E7656E7ADC0" name="Update Claim - Under Review" activiti:async="true" activiti:delegateExpression="${activiti_storeEntityDelegate}">
      <extensionElements>
        <activiti:field name="publishAsType">
          <activiti:string><![CDATA[process_initiator]]></activiti:string>
        </activiti:field>
        <activiti:executionListener event="start" class="com.activiti.runtime.activiti.ContentProcessorExecutionListener">
          <activiti:field name="externalContentHandler">
            <activiti:expression><![CDATA[${externalContentHandler}]]></activiti:expression>
          </activiti:field>
        </activiti:executionListener>
        <modeler:entity-attribute-mapping modeler:mappedDataModel="10045" modeler:mappedEntity="Claim" modeler:newVariableName="currentClaim">
          <modeler:attribute-element-mapping modeler:attribute-name="claimId" modeler:variable-id="claimId" modeler:variable-name="claimId" modeler:variable-type="string"/>
          <modeler:attribute-element-mapping modeler:attribute-name="policyId" modeler:variable-id="policyId" modeler:variable-name="policyId" modeler:variable-type="string"/>
          <modeler:attribute-element-mapping modeler:attribute-name="customerId" modeler:variable-id="customerId" modeler:variable-name="customerId" modeler:variable-type="string"/>
          <modeler:attribute-element-mapping modeler:attribute-name="claimStatus" modeler:staticValue="Claim Under Review"/>
          <modeler:attribute-element-mapping modeler:attribute-name="customerName" modeler:form-field-id="customerName" modeler:form-field-name="Name of the insured" modeler:form-field-type="text"/>
          <modeler:attribute-element-mapping modeler:attribute-name="contactNumber" modeler:form-field-id="contactNumber" modeler:form-field-name="Home Telephone" modeler:form-field-type="text"/>
          <modeler:attribute-element-mapping modeler:attribute-name="contactAddress" modeler:variable-id="contactAddress" modeler:variable-name="contactAddress" modeler:variable-type="string"/>
          <modeler:attribute-element-mapping modeler:attribute-name="contactEmail" modeler:form-field-id="contactEmail" modeler:form-field-name="Email Address" modeler:form-field-type="text"/>
          <modeler:attribute-element-mapping modeler:attribute-name="dateOfIncident" modeler:form-field-id="dateOfIncident" modeler:form-field-name="Date of Incident" modeler:form-field-type="date"/>
          <modeler:attribute-element-mapping modeler:attribute-name="placeOfIncident" modeler:form-field-id="placeOfIncident" modeler:form-field-name="Place of Incident" modeler:form-field-type="text"/>
          <modeler:attribute-element-mapping modeler:attribute-name="responsiblePersons" modeler:variable-id="responsiblePersons" modeler:variable-name="responsiblePersons" modeler:variable-type="string"/>
          <modeler:attribute-element-mapping modeler:attribute-name="incidentDescription" modeler:variable-id="incidentDescription" modeler:variable-name="incidentDescription" modeler:variable-type="string"/>
          <modeler:attribute-element-mapping modeler:attribute-name="eyeWitnesses" modeler:variable-id="eyeWitnesses" modeler:variable-name="eyeWitnesses" modeler:variable-type="string"/>
          <modeler:attribute-element-mapping modeler:attribute-name="currentTotalValueOfAllPropertyInsured" modeler:form-field-id="currentTotalValueOfAllPropertyInsured" modeler:form-field-name="Current Total Value of all property insured" modeler:form-field-type="amount"/>
        </modeler:entity-attribute-mapping>
        <modeler:editor-resource-id><![CDATA[sid-D682CE63-6112-44D4-A3BC-9E7656E7ADC0]]></modeler:editor-resource-id>
        <modeler:ignore-listener-on-import><![CDATA[com.activiti.runtime.activiti.ContentProcessorExecutionListener]]></modeler:ignore-listener-on-import>
      </extensionElements>
    </serviceTask>
    <serviceTask id="sid-EE59A7D2-EB81-452F-915C-146AD800D642" name="Update Claim - Fraud Check Passed" activiti:delegateExpression="${activiti_storeEntityDelegate}">
      <extensionElements>
        <activiti:field name="publishAsType">
          <activiti:string><![CDATA[process_initiator]]></activiti:string>
        </activiti:field>
        <modeler:entity-attribute-mapping modeler:mappedDataModel="10045" modeler:mappedEntity="Claim" modeler:newVariableName="currentClaim">
          <modeler:attribute-element-mapping modeler:attribute-name="claimId" modeler:variable-id="claimId" modeler:variable-name="claimId" modeler:variable-type="string"/>
          <modeler:attribute-element-mapping modeler:attribute-name="policyId" modeler:variable-id="policyId" modeler:variable-name="policyId" modeler:variable-type="string"/>
          <modeler:attribute-element-mapping modeler:attribute-name="customerId" modeler:variable-id="customerId" modeler:variable-name="customerId" modeler:variable-type="string"/>
          <modeler:attribute-element-mapping modeler:attribute-name="claimStatus" modeler:staticValue="Approved - Initial Fraud Check Passed"/>
          <modeler:attribute-element-mapping modeler:attribute-name="customerName" modeler:form-field-id="customerName" modeler:form-field-name="Name of the insured" modeler:form-field-type="text"/>
          <modeler:attribute-element-mapping modeler:attribute-name="contactNumber" modeler:form-field-id="contactNumber" modeler:form-field-name="Home Telephone" modeler:form-field-type="text"/>
          <modeler:attribute-element-mapping modeler:attribute-name="contactAddress" modeler:variable-id="contactAddress" modeler:variable-name="contactAddress" modeler:variable-type="string"/>
          <modeler:attribute-element-mapping modeler:attribute-name="contactEmail" modeler:form-field-id="contactEmail" modeler:form-field-name="Email Address" modeler:form-field-type="text"/>
          <modeler:attribute-element-mapping modeler:attribute-name="dateOfIncident" modeler:form-field-id="dateOfIncident" modeler:form-field-name="Date of Incident" modeler:form-field-type="date"/>
          <modeler:attribute-element-mapping modeler:attribute-name="placeOfIncident" modeler:form-field-id="placeOfIncident" modeler:form-field-name="Place of Incident" modeler:form-field-type="text"/>
          <modeler:attribute-element-mapping modeler:attribute-name="responsiblePersons" modeler:variable-id="responsiblePersons" modeler:variable-name="responsiblePersons" modeler:variable-type="string"/>
          <modeler:attribute-element-mapping modeler:attribute-name="incidentDescription" modeler:variable-id="incidentDescription" modeler:variable-name="incidentDescription" modeler:variable-type="string"/>
          <modeler:attribute-element-mapping modeler:attribute-name="eyeWitnesses" modeler:variable-id="eyeWitnesses" modeler:variable-name="eyeWitnesses" modeler:variable-type="string"/>
          <modeler:attribute-element-mapping modeler:attribute-name="currentTotalValueOfAllPropertyInsured" modeler:form-field-id="currentTotalValueOfAllPropertyInsured" modeler:form-field-name="Current Total Value of all property insured" modeler:form-field-type="amount"/>
        </modeler:entity-attribute-mapping>
        <modeler:editor-resource-id><![CDATA[sid-EE59A7D2-EB81-452F-915C-146AD800D642]]></modeler:editor-resource-id>
      </extensionElements>
    </serviceTask>
    <serviceTask id="sid-023F4F2D-C9EE-473A-A835-8C7E619B9D03" name="Update Claim - Fraud Check Failed" activiti:delegateExpression="${activiti_storeEntityDelegate}">
      <extensionElements>
        <activiti:field name="publishAsType">
          <activiti:string><![CDATA[process_initiator]]></activiti:string>
        </activiti:field>
        <modeler:entity-attribute-mapping modeler:mappedDataModel="10045" modeler:mappedEntity="Claim" modeler:newVariableName="currentClaim">
          <modeler:attribute-element-mapping modeler:attribute-name="claimId" modeler:variable-id="claimId" modeler:variable-name="claimId" modeler:variable-type="string"/>
          <modeler:attribute-element-mapping modeler:attribute-name="policyId" modeler:variable-id="policyId" modeler:variable-name="policyId" modeler:variable-type="string"/>
          <modeler:attribute-element-mapping modeler:attribute-name="customerId" modeler:variable-id="customerId" modeler:variable-name="customerId" modeler:variable-type="string"/>
          <modeler:attribute-element-mapping modeler:attribute-name="claimStatus" modeler:staticValue="Rejected - Initial Fraud Check Failed"/>
          <modeler:attribute-element-mapping modeler:attribute-name="customerName" modeler:form-field-id="customerName" modeler:form-field-name="Name of the insured" modeler:form-field-type="text"/>
          <modeler:attribute-element-mapping modeler:attribute-name="contactNumber" modeler:form-field-id="contactNumber" modeler:form-field-name="Home Telephone" modeler:form-field-type="text"/>
          <modeler:attribute-element-mapping modeler:attribute-name="contactAddress" modeler:variable-id="contactAddress" modeler:variable-name="contactAddress" modeler:variable-type="string"/>
          <modeler:attribute-element-mapping modeler:attribute-name="contactEmail" modeler:form-field-id="contactEmail" modeler:form-field-name="Email Address" modeler:form-field-type="text"/>
          <modeler:attribute-element-mapping modeler:attribute-name="dateOfIncident" modeler:form-field-id="dateOfIncident" modeler:form-field-name="Date of Incident" modeler:form-field-type="date"/>
          <modeler:attribute-element-mapping modeler:attribute-name="placeOfIncident" modeler:form-field-id="placeOfIncident" modeler:form-field-name="Place of Incident" modeler:form-field-type="text"/>
          <modeler:attribute-element-mapping modeler:attribute-name="responsiblePersons" modeler:variable-id="responsiblePersons" modeler:variable-name="responsiblePersons" modeler:variable-type="string"/>
          <modeler:attribute-element-mapping modeler:attribute-name="incidentDescription" modeler:variable-id="incidentDescription" modeler:variable-name="incidentDescription" modeler:variable-type="string"/>
          <modeler:attribute-element-mapping modeler:attribute-name="eyeWitnesses" modeler:variable-id="eyeWitnesses" modeler:variable-name="eyeWitnesses" modeler:variable-type="string"/>
          <modeler:attribute-element-mapping modeler:attribute-name="currentTotalValueOfAllPropertyInsured" modeler:form-field-id="currentTotalValueOfAllPropertyInsured" modeler:form-field-name="Current Total Value of all property insured" modeler:form-field-type="amount"/>
        </modeler:entity-attribute-mapping>
        <modeler:editor-resource-id><![CDATA[sid-023F4F2D-C9EE-473A-A835-8C7E619B9D03]]></modeler:editor-resource-id>
      </extensionElements>
    </serviceTask>
    <serviceTask id="sid-29B7112D-1BBA-43E5-8EEB-8BD609D9F0A6" name="Update Claim - More Information Required" activiti:delegateExpression="${activiti_storeEntityDelegate}">
      <extensionElements>
        <activiti:field name="publishAsType">
          <activiti:string><![CDATA[process_initiator]]></activiti:string>
        </activiti:field>
        <modeler:entity-attribute-mapping modeler:mappedDataModel="10045" modeler:mappedEntity="Claim" modeler:newVariableName="currentClaim">
          <modeler:attribute-element-mapping modeler:attribute-name="claimId" modeler:variable-id="claimId" modeler:variable-name="claimId" modeler:variable-type="string"/>
          <modeler:attribute-element-mapping modeler:attribute-name="policyId" modeler:variable-id="policyId" modeler:variable-name="policyId" modeler:variable-type="string"/>
          <modeler:attribute-element-mapping modeler:attribute-name="customerId" modeler:variable-id="customerId" modeler:variable-name="customerId" modeler:variable-type="string"/>
          <modeler:attribute-element-mapping modeler:attribute-name="claimStatus" modeler:staticValue="More Information Required"/>
          <modeler:attribute-element-mapping modeler:attribute-name="customerName" modeler:form-field-id="customerName" modeler:form-field-name="Name of the insured" modeler:form-field-type="text"/>
          <modeler:attribute-element-mapping modeler:attribute-name="contactNumber" modeler:form-field-id="contactNumber" modeler:form-field-name="Home Telephone" modeler:form-field-type="text"/>
          <modeler:attribute-element-mapping modeler:attribute-name="contactAddress" modeler:variable-id="contactAddress" modeler:variable-name="contactAddress" modeler:variable-type="string"/>
          <modeler:attribute-element-mapping modeler:attribute-name="contactEmail" modeler:form-field-id="contactEmail" modeler:form-field-name="Email Address" modeler:form-field-type="text"/>
          <modeler:attribute-element-mapping modeler:attribute-name="dateOfIncident" modeler:form-field-id="dateOfIncident" modeler:form-field-name="Date of Incident" modeler:form-field-type="date"/>
          <modeler:attribute-element-mapping modeler:attribute-name="placeOfIncident" modeler:form-field-id="placeOfIncident" modeler:form-field-name="Place of Incident" modeler:form-field-type="text"/>
          <modeler:attribute-element-mapping modeler:attribute-name="responsiblePersons" modeler:variable-id="responsiblePersons" modeler:variable-name="responsiblePersons" modeler:variable-type="string"/>
          <modeler:attribute-element-mapping modeler:attribute-name="incidentDescription" modeler:variable-id="incidentDescription" modeler:variable-name="incidentDescription" modeler:variable-type="string"/>
          <modeler:attribute-element-mapping modeler:attribute-name="eyeWitnesses" modeler:variable-id="eyeWitnesses" modeler:variable-name="eyeWitnesses" modeler:variable-type="string"/>
          <modeler:attribute-element-mapping modeler:attribute-name="currentTotalValueOfAllPropertyInsured" modeler:form-field-id="currentTotalValueOfAllPropertyInsured" modeler:form-field-name="Current Total Value of all property insured" modeler:form-field-type="amount"/>
        </modeler:entity-attribute-mapping>
        <modeler:editor-resource-id><![CDATA[sid-29B7112D-1BBA-43E5-8EEB-8BD609D9F0A6]]></modeler:editor-resource-id>
      </extensionElements>
    </serviceTask>
    <serviceTask id="sid-79EF565E-76CF-4E8B-9F2A-5C9EC36D835A" name="Update Claim - Rejected" activiti:delegateExpression="${activiti_storeEntityDelegate}">
      <extensionElements>
        <activiti:field name="publishAsType">
          <activiti:string><![CDATA[process_initiator]]></activiti:string>
        </activiti:field>
        <modeler:entity-attribute-mapping modeler:mappedDataModel="10045" modeler:mappedEntity="Claim" modeler:newVariableName="currentClaim">
          <modeler:attribute-element-mapping modeler:attribute-name="claimId" modeler:variable-id="claimId" modeler:variable-name="claimId" modeler:variable-type="string"/>
          <modeler:attribute-element-mapping modeler:attribute-name="policyId" modeler:variable-id="policyId" modeler:variable-name="policyId" modeler:variable-type="string"/>
          <modeler:attribute-element-mapping modeler:attribute-name="customerId" modeler:variable-id="customerId" modeler:variable-name="customerId" modeler:variable-type="string"/>
          <modeler:attribute-element-mapping modeler:attribute-name="claimStatus" modeler:staticValue="Approved - Failed Fraud Investigation"/>
          <modeler:attribute-element-mapping modeler:attribute-name="customerName" modeler:form-field-id="customerName" modeler:form-field-name="Name of the insured" modeler:form-field-type="text"/>
          <modeler:attribute-element-mapping modeler:attribute-name="contactNumber" modeler:form-field-id="contactNumber" modeler:form-field-name="Home Telephone" modeler:form-field-type="text"/>
          <modeler:attribute-element-mapping modeler:attribute-name="contactAddress" modeler:variable-id="contactAddress" modeler:variable-name="contactAddress" modeler:variable-type="string"/>
          <modeler:attribute-element-mapping modeler:attribute-name="contactEmail" modeler:form-field-id="contactEmail" modeler:form-field-name="Email Address" modeler:form-field-type="text"/>
          <modeler:attribute-element-mapping modeler:attribute-name="dateOfIncident" modeler:form-field-id="dateOfIncident" modeler:form-field-name="Date of Incident" modeler:form-field-type="date"/>
          <modeler:attribute-element-mapping modeler:attribute-name="placeOfIncident" modeler:form-field-id="placeOfIncident" modeler:form-field-name="Place of Incident" modeler:form-field-type="text"/>
          <modeler:attribute-element-mapping modeler:attribute-name="responsiblePersons" modeler:variable-id="responsiblePersons" modeler:variable-name="responsiblePersons" modeler:variable-type="string"/>
          <modeler:attribute-element-mapping modeler:attribute-name="incidentDescription" modeler:variable-id="incidentDescription" modeler:variable-name="incidentDescription" modeler:variable-type="string"/>
          <modeler:attribute-element-mapping modeler:attribute-name="eyeWitnesses" modeler:variable-id="eyeWitnesses" modeler:variable-name="eyeWitnesses" modeler:variable-type="string"/>
          <modeler:attribute-element-mapping modeler:attribute-name="currentTotalValueOfAllPropertyInsured" modeler:form-field-id="currentTotalValueOfAllPropertyInsured" modeler:form-field-name="Current Total Value of all property insured" modeler:form-field-type="amount"/>
        </modeler:entity-attribute-mapping>
        <modeler:editor-resource-id><![CDATA[sid-79EF565E-76CF-4E8B-9F2A-5C9EC36D835A]]></modeler:editor-resource-id>
      </extensionElements>
    </serviceTask>
    <serviceTask id="sid-C28347CE-191E-4115-BD53-FE9A15FB06F2" name="Update Claim - Approved" activiti:delegateExpression="${activiti_storeEntityDelegate}">
      <extensionElements>
        <activiti:field name="publishAsType">
          <activiti:string><![CDATA[process_initiator]]></activiti:string>
        </activiti:field>
        <modeler:entity-attribute-mapping modeler:mappedDataModel="10045" modeler:mappedEntity="Claim" modeler:newVariableName="currentClaim">
          <modeler:attribute-element-mapping modeler:attribute-name="claimId" modeler:variable-id="claimId" modeler:variable-name="claimId" modeler:variable-type="string"/>
          <modeler:attribute-element-mapping modeler:attribute-name="policyId" modeler:variable-id="policyId" modeler:variable-name="policyId" modeler:variable-type="string"/>
          <modeler:attribute-element-mapping modeler:attribute-name="customerId" modeler:variable-id="customerId" modeler:variable-name="customerId" modeler:variable-type="string"/>
          <modeler:attribute-element-mapping modeler:attribute-name="claimStatus" modeler:staticValue="Approved - Cleared Fraud Investigation"/>
          <modeler:attribute-element-mapping modeler:attribute-name="customerName" modeler:form-field-id="customerName" modeler:form-field-name="Name of the insured" modeler:form-field-type="text"/>
          <modeler:attribute-element-mapping modeler:attribute-name="contactNumber" modeler:form-field-id="contactNumber" modeler:form-field-name="Home Telephone" modeler:form-field-type="text"/>
          <modeler:attribute-element-mapping modeler:attribute-name="contactAddress" modeler:variable-id="contactAddress" modeler:variable-name="contactAddress" modeler:variable-type="string"/>
          <modeler:attribute-element-mapping modeler:attribute-name="contactEmail" modeler:form-field-id="contactEmail" modeler:form-field-name="Email Address" modeler:form-field-type="text"/>
          <modeler:attribute-element-mapping modeler:attribute-name="dateOfIncident" modeler:form-field-id="dateOfIncident" modeler:form-field-name="Date of Incident" modeler:form-field-type="date"/>
          <modeler:attribute-element-mapping modeler:attribute-name="placeOfIncident" modeler:form-field-id="placeOfIncident" modeler:form-field-name="Place of Incident" modeler:form-field-type="text"/>
          <modeler:attribute-element-mapping modeler:attribute-name="responsiblePersons" modeler:variable-id="responsiblePersons" modeler:variable-name="responsiblePersons" modeler:variable-type="string"/>
          <modeler:attribute-element-mapping modeler:attribute-name="incidentDescription" modeler:variable-id="incidentDescription" modeler:variable-name="incidentDescription" modeler:variable-type="string"/>
          <modeler:attribute-element-mapping modeler:attribute-name="eyeWitnesses" modeler:variable-id="eyeWitnesses" modeler:variable-name="eyeWitnesses" modeler:variable-type="string"/>
          <modeler:attribute-element-mapping modeler:attribute-name="currentTotalValueOfAllPropertyInsured" modeler:form-field-id="currentTotalValueOfAllPropertyInsured" modeler:form-field-name="Current Total Value of all property insured" modeler:form-field-type="amount"/>
        </modeler:entity-attribute-mapping>
        <modeler:editor-resource-id><![CDATA[sid-C28347CE-191E-4115-BD53-FE9A15FB06F2]]></modeler:editor-resource-id>
      </extensionElements>
    </serviceTask>
    <sequenceFlow id="sid-C686C458-9A2D-435A-ABDA-AE4A795D4CE5" sourceRef="sid-51997409-67E2-4EEE-A22A-86ECF4071F7F" targetRef="sid-5932FC60-4845-424E-85F5-26EC5F79BF1A">
      <extensionElements>
        <modeler:editor-resource-id><![CDATA[sid-C686C458-9A2D-435A-ABDA-AE4A795D4CE5]]></modeler:editor-resource-id>
      </extensionElements>
    </sequenceFlow>
    <sequenceFlow id="sid-E13A0336-2452-4621-8530-C56E1227BFA1" name="Auto Reject" sourceRef="sid-849F33F2-BBC9-4698-B329-22925767C974" targetRef="sid-88794E7C-F39F-43F5-B491-966508BBD5D9">
      <extensionElements>
        <modeler:conditionDefinition modeler:index="0" modeler:leftRestResponseId="autoReject" modeler:rightValue="true" modeler:operator="=="/>
        <modeler:editor-resource-id><![CDATA[sid-E13A0336-2452-4621-8530-C56E1227BFA1]]></modeler:editor-resource-id>
      </extensionElements>
      <conditionExpression xsi:type="tFormalExpression"><![CDATA[${(activiti_flowConditionsBean.exists(execution, 'autoReject') && autoReject == true)}]]></conditionExpression>
    </sequenceFlow>
    <sequenceFlow id="sid-A0C3C940-45F3-41B3-AD7C-E1BBDC9B7070" name="Investigation Reqd" sourceRef="sid-849F33F2-BBC9-4698-B329-22925767C974" targetRef="sid-D682CE63-6112-44D4-A3BC-9E7656E7ADC0">
      <extensionElements>
        <modeler:conditionDefinition modeler:index="0" modeler:leftRestResponseId="investigationRequired" modeler:rightValue="true" modeler:operator="=="/>
        <modeler:editor-resource-id><![CDATA[sid-A0C3C940-45F3-41B3-AD7C-E1BBDC9B7070]]></modeler:editor-resource-id>
      </extensionElements>
      <conditionExpression xsi:type="tFormalExpression"><![CDATA[${(activiti_flowConditionsBean.exists(execution, 'investigationRequired') && investigationRequired == true)}]]></conditionExpression>
    </sequenceFlow>
    <sequenceFlow id="sid-104949A6-989B-4A26-9A97-41224E5BA85B" name="Auto Approve" sourceRef="sid-849F33F2-BBC9-4698-B329-22925767C974" targetRef="sid-E573EECA-23EF-44FC-8339-41138B17B5F7">
      <extensionElements>
        <modeler:editor-resource-id><![CDATA[sid-104949A6-989B-4A26-9A97-41224E5BA85B]]></modeler:editor-resource-id>
      </extensionElements>
    </sequenceFlow>
    <sequenceFlow id="sid-CBF77D3E-BFE3-4429-99F4-0DF5562C3A4D" name="Rejected" sourceRef="sid-3605C4C7-0D6E-4271-A1EE-EC00A99C4FA0" targetRef="sid-023F4F2D-C9EE-473A-A835-8C7E619B9D03">
      <extensionElements>
        <modeler:conditionDefinition modeler:index="0" modeler:leftRestResponseId="autoRejectFraudCheckFailed" modeler:rightValue="true" modeler:operator="=="/>
        <modeler:editor-resource-id><![CDATA[sid-CBF77D3E-BFE3-4429-99F4-0DF5562C3A4D]]></modeler:editor-resource-id>
      </extensionElements>
      <conditionExpression xsi:type="tFormalExpression"><![CDATA[${(activiti_flowConditionsBean.exists(execution, 'autoRejectFraudCheckFailed') && autoRejectFraudCheckFailed == true)}]]></conditionExpression>
    </sequenceFlow>
    <sequenceFlow id="sid-29B835BA-9BD6-4E5F-A09A-C19CAC162521" name="Deeper Discovery" sourceRef="sid-3605C4C7-0D6E-4271-A1EE-EC00A99C4FA0" targetRef="sid-6F400E2C-A95B-4640-B806-63B7738AACFB">
      <extensionElements>
        <modeler:conditionDefinition modeler:index="0" modeler:leftRestResponseId="fraudInvestigationRequired" modeler:rightValue="true" modeler:operator="=="/>
        <modeler:editor-resource-id><![CDATA[sid-29B835BA-9BD6-4E5F-A09A-C19CAC162521]]></modeler:editor-resource-id>
      </extensionElements>
      <conditionExpression xsi:type="tFormalExpression"><![CDATA[${(activiti_flowConditionsBean.exists(execution, 'fraudInvestigationRequired') && fraudInvestigationRequired == true)}]]></conditionExpression>
    </sequenceFlow>
    <sequenceFlow id="sid-B127430A-2D83-4CFF-A2D4-95B690055587" name="Approved" sourceRef="sid-3605C4C7-0D6E-4271-A1EE-EC00A99C4FA0" targetRef="sid-EE59A7D2-EB81-452F-915C-146AD800D642">
      <extensionElements>
        <modeler:editor-resource-id><![CDATA[sid-B127430A-2D83-4CFF-A2D4-95B690055587]]></modeler:editor-resource-id>
      </extensionElements>
    </sequenceFlow>
  </process>
  <bpmndi:BPMNDiagram id="BPMNDiagram_InsuranceClaimProcess">
    <bpmndi:BPMNPlane bpmnElement="InsuranceClaimProcess" id="BPMNPlane_InsuranceClaimProcess">
      <bpmndi:BPMNShape bpmnElement="Start" id="BPMNShape_Start">
        <omgdc:Bounds height="30.0" width="30.0" x="15.0" y="660.0"/>
      </bpmndi:BPMNShape>
      <bpmndi:BPMNShape bpmnElement="sid-22826A48-F2D9-4358-B461-A567678017EA" id="BPMNShape_sid-22826A48-F2D9-4358-B461-A567678017EA">
        <omgdc:Bounds height="80.0" width="100.0" x="990.0" y="735.0"/>
      </bpmndi:BPMNShape>
      <bpmndi:BPMNShape bpmnElement="sid-5932FC60-4845-424E-85F5-26EC5F79BF1A" id="BPMNShape_sid-5932FC60-4845-424E-85F5-26EC5F79BF1A">
        <omgdc:Bounds height="80.0" width="100.0" x="480.0" y="645.0"/>
      </bpmndi:BPMNShape>
      <bpmndi:BPMNShape bpmnElement="sid-1C299883-3DDF-4C5F-B6FC-36096E8EC74B" id="BPMNShape_sid-1C299883-3DDF-4C5F-B6FC-36096E8EC74B">
        <omgdc:Bounds height="80.0" width="100.0" x="1095.0" y="638.75"/>
      </bpmndi:BPMNShape>
      <bpmndi:BPMNShape bpmnElement="sid-849F33F2-BBC9-4698-B329-22925767C974" id="BPMNShape_sid-849F33F2-BBC9-4698-B329-22925767C974">
        <omgdc:Bounds height="40.0" width="40.0" x="630.0" y="665.0"/>
      </bpmndi:BPMNShape>
      <bpmndi:BPMNShape bpmnElement="auto-rejected" id="BPMNShape_auto-rejected">
        <omgdc:Bounds height="28.0" width="28.0" x="825.0" y="484.09683401218706"/>
      </bpmndi:BPMNShape>
      <bpmndi:BPMNShape bpmnElement="auto-approved" id="BPMNShape_auto-approved">
        <omgdc:Bounds height="28.0" width="28.0" x="915.0" y="866.0"/>
      </bpmndi:BPMNShape>
      <bpmndi:BPMNShape bpmnElement="sid-3605C4C7-0D6E-4271-A1EE-EC00A99C4FA0" id="BPMNShape_sid-3605C4C7-0D6E-4271-A1EE-EC00A99C4FA0">
        <omgdc:Bounds height="40.0" width="40.0" x="1240.0" y="658.75"/>
      </bpmndi:BPMNShape>
      <bpmndi:BPMNShape bpmnElement="sid-5DC7B98C-A027-46E6-94F1-BDA4112744E1" id="BPMNShape_sid-5DC7B98C-A027-46E6-94F1-BDA4112744E1">
        <omgdc:Bounds height="28.0" width="28.0" x="1395.0" y="491.46705349326896"/>
      </bpmndi:BPMNShape>
      <bpmndi:BPMNShape bpmnElement="sid-67A0226E-607B-4925-9184-ECF06D6F7105" id="BPMNShape_sid-67A0226E-607B-4925-9184-ECF06D6F7105">
        <omgdc:Bounds height="28.0" width="28.0" x="1386.0" y="851.0"/>
      </bpmndi:BPMNShape>
      <bpmndi:BPMNShape bpmnElement="sid-3B712BD0-0658-4CEB-A357-7B684E2220AE" id="BPMNShape_sid-3B712BD0-0658-4CEB-A357-7B684E2220AE">
        <omgdc:Bounds height="40.0" width="40.0" x="1505.0" y="658.75"/>
      </bpmndi:BPMNShape>
      <bpmndi:BPMNShape bpmnElement="sid-486A1451-145B-4D17-8B9D-C97CD338D0C7" id="BPMNShape_sid-486A1451-145B-4D17-8B9D-C97CD338D0C7">
        <omgdc:Bounds height="28.0" width="28.0" x="1746.6132656016987" y="664.75"/>
      </bpmndi:BPMNShape>
      <bpmndi:BPMNShape bpmnElement="sid-161AF470-F26D-4BEE-929A-912EA3004393" id="BPMNShape_sid-161AF470-F26D-4BEE-929A-912EA3004393">
        <omgdc:Bounds height="28.0" width="28.0" x="1645.0" y="491.46705349326896"/>
      </bpmndi:BPMNShape>
      <bpmndi:BPMNShape bpmnElement="sid-CA9D8FEE-72A7-41A1-84C8-D208EC5D0BDB" id="BPMNShape_sid-CA9D8FEE-72A7-41A1-84C8-D208EC5D0BDB">
        <omgdc:Bounds height="80.0" width="100.0" x="105.0" y="638.75"/>
      </bpmndi:BPMNShape>
      <bpmndi:BPMNShape bpmnElement="sid-51997409-67E2-4EEE-A22A-86ECF4071F7F" id="BPMNShape_sid-51997409-67E2-4EEE-A22A-86ECF4071F7F">
        <omgdc:Bounds height="80.0" width="100.0" x="315.0" y="645.0"/>
      </bpmndi:BPMNShape>
      <bpmndi:BPMNShape bpmnElement="sid-6F400E2C-A95B-4640-B806-63B7738AACFB" id="BPMNShape_sid-6F400E2C-A95B-4640-B806-63B7738AACFB">
        <omgdc:Bounds height="80.0" width="100.0" x="1350.0" y="638.75"/>
      </bpmndi:BPMNShape>
      <bpmndi:BPMNShape bpmnElement="sid-3B3A44C4-BD9E-42C2-AC4C-E6E857DE8128" id="BPMNShape_sid-3B3A44C4-BD9E-42C2-AC4C-E6E857DE8128">
        <omgdc:Bounds height="80.0" width="100.0" x="990.0" y="450.0"/>
      </bpmndi:BPMNShape>
      <bpmndi:BPMNShape bpmnElement="sid-CF38C55A-4517-496E-9222-A1BBED67A273" id="BPMNShape_sid-CF38C55A-4517-496E-9222-A1BBED67A273">
        <omgdc:Bounds height="40.0" width="40.0" x="1020.0" y="658.75"/>
      </bpmndi:BPMNShape>
      <bpmndi:BPMNShape bpmnElement="sid-0F97E12A-4399-4705-9608-202E222BA49D" id="BPMNShape_sid-0F97E12A-4399-4705-9608-202E222BA49D">
        <omgdc:Bounds height="40.0" width="40.0" x="135.0" y="575.0"/>
      </bpmndi:BPMNShape>
      <bpmndi:BPMNShape bpmnElement="sid-30F41CCC-7D93-4A64-AA2A-1949497FC04D" id="BPMNShape_sid-30F41CCC-7D93-4A64-AA2A-1949497FC04D">
        <omgdc:Bounds height="80.0" width="99.99999999999999" x="105.00000000000001" y="422.727263564906"/>
      </bpmndi:BPMNShape>
      <bpmndi:BPMNShape bpmnElement="sid-88794E7C-F39F-43F5-B491-966508BBD5D9" id="BPMNShape_sid-88794E7C-F39F-43F5-B491-966508BBD5D9">
        <omgdc:Bounds height="80.0" width="100.0" x="600.0" y="458.09683401218706"/>
      </bpmndi:BPMNShape>
      <bpmndi:BPMNShape bpmnElement="sid-E573EECA-23EF-44FC-8339-41138B17B5F7" id="BPMNShape_sid-E573EECA-23EF-44FC-8339-41138B17B5F7">
        <omgdc:Bounds height="80.0" width="100.0" x="705.0" y="839.2733854688948"/>
      </bpmndi:BPMNShape>
      <bpmndi:BPMNShape bpmnElement="sid-D682CE63-6112-44D4-A3BC-9E7656E7ADC0" id="BPMNShape_sid-D682CE63-6112-44D4-A3BC-9E7656E7ADC0">
        <omgdc:Bounds height="80.0" width="100.0" x="789.0" y="735.0"/>
      </bpmndi:BPMNShape>
      <bpmndi:BPMNShape bpmnElement="sid-EE59A7D2-EB81-452F-915C-146AD800D642" id="BPMNShape_sid-EE59A7D2-EB81-452F-915C-146AD800D642">
        <omgdc:Bounds height="80.0" width="100.0" x="1210.0" y="825.0"/>
      </bpmndi:BPMNShape>
      <bpmndi:BPMNShape bpmnElement="sid-023F4F2D-C9EE-473A-A835-8C7E619B9D03" id="BPMNShape_sid-023F4F2D-C9EE-473A-A835-8C7E619B9D03">
        <omgdc:Bounds height="80.0" width="100.0" x="1210.0" y="465.46705349326896"/>
      </bpmndi:BPMNShape>
      <bpmndi:BPMNShape bpmnElement="sid-29B7112D-1BBA-43E5-8EEB-8BD609D9F0A6" id="BPMNShape_sid-29B7112D-1BBA-43E5-8EEB-8BD609D9F0A6">
        <omgdc:Bounds height="80.0" width="100.0" x="990.0" y="555.0"/>
      </bpmndi:BPMNShape>
      <bpmndi:BPMNShape bpmnElement="sid-79EF565E-76CF-4E8B-9F2A-5C9EC36D835A" id="BPMNShape_sid-79EF565E-76CF-4E8B-9F2A-5C9EC36D835A">
        <omgdc:Bounds height="80.0" width="100.0" x="1475.0" y="465.46705349326896"/>
      </bpmndi:BPMNShape>
      <bpmndi:BPMNShape bpmnElement="sid-C28347CE-191E-4115-BD53-FE9A15FB06F2" id="BPMNShape_sid-C28347CE-191E-4115-BD53-FE9A15FB06F2">
        <omgdc:Bounds height="80.0" width="100.0" x="1590.0" y="638.75"/>
      </bpmndi:BPMNShape>
      <bpmndi:BPMNEdge bpmnElement="sid-D842343E-981B-4270-BFA0-EA32C36C2D16" id="BPMNEdge_sid-D842343E-981B-4270-BFA0-EA32C36C2D16">
        <omgdi:waypoint x="1040.0" y="555.0"/>
        <omgdi:waypoint x="1040.0" y="530.0"/>
      </bpmndi:BPMNEdge>
      <bpmndi:BPMNEdge bpmnElement="sid-6F1F5DF6-56A3-4ADC-B528-64BBF8DD94A3" id="BPMNEdge_sid-6F1F5DF6-56A3-4ADC-B528-64BBF8DD94A3">
        <omgdi:waypoint x="1310.0" y="865.0"/>
        <omgdi:waypoint x="1386.0" y="865.0"/>
      </bpmndi:BPMNEdge>
      <bpmndi:BPMNEdge bpmnElement="sid-949636D4-C743-4BFF-9FF2-5ADB2B56EAC1" id="BPMNEdge_sid-949636D4-C743-4BFF-9FF2-5ADB2B56EAC1">
        <omgdi:waypoint x="1525.0" y="658.75"/>
        <omgdi:waypoint x="1525.0" y="545.467053493269"/>
      </bpmndi:BPMNEdge>
      <bpmndi:BPMNEdge bpmnElement="sid-7A36A452-17D7-47D1-B328-00C9E477728D" id="BPMNEdge_sid-7A36A452-17D7-47D1-B328-00C9E477728D">
        <omgdi:waypoint x="1310.0" y="505.46705349326896"/>
        <omgdi:waypoint x="1395.0" y="505.46705349326896"/>
      </bpmndi:BPMNEdge>
      <bpmndi:BPMNEdge bpmnElement="sid-018A5931-4BF6-4AFC-B2E7-D8EDBBB78381" id="BPMNEdge_sid-018A5931-4BF6-4AFC-B2E7-D8EDBBB78381">
        <omgdi:waypoint x="700.0" y="498.09683401218706"/>
        <omgdi:waypoint x="825.0" y="498.09683401218706"/>
      </bpmndi:BPMNEdge>
      <bpmndi:BPMNEdge bpmnElement="sid-CBF77D3E-BFE3-4429-99F4-0DF5562C3A4D" id="BPMNEdge_sid-CBF77D3E-BFE3-4429-99F4-0DF5562C3A4D">
        <omgdi:waypoint x="1260.0" y="658.75"/>
        <omgdi:waypoint x="1260.0" y="545.467053493269"/>
      </bpmndi:BPMNEdge>
      <bpmndi:BPMNEdge bpmnElement="sid-93800F92-CE06-43DF-9C05-669EEEE88170" id="BPMNEdge_sid-93800F92-CE06-43DF-9C05-669EEEE88170">
        <omgdi:waypoint x="1040.0" y="735.0"/>
        <omgdi:waypoint x="1040.0" y="698.75"/>
      </bpmndi:BPMNEdge>
      <bpmndi:BPMNEdge bpmnElement="sid-F71FE480-90E6-4981-9CE3-140176B35837" id="BPMNEdge_sid-F71FE480-90E6-4981-9CE3-140176B35837">
        <omgdi:waypoint x="105.00000000000001" y="462.727263564906"/>
        <omgdi:waypoint x="78.4090898687189" y="462.727263564906"/>
        <omgdi:waypoint x="78.4090898687189" y="595.0"/>
        <omgdi:waypoint x="135.0" y="595.0"/>
      </bpmndi:BPMNEdge>
      <bpmndi:BPMNEdge bpmnElement="sid-BF23E6DA-5C8E-4D2A-A7C6-D844433C10B7" id="BPMNEdge_sid-BF23E6DA-5C8E-4D2A-A7C6-D844433C10B7">
        <omgdi:waypoint x="1450.0" y="678.75"/>
        <omgdi:waypoint x="1505.0" y="678.75"/>
      </bpmndi:BPMNEdge>
      <bpmndi:BPMNEdge bpmnElement="sid-E4E86F07-E51D-4169-A174-56279A3ED401" id="BPMNEdge_sid-E4E86F07-E51D-4169-A174-56279A3ED401">
        <omgdi:waypoint x="45.0" y="675.0"/>
        <omgdi:waypoint x="75.0" y="675.0"/>
        <omgdi:waypoint x="75.0" y="678.75"/>
        <omgdi:waypoint x="105.0" y="678.75"/>
      </bpmndi:BPMNEdge>
      <bpmndi:BPMNEdge bpmnElement="sid-F5F37A96-B55A-41CE-ABD9-1827EBA4114F" id="BPMNEdge_sid-F5F37A96-B55A-41CE-ABD9-1827EBA4114F">
        <omgdi:waypoint x="889.0" y="775.0"/>
        <omgdi:waypoint x="990.0" y="775.0"/>
      </bpmndi:BPMNEdge>
      <bpmndi:BPMNEdge bpmnElement="sid-104949A6-989B-4A26-9A97-41224E5BA85B" id="BPMNEdge_sid-104949A6-989B-4A26-9A97-41224E5BA85B">
        <omgdi:waypoint x="650.0" y="705.0"/>
        <omgdi:waypoint x="650.0" y="880.888787224217"/>
        <omgdi:waypoint x="705.0" y="880.0426244000007"/>
      </bpmndi:BPMNEdge>
      <bpmndi:BPMNEdge bpmnElement="sid-131E9173-4CC2-4048-9A38-DB476D75B035" id="BPMNEdge_sid-131E9173-4CC2-4048-9A38-DB476D75B035">
        <omgdi:waypoint x="155.0" y="638.75"/>
        <omgdi:waypoint x="155.0" y="615.0"/>
      </bpmndi:BPMNEdge>
      <bpmndi:BPMNEdge bpmnElement="sid-8B02A753-9AEF-472E-B377-E6E5BF35C61A" id="BPMNEdge_sid-8B02A753-9AEF-472E-B377-E6E5BF35C61A">
        <omgdi:waypoint x="580.0" y="685.0"/>
        <omgdi:waypoint x="630.0" y="685.0"/>
      </bpmndi:BPMNEdge>
      <bpmndi:BPMNEdge bpmnElement="sid-D59860F6-8553-4684-9A61-4C8687BD2B5A" id="BPMNEdge_sid-D59860F6-8553-4684-9A61-4C8687BD2B5A">
        <omgdi:waypoint x="1545.0" y="678.75"/>
        <omgdi:waypoint x="1590.0" y="678.75"/>
      </bpmndi:BPMNEdge>
      <bpmndi:BPMNEdge bpmnElement="sid-DEFEEF80-7FBF-4910-A27F-42854CA0D361" id="BPMNEdge_sid-DEFEEF80-7FBF-4910-A27F-42854CA0D361">
        <omgdi:waypoint x="1060.0" y="678.75"/>
        <omgdi:waypoint x="1095.0" y="678.75"/>
      </bpmndi:BPMNEdge>
      <bpmndi:BPMNEdge bpmnElement="sid-A7AE56AC-62E0-4E9E-8546-5579FA21C1F6" id="BPMNEdge_sid-A7AE56AC-62E0-4E9E-8546-5579FA21C1F6">
        <omgdi:waypoint x="1690.0" y="678.75"/>
        <omgdi:waypoint x="1746.6132656016987" y="678.75"/>
      </bpmndi:BPMNEdge>
      <bpmndi:BPMNEdge bpmnElement="sid-B2A3DB09-BEE7-4E97-951B-934547D0FD33" id="BPMNEdge_sid-B2A3DB09-BEE7-4E97-951B-934547D0FD33">
        <omgdi:waypoint x="1040.0" y="658.75"/>
        <omgdi:waypoint x="1040.0" y="635.0"/>
      </bpmndi:BPMNEdge>
      <bpmndi:BPMNEdge bpmnElement="sid-F25C349B-CCF2-4D68-85E6-4B0CC6503B23" id="BPMNEdge_sid-F25C349B-CCF2-4D68-85E6-4B0CC6503B23">
        <omgdi:waypoint x="990.0" y="490.0"/>
        <omgdi:waypoint x="875.1208041940363" y="490.0"/>
        <omgdi:waypoint x="875.1208041940363" y="735.0"/>
      </bpmndi:BPMNEdge>
      <bpmndi:BPMNEdge bpmnElement="sid-7DC67650-3F17-44A1-A70F-B681E22567E7" id="BPMNEdge_sid-7DC67650-3F17-44A1-A70F-B681E22567E7">
        <omgdi:waypoint x="175.0" y="595.0"/>
        <omgdi:waypoint x="372.180752406805" y="595.0"/>
        <omgdi:waypoint x="372.180752406805" y="645.0"/>
      </bpmndi:BPMNEdge>
      <bpmndi:BPMNEdge bpmnElement="sid-8D15AE71-178E-4A0D-95A7-B16420D5CD13" id="BPMNEdge_sid-8D15AE71-178E-4A0D-95A7-B16420D5CD13">
        <omgdi:waypoint x="155.0" y="575.0"/>
        <omgdi:waypoint x="155.0" y="502.727263564906"/>
      </bpmndi:BPMNEdge>
      <bpmndi:BPMNEdge bpmnElement="sid-29B835BA-9BD6-4E5F-A09A-C19CAC162521" id="BPMNEdge_sid-29B835BA-9BD6-4E5F-A09A-C19CAC162521">
        <omgdi:waypoint x="1280.0" y="678.75"/>
        <omgdi:waypoint x="1350.0" y="678.75"/>
      </bpmndi:BPMNEdge>
      <bpmndi:BPMNEdge bpmnElement="sid-E17A5315-1478-4F78-8CC7-360214550D05" id="BPMNEdge_sid-E17A5315-1478-4F78-8CC7-360214550D05">
        <omgdi:waypoint x="1575.0" y="505.46705349326896"/>
        <omgdi:waypoint x="1645.0" y="505.46705349326896"/>
      </bpmndi:BPMNEdge>
      <bpmndi:BPMNEdge bpmnElement="sid-B127430A-2D83-4CFF-A2D4-95B690055587" id="BPMNEdge_sid-B127430A-2D83-4CFF-A2D4-95B690055587">
        <omgdi:waypoint x="1260.0" y="698.75"/>
        <omgdi:waypoint x="1260.0" y="825.0"/>
      </bpmndi:BPMNEdge>
      <bpmndi:BPMNEdge bpmnElement="sid-A2A39534-2F7D-4590-8006-297EC87CB7DD" id="BPMNEdge_sid-A2A39534-2F7D-4590-8006-297EC87CB7DD">
        <omgdi:waypoint x="805.0" y="879.4821827479481"/>
        <omgdi:waypoint x="915.000122068054" y="879.9415372716146"/>
      </bpmndi:BPMNEdge>
      <bpmndi:BPMNEdge bpmnElement="sid-A0C3C940-45F3-41B3-AD7C-E1BBDC9B7070" id="BPMNEdge_sid-A0C3C940-45F3-41B3-AD7C-E1BBDC9B7070">
        <omgdi:waypoint x="670.0" y="685.0"/>
        <omgdi:waypoint x="839.0" y="685.0"/>
        <omgdi:waypoint x="839.0" y="735.0"/>
      </bpmndi:BPMNEdge>
      <bpmndi:BPMNEdge bpmnElement="sid-E13A0336-2452-4621-8530-C56E1227BFA1" id="BPMNEdge_sid-E13A0336-2452-4621-8530-C56E1227BFA1">
        <omgdi:waypoint x="650.0" y="665.0"/>
        <omgdi:waypoint x="650.0" y="538.0968340121871"/>
      </bpmndi:BPMNEdge>
      <bpmndi:BPMNEdge bpmnElement="sid-C686C458-9A2D-435A-ABDA-AE4A795D4CE5" id="BPMNEdge_sid-C686C458-9A2D-435A-ABDA-AE4A795D4CE5">
        <omgdi:waypoint x="415.0" y="685.0"/>
        <omgdi:waypoint x="480.0" y="685.0"/>
      </bpmndi:BPMNEdge>
      <bpmndi:BPMNEdge bpmnElement="sid-5056A259-F4F6-48D3-B7F3-4073BE8853DB" id="BPMNEdge_sid-5056A259-F4F6-48D3-B7F3-4073BE8853DB">
        <omgdi:waypoint x="1195.0" y="678.75"/>
        <omgdi:waypoint x="1240.0" y="678.75"/>
      </bpmndi:BPMNEdge>
    </bpmndi:BPMNPlane>
  </bpmndi:BPMNDiagram>
</definitions>