{"referenceId":null,"name":"age-rule-check","description":null,"editorJson":{"id":3004,"name":"age-rule-check","key":"agerule","hitIndicator":"FIRST","inputExpressions":[{"id":"10","variableId":"personAge","variableType":"variable","type":"number","label":"Age","entries":null,"newVariable":true}],"outputExpressions":[{"id":"8","variableId":"underAge","variableType":"variable","type":"boolean","label":"output","entries":null,"newVariable":true}],"rules":[{"8":"true","10":"< 21"},{"8":"false","10":">= 21"}],"executionVariables":[{"processVariableName":"age","processVariableType":"string"},{"processVariableName":"personAge","processVariableType":"number"}]}}