<?xml version='1.0' encoding='UTF-8'?>
<definitions xmlns="http://www.omg.org/spec/BPMN/20100524/MODEL" xmlns:xsi="http://www.w3.org/2001/XMLSchema-instance" xmlns:xsd="http://www.w3.org/2001/XMLSchema" xmlns:activiti="http://activiti.org/bpmn" xmlns:bpmndi="http://www.omg.org/spec/BPMN/20100524/DI" xmlns:omgdc="http://www.omg.org/spec/DD/20100524/DC" xmlns:omgdi="http://www.omg.org/spec/DD/20100524/DI" typeLanguage="http://www.w3.org/2001/XMLSchema" expressionLanguage="http://www.w3.org/1999/XPath" targetNamespace="http://www.activiti.org/processdef" xmlns:modeler="http://activiti.com/modeler" modeler:version="1.0en" modeler:exportDateTime="20170710151500815" modeler:modelId="23029" modeler:modelVersion="1" modeler:modelLastUpdated="1499717671303">
  <process id="variable-datamodel-mapping" name="variable-datamodel-mapping" isExecutable="true">
    <extensionElements>
      <modeler:executionvariables xmlns:modeler="http://activiti.com/modeler" modeler:variableName="employeeNumber" modeler:variableType="string" modeler:mappedDataModel="23030" modeler:mappedEntity="Employee" modeler:mappedColumn="employeeNumber" modeler:mappedVariableName="currentEmployeeDetails"/>
    </extensionElements>
    <startEvent id="startEvent1">
      <extensionElements>
        <modeler:editor-resource-id><![CDATA[startEvent1]]></modeler:editor-resource-id>
      </extensionElements>
    </startEvent>
    <sequenceFlow id="sid-7DA24DEF-EBDF-44B0-BBBA-4E709D85566F" sourceRef="startEvent1" targetRef="sid-5892961C-B49B-4773-BA73-2AA994E9EBBA">
      <extensionElements>
        <modeler:editor-resource-id><![CDATA[sid-7DA24DEF-EBDF-44B0-BBBA-4E709D85566F]]></modeler:editor-resource-id>
      </extensionElements>
    </sequenceFlow>
    <scriptTask id="sid-5892961C-B49B-4773-BA73-2AA994E9EBBA" scriptFormat="groovy" activiti:autoStoreVariables="false">
      <extensionElements>
        <activiti:executionListener event="end" delegateExpression="${variableToDataModelMapping}"/>
        <modeler:editor-resource-id><![CDATA[sid-5892961C-B49B-4773-BA73-2AA994E9EBBA]]></modeler:editor-resource-id>
      </extensionElements>
      <script><![CDATA[execution.setVariable("employeeNumber", "123")]]></script>
    </scriptTask>
    <exclusiveGateway id="sid-17F485DC-82F4-49ED-AA8D-54C684712ED0" name="Is Staff?" default="sid-E85F91DD-0879-4CF2-B378-FB736FA52FFE">
      <extensionElements>
        <modeler:editor-resource-id><![CDATA[sid-17F485DC-82F4-49ED-AA8D-54C684712ED0]]></modeler:editor-resource-id>
      </extensionElements>
    </exclusiveGateway>
    <sequenceFlow id="sid-1823EE6A-67FE-472F-9BF6-ADAF9DAD3ACD" sourceRef="sid-5892961C-B49B-4773-BA73-2AA994E9EBBA" targetRef="sid-17F485DC-82F4-49ED-AA8D-54C684712ED0">
      <extensionElements>
        <modeler:editor-resource-id><![CDATA[sid-1823EE6A-67FE-472F-9BF6-ADAF9DAD3ACD]]></modeler:editor-resource-id>
      </extensionElements>
    </sequenceFlow>
    <userTask id="sid-191E8C96-CA0C-4AE9-9DDB-A3A9439A8DCB" activiti:assignee="$INITIATOR">
      <extensionElements>
        <modeler:allow-send-email><![CDATA[true]]></modeler:allow-send-email>
        <modeler:activiti-idm-initiator><![CDATA[true]]></modeler:activiti-idm-initiator>
        <modeler:editor-resource-id><![CDATA[sid-191E8C96-CA0C-4AE9-9DDB-A3A9439A8DCB]]></modeler:editor-resource-id>
      </extensionElements>
    </userTask>
    <endEvent id="sid-0D43B76B-5258-478A-B803-54D9C7434D0E">
      <extensionElements>
        <modeler:editor-resource-id><![CDATA[sid-0D43B76B-5258-478A-B803-54D9C7434D0E]]></modeler:editor-resource-id>
      </extensionElements>
    </endEvent>
    <endEvent id="sid-704CC245-CA09-4D28-82C7-69C833227E3A">
      <extensionElements>
        <modeler:editor-resource-id><![CDATA[sid-704CC245-CA09-4D28-82C7-69C833227E3A]]></modeler:editor-resource-id>
      </extensionElements>
    </endEvent>
    <sequenceFlow id="sid-4EB94299-A978-4ACA-972E-FF26B730E7AF" sourceRef="sid-191E8C96-CA0C-4AE9-9DDB-A3A9439A8DCB" targetRef="sid-704CC245-CA09-4D28-82C7-69C833227E3A">
      <extensionElements>
        <modeler:editor-resource-id><![CDATA[sid-4EB94299-A978-4ACA-972E-FF26B730E7AF]]></modeler:editor-resource-id>
      </extensionElements>
    </sequenceFlow>
    <sequenceFlow id="sid-F7079E57-7319-436F-BB6F-77C650A56E38" name="Yes" sourceRef="sid-17F485DC-82F4-49ED-AA8D-54C684712ED0" targetRef="sid-0D43B76B-5258-478A-B803-54D9C7434D0E">
      <extensionElements>
        <modeler:conditionDefinition modeler:index="0" modeler:leftRestResponseId="currentEmployeeDetails.employmentType" modeler:rightValue="Staff" modeler:operator="=="/>
        <modeler:editor-resource-id><![CDATA[sid-F7079E57-7319-436F-BB6F-77C650A56E38]]></modeler:editor-resource-id>
      </extensionElements>
      <conditionExpression xsi:type="tFormalExpression"><![CDATA[${(activiti_flowConditionsBean.exists(execution, 'currentEmployeeDetails.employmentType') && currentEmployeeDetails.employmentType == 'Staff')}]]></conditionExpression>
    </sequenceFlow>
    <sequenceFlow id="sid-E85F91DD-0879-4CF2-B378-FB736FA52FFE" name="No" sourceRef="sid-17F485DC-82F4-49ED-AA8D-54C684712ED0" targetRef="sid-191E8C96-CA0C-4AE9-9DDB-A3A9439A8DCB">
      <extensionElements>
        <modeler:editor-resource-id><![CDATA[sid-E85F91DD-0879-4CF2-B378-FB736FA52FFE]]></modeler:editor-resource-id>
      </extensionElements>
    </sequenceFlow>
  </process>
  <bpmndi:BPMNDiagram id="BPMNDiagram_variable-datamodel-mapping">
    <bpmndi:BPMNPlane bpmnElement="variable-datamodel-mapping" id="BPMNPlane_variable-datamodel-mapping">
      <bpmndi:BPMNShape bpmnElement="startEvent1" id="BPMNShape_startEvent1">
        <omgdc:Bounds height="30.0" width="30.0" x="90.0" y="163.0"/>
      </bpmndi:BPMNShape>
      <bpmndi:BPMNShape bpmnElement="sid-5892961C-B49B-4773-BA73-2AA994E9EBBA" id="BPMNShape_sid-5892961C-B49B-4773-BA73-2AA994E9EBBA">
        <omgdc:Bounds height="80.0" width="100.0" x="175.0" y="138.0"/>
      </bpmndi:BPMNShape>
      <bpmndi:BPMNShape bpmnElement="sid-17F485DC-82F4-49ED-AA8D-54C684712ED0" id="BPMNShape_sid-17F485DC-82F4-49ED-AA8D-54C684712ED0">
        <omgdc:Bounds height="40.0" width="40.0" x="320.0" y="158.0"/>
      </bpmndi:BPMNShape>
      <bpmndi:BPMNShape bpmnElement="sid-191E8C96-CA0C-4AE9-9DDB-A3A9439A8DCB" id="BPMNShape_sid-191E8C96-CA0C-4AE9-9DDB-A3A9439A8DCB">
        <omgdc:Bounds height="80.0" width="100.0" x="405.0" y="60.0"/>
      </bpmndi:BPMNShape>
      <bpmndi:BPMNShape bpmnElement="sid-0D43B76B-5258-478A-B803-54D9C7434D0E" id="BPMNShape_sid-0D43B76B-5258-478A-B803-54D9C7434D0E">
        <omgdc:Bounds height="28.0" width="28.0" x="510.0" y="164.0"/>
      </bpmndi:BPMNShape>
      <bpmndi:BPMNShape bpmnElement="sid-704CC245-CA09-4D28-82C7-69C833227E3A" id="BPMNShape_sid-704CC245-CA09-4D28-82C7-69C833227E3A">
        <omgdc:Bounds height="28.0" width="28.0" x="550.0" y="86.0"/>
      </bpmndi:BPMNShape>
      <bpmndi:BPMNEdge bpmnElement="sid-1823EE6A-67FE-472F-9BF6-ADAF9DAD3ACD" id="BPMNEdge_sid-1823EE6A-67FE-472F-9BF6-ADAF9DAD3ACD">
        <omgdi:waypoint x="275.0" y="178.2164502164502"/>
        <omgdi:waypoint x="320.4130434782609" y="178.41304347826087"/>
      </bpmndi:BPMNEdge>
      <bpmndi:BPMNEdge bpmnElement="sid-7DA24DEF-EBDF-44B0-BBBA-4E709D85566F" id="BPMNEdge_sid-7DA24DEF-EBDF-44B0-BBBA-4E709D85566F">
        <omgdi:waypoint x="120.0" y="178.0"/>
        <omgdi:waypoint x="175.0" y="178.0"/>
      </bpmndi:BPMNEdge>
      <bpmndi:BPMNEdge bpmnElement="sid-4EB94299-A978-4ACA-972E-FF26B730E7AF" id="BPMNEdge_sid-4EB94299-A978-4ACA-972E-FF26B730E7AF">
        <omgdi:waypoint x="505.0" y="100.0"/>
        <omgdi:waypoint x="550.0" y="100.0"/>
      </bpmndi:BPMNEdge>
      <bpmndi:BPMNEdge bpmnElement="sid-E85F91DD-0879-4CF2-B378-FB736FA52FFE" id="BPMNEdge_sid-E85F91DD-0879-4CF2-B378-FB736FA52FFE">
        <omgdi:waypoint x="340.5" y="158.5"/>
        <omgdi:waypoint x="340.5" y="100.0"/>
        <omgdi:waypoint x="405.0" y="100.0"/>
      </bpmndi:BPMNEdge>
      <bpmndi:BPMNEdge bpmnElement="sid-F7079E57-7319-436F-BB6F-77C650A56E38" id="BPMNEdge_sid-F7079E57-7319-436F-BB6F-77C650A56E38">
        <omgdi:waypoint x="359.551912568306" y="178.44808743169398"/>
        <omgdi:waypoint x="510.00005197128957" y="178.03814699735344"/>
      </bpmndi:BPMNEdge>
    </bpmndi:BPMNPlane>
  </bpmndi:BPMNDiagram>
</definitions>