{"resourceId":23029,"properties":{"process_id":"variable-datamodel-mapping","name":"variable-datamodel-mapping","documentation":"","process_author":"","process_version":"","process_namespace":"http://www.activiti.org/processdef","executionlisteners":"","eventlisteners":"","signaldefinitions":"","messagedefinitions":"","executionvariables":"[{\"variableName\":\"employeeNumber\",\"variableType\":\"string\",\"mapVariable\":true,\"mappedDataModel\":23030,\"mappedEntity\":\"Employee\",\"mappedColumn\":\"employeeNumber\",\"mappedVariableName\":\"currentEmployeeDetails\",\"$$hashKey\":\"uiGrid-004V\"}]","metadata":""},"stencil":{"id":"BPMNDiagram"},"childShapes":[{"resourceId":"startEvent1","properties":{"overrideid":"","name":"","documentation":"","executionlisteners":"","initiator":"","formkeydefinition":"","formreference":"","fieldstovariables":"","formproperties":""},"stencil":{"id":"StartNoneEvent"},"childShapes":[],"outgoing":[{"resourceId":"sid-7DA24DEF-EBDF-44B0-BBBA-4E709D85566F"}],"bounds":{"lowerRight":{"x":120,"y":193},"upperLeft":{"x":90,"y":163}},"dockers":[]},{"resourceId":"sid-7DA24DEF-EBDF-44B0-BBBA-4E709D85566F","properties":{"overrideid":"","name":"","documentation":"","conditionsequenceflow":"","executionlisteners":"","defaultflow":"false"},"stencil":{"id":"SequenceFlow"},"childShapes":[],"outgoing":[{"resourceId":"sid-5892961C-B49B-4773-BA73-2AA994E9EBBA"}],"bounds":{"lowerRight":{"x":174.3125,"y":178},"upperLeft":{"x":120.0625,"y":178}},"dockers":[{"x":15,"y":15},{"x":50,"y":40}],"target":{"resourceId":"sid-5892961C-B49B-4773-BA73-2AA994E9EBBA"}},{"resourceId":"sid-5892961C-B49B-4773-BA73-2AA994E9EBBA","properties":{"scriptformat":"groovy","scripttext":"execution.setVariable(\"employeeNumber\", \"123\")","executionvariables":"","overrideid":"","name":"","documentation":"","asynchronousdefinition":"false","exclusivedefinition":"false","executionlisteners":{"executionListeners":[{"event":"end","implementation":"${variableToDataModelMapping}","className":"","expression":"","delegateExpression":"${variableToDataModelMapping}","$$hashKey":"uiGrid-005J","fields":[]}]},"multiinstance_type":"None","multiinstance_cardinality":"","multiinstance_collection":"","multiinstance_variable":"","multiinstance_condition":"","isforcompensation":"false","usertasksendemail":true,"type":"http://b3mn.org/stencilset/bpmn2.0#UserTask","emailtemplate":"","tasklisteners":"","formproperties":"","categorydefinition":"","prioritydefinition":"","duedatedefinition":"","fieldstovariables":"","formreference":"","formkeydefinition":"","usertaskassignment":""},"stencil":{"id":"ScriptTask"},"childShapes":[],"outgoing":[{"resourceId":"sid-1823EE6A-67FE-472F-9BF6-ADAF9DAD3ACD"}],"bounds":{"lowerRight":{"x":275,"y":218},"upperLeft":{"x":175,"y":138}},"dockers":[]},{"resourceId":"sid-17F485DC-82F4-49ED-AA8D-54C684712ED0","properties":{"overrideid":"","name":"Is Staff?","documentation":"","asynchronousdefinition":"false","exclusivedefinition":"false","sequencefloworder":""},"stencil":{"id":"ExclusiveGateway"},"childShapes":[],"outgoing":[{"resourceId":"sid-E85F91DD-0879-4CF2-B378-FB736FA52FFE"},{"resourceId":"sid-F7079E57-7319-436F-BB6F-77C650A56E38"}],"bounds":{"lowerRight":{"x":360,"y":198},"upperLeft":{"x":320,"y":158}},"dockers":[]},{"resourceId":"sid-1823EE6A-67FE-472F-9BF6-ADAF9DAD3ACD","properties":{"overrideid":"","name":"","documentation":"","conditionsequenceflow":"","executionlisteners":"","defaultflow":"false"},"stencil":{"id":"SequenceFlow"},"childShapes":[],"outgoing":[{"resourceId":"sid-17F485DC-82F4-49ED-AA8D-54C684712ED0"}],"bounds":{"lowerRight":{"x":319.64844687000755,"y":178.4097335362338},"upperLeft":{"x":275.62889687999245,"y":178.2191727137662}},"dockers":[{"x":50,"y":40},{"x":20.5,"y":20.5}],"target":{"resourceId":"sid-17F485DC-82F4-49ED-AA8D-54C684712ED0"}},{"resourceId":"sid-191E8C96-CA0C-4AE9-9DDB-A3A9439A8DCB","properties":{"overrideid":"","name":"","documentation":"","asynchronousdefinition":"false","exclusivedefinition":"false","executionlisteners":"","multiinstance_type":"None","multiinstance_cardinality":"","multiinstance_collection":"","multiinstance_variable":"","multiinstance_condition":"","isforcompensation":"false","usertasksendemail":true,"usertaskassignment":"","formkeydefinition":"","formreference":"","fieldstovariables":"","duedatedefinition":"","prioritydefinition":"","categorydefinition":"","formproperties":"","tasklisteners":"","emailtemplate":""},"stencil":{"id":"UserTask"},"childShapes":[],"outgoing":[{"resourceId":"sid-4EB94299-A978-4ACA-972E-FF26B730E7AF"}],"bounds":{"lowerRight":{"x":505,"y":140},"upperLeft":{"x":405,"y":60}},"dockers":[]},{"resourceId":"sid-0D43B76B-5258-478A-B803-54D9C7434D0E","properties":{"overrideid":"","name":"","documentation":"","executionlisteners":""},"stencil":{"id":"EndNoneEvent"},"childShapes":[],"outgoing":[],"bounds":{"lowerRight":{"x":538,"y":192},"upperLeft":{"x":510,"y":164}},"dockers":[]},{"resourceId":"sid-704CC245-CA09-4D28-82C7-69C833227E3A","properties":{"overrideid":"","name":"","documentation":"","executionlisteners":""},"stencil":{"id":"EndNoneEvent"},"childShapes":[],"outgoing":[],"bounds":{"lowerRight":{"x":578,"y":114},"upperLeft":{"x":550,"y":86}},"dockers":[]},{"resourceId":"sid-4EB94299-A978-4ACA-972E-FF26B730E7AF","properties":{"overrideid":"","name":"","documentation":"","conditionsequenceflow":"","executionlisteners":"","defaultflow":"false"},"stencil":{"id":"SequenceFlow"},"childShapes":[],"outgoing":[{"resourceId":"sid-704CC245-CA09-4D28-82C7-69C833227E3A"}],"bounds":{"lowerRight":{"x":549.375,"y":100},"upperLeft":{"x":505.390625,"y":100}},"dockers":[{"x":50,"y":40},{"x":14,"y":14}],"target":{"resourceId":"sid-704CC245-CA09-4D28-82C7-69C833227E3A"}},{"resourceId":"sid-F7079E57-7319-436F-BB6F-77C650A56E38","properties":{"overrideid":"","name":"Yes","documentation":"","conditionsequenceflow":{"expression":{"type":"variables","leftRestResponseId":"currentEmployeeDetails.employmentType","operator":"==","rightValue":"Staff"}},"executionlisteners":"","defaultflow":false},"stencil":{"id":"SequenceFlow"},"childShapes":[],"outgoing":[{"resourceId":"sid-0D43B76B-5258-478A-B803-54D9C7434D0E"}],"bounds":{"lowerRight":{"x":509.38086308723496,"y":178.44649396447477},"upperLeft":{"x":360.13671503776504,"y":178.03983416052523}},"dockers":[{"x":20.5,"y":20.5},{"x":14,"y":14}],"target":{"resourceId":"sid-0D43B76B-5258-478A-B803-54D9C7434D0E"}},{"resourceId":"sid-E85F91DD-0879-4CF2-B378-FB736FA52FFE","properties":{"overrideid":"","name":"No","documentation":"","conditionsequenceflow":"","executionlisteners":"","defaultflow":true},"stencil":{"id":"SequenceFlow"},"childShapes":[],"outgoing":[{"resourceId":"sid-191E8C96-CA0C-4AE9-9DDB-A3A9439A8DCB"}],"bounds":{"lowerRight":{"x":404.80078125,"y":157.875},"upperLeft":{"x":340.5,"y":100}},"dockers":[{"x":20.5,"y":20.5},{"x":340.5,"y":100},{"x":50,"y":40}],"target":{"resourceId":"sid-191E8C96-CA0C-4AE9-9DDB-A3A9439A8DCB"}}],"bounds":{"lowerRight":{"x":1200,"y":1050},"upperLeft":{"x":0,"y":0}},"stencilset":{"url":"stencilsets/bpmn2.0/bpmn2.0.json","namespace":"http://b3mn.org/stencilset/bpmn2.0#"},"ssextensions":[]}