{"resourceId":3003,"properties":{"process_id":"adhoc","name":"adhoc","documentation":"","process_author":"","process_version":"","process_namespace":"http://www.activiti.org/processdef","executionlisteners":"","eventlisteners":"{\"eventListeners\":[{\"event\":\"TASK_ASSIGNED\",\"implementation\":\"${progressTaskEventListener}\",\"className\":\"\",\"delegateExpression\":\"${progressTaskEventListener}\",\"retrowEvent\":false,\"fields\":[],\"events\":[{\"event\":\"TASK_ASSIGNED\",\"$$hashKey\":\"object:431\"}],\"$$hashKey\":\"uiGrid-0007\",\"rethrowEvent\":false}]}","signaldefinitions":"","messagedefinitions":"","executionvariables":"","metadata":""},"stencil":{"id":"BPMNDiagram"},"childShapes":[{"resourceId":"startEvent1","properties":{"overrideid":"","name":"","documentation":"","executionlisteners":"","initiator":"","formkeydefinition":"","formreference":{"id":3004,"name":"Task Routing Form","referenceId":3003},"fieldstovariables":"","formproperties":""},"stencil":{"id":"StartNoneEvent"},"childShapes":[],"outgoing":[{"resourceId":"sid-EB2DAC8E-1EF7-4569-AC36-D9D9339E2E50"}],"bounds":{"lowerRight":{"x":130,"y":193},"upperLeft":{"x":100,"y":163}},"dockers":[]},{"resourceId":"sid-5AEAC171-C3D6-419C-AABB-815544279B71","properties":{"overrideid":"task-1","name":"task-1","documentation":"","asynchronousdefinition":"false","exclusivedefinition":"false","executionlisteners":null,"multiinstance_type":"None","multiinstance_cardinality":"","multiinstance_collection":"","multiinstance_variable":"","multiinstance_condition":"","isforcompensation":"false","usertasksendemail":true,"usertaskassignment":"","formkeydefinition":"","formreference":{"id":3004,"name":"Task Routing Form","referenceId":3003,"variablesmapping":[]},"fieldstovariables":"","duedatedefinition":"","prioritydefinition":"","categorydefinition":"","formproperties":"","tasklisteners":null,"emailtemplate":""},"stencil":{"id":"UserTask"},"childShapes":[],"outgoing":[{"resourceId":"sid-10360632-5B3D-4EA0-A9D7-C21B4D86D8A4"}],"bounds":{"lowerRight":{"x":280,"y":218.00000000000003},"upperLeft":{"x":180.00000000000003,"y":138.00000000000003}},"dockers":[]},{"resourceId":"sid-EB2DAC8E-1EF7-4569-AC36-D9D9339E2E50","properties":{"overrideid":"","name":"","documentation":"","conditionsequenceflow":"","executionlisteners":"","defaultflow":"false"},"stencil":{"id":"SequenceFlow"},"childShapes":[],"outgoing":[{"resourceId":"sid-5AEAC171-C3D6-419C-AABB-815544279B71"}],"bounds":{"lowerRight":{"x":179.5859375,"y":178},"upperLeft":{"x":130.375,"y":178}},"dockers":[{"x":15,"y":15},{"x":50,"y":40}],"target":{"resourceId":"sid-5AEAC171-C3D6-419C-AABB-815544279B71"}},{"resourceId":"sid-097E7A1F-549A-436D-A39B-57205B5CF183","properties":{"overrideid":"task-2","name":"task-2","documentation":"","asynchronousdefinition":"false","exclusivedefinition":"false","executionlisteners":"","multiinstance_type":"None","multiinstance_cardinality":"","multiinstance_collection":"","multiinstance_variable":"","multiinstance_condition":"","isforcompensation":"false","usertasksendemail":true,"usertaskassignment":"","formkeydefinition":"","formreference":{"id":3004,"name":"Task Routing Form","referenceId":3003,"variablesmapping":[]},"fieldstovariables":"","duedatedefinition":"","prioritydefinition":"","categorydefinition":"","formproperties":"","tasklisteners":null,"emailtemplate":""},"stencil":{"id":"UserTask"},"childShapes":[],"outgoing":[{"resourceId":"sid-70DB0963-8141-42FA-B4BE-9291600BCCEA"}],"bounds":{"lowerRight":{"x":420,"y":218},"upperLeft":{"x":320,"y":138}},"dockers":[]},{"resourceId":"sid-652E66FC-2812-4537-8B6E-40DD4A2ED0E6","properties":{"overrideid":"task-3","name":"task-3","documentation":"","asynchronousdefinition":"false","exclusivedefinition":"false","executionlisteners":"","multiinstance_type":"None","multiinstance_cardinality":"","multiinstance_collection":"","multiinstance_variable":"","multiinstance_condition":"","isforcompensation":"false","usertasksendemail":true,"usertaskassignment":"","formkeydefinition":"","formreference":{"id":3004,"name":"Task Routing Form","referenceId":3003,"variablesmapping":[]},"fieldstovariables":"","duedatedefinition":"","prioritydefinition":"","categorydefinition":"","formproperties":"","tasklisteners":null,"emailtemplate":""},"stencil":{"id":"UserTask"},"childShapes":[],"outgoing":[{"resourceId":"sid-3BB54C34-2CB8-449C-975A-5C87D8152986"}],"bounds":{"lowerRight":{"x":565,"y":218},"upperLeft":{"x":465,"y":138}},"dockers":[]},{"resourceId":"sid-021EA57E-E425-4384-9592-A78BC61B9F4A","properties":{"overrideid":"task-4","name":"task-4","documentation":"","asynchronousdefinition":"false","exclusivedefinition":"false","executionlisteners":"","multiinstance_type":"None","multiinstance_cardinality":"","multiinstance_collection":"","multiinstance_variable":"","multiinstance_condition":"","isforcompensation":"false","usertasksendemail":true,"usertaskassignment":"","formkeydefinition":"","formreference":{"id":3004,"name":"Task Routing Form","referenceId":3003,"variablesmapping":[]},"fieldstovariables":"","duedatedefinition":"","prioritydefinition":"","categorydefinition":"","formproperties":"","tasklisteners":null,"emailtemplate":""},"stencil":{"id":"UserTask"},"childShapes":[],"outgoing":[{"resourceId":"sid-365CB41A-9C7E-4A74-9BF1-8076C969716E"}],"bounds":{"lowerRight":{"x":700.0000000000001,"y":215.00000000000003},"upperLeft":{"x":600.0000000000001,"y":135.00000000000003}},"dockers":[]},{"resourceId":"sid-B11AECED-2661-478F-BB4A-391EA5A04318","properties":{"overrideid":"task-5","name":"task-5","documentation":"","asynchronousdefinition":"false","exclusivedefinition":"false","executionlisteners":"","multiinstance_type":"None","multiinstance_cardinality":"","multiinstance_collection":"","multiinstance_variable":"","multiinstance_condition":"","isforcompensation":"false","usertasksendemail":true,"usertaskassignment":"","formkeydefinition":"","formreference":{"id":3004,"name":"Task Routing Form","referenceId":3003,"variablesmapping":[]},"fieldstovariables":"","duedatedefinition":"","prioritydefinition":"","categorydefinition":"","formproperties":"","tasklisteners":null,"emailtemplate":""},"stencil":{"id":"UserTask"},"childShapes":[],"outgoing":[{"resourceId":"sid-4A99ACC2-4D2B-48F5-9FD2-CC22506040E8"}],"bounds":{"lowerRight":{"x":850.0000000000001,"y":215.00000000000003},"upperLeft":{"x":750.0000000000001,"y":135.00000000000003}},"dockers":[]},{"resourceId":"sid-3AB327C7-47ED-4EFB-B7CB-5DEF9628DBF4","properties":{"overrideid":"","name":"","documentation":"","executionlisteners":""},"stencil":{"id":"EndNoneEvent"},"childShapes":[],"outgoing":[],"bounds":{"lowerRight":{"x":1018.0000000000001,"y":189.00000000000006},"upperLeft":{"x":990.0000000000001,"y":161.00000000000006}},"dockers":[]},{"resourceId":"sid-70DB0963-8141-42FA-B4BE-9291600BCCEA","properties":{"overrideid":"","name":"","documentation":"","conditionsequenceflow":"","executionlisteners":null,"defaultflow":"false"},"stencil":{"id":"SequenceFlow"},"childShapes":[],"outgoing":[{"resourceId":"sid-652E66FC-2812-4537-8B6E-40DD4A2ED0E6"}],"bounds":{"lowerRight":{"x":464.15625,"y":178},"upperLeft":{"x":420.84375,"y":178}},"dockers":[{"x":50,"y":40},{"x":50.00000000000001,"y":40}],"target":{"resourceId":"sid-652E66FC-2812-4537-8B6E-40DD4A2ED0E6"}},{"resourceId":"sid-3BB54C34-2CB8-449C-975A-5C87D8152986","properties":{"overrideid":"","name":"","documentation":"","conditionsequenceflow":"","executionlisteners":null,"defaultflow":"false"},"stencil":{"id":"SequenceFlow"},"childShapes":[],"outgoing":[{"resourceId":"sid-021EA57E-E425-4384-9592-A78BC61B9F4A"}],"bounds":{"lowerRight":{"x":599.4299343221684,"y":176.87622076271487},"upperLeft":{"x":565.5700656778316,"y":176.12377923728513}},"dockers":[{"x":50.00000000000001,"y":40},{"x":50,"y":40}],"target":{"resourceId":"sid-021EA57E-E425-4384-9592-A78BC61B9F4A"}},{"resourceId":"sid-365CB41A-9C7E-4A74-9BF1-8076C969716E","properties":{"overrideid":"","name":"","documentation":"","conditionsequenceflow":"","executionlisteners":null,"defaultflow":"false"},"stencil":{"id":"SequenceFlow"},"childShapes":[],"outgoing":[{"resourceId":"sid-B11AECED-2661-478F-BB4A-391EA5A04318"}],"bounds":{"lowerRight":{"x":749.7812500000001,"y":175.00000000000003},"upperLeft":{"x":700.2187500000001,"y":175.00000000000003}},"dockers":[{"x":50,"y":40},{"x":50,"y":40}],"target":{"resourceId":"sid-B11AECED-2661-478F-BB4A-391EA5A04318"}},{"resourceId":"sid-10360632-5B3D-4EA0-A9D7-C21B4D86D8A4","properties":{"overrideid":"","name":"","documentation":"","conditionsequenceflow":"","executionlisteners":"","defaultflow":"false","showdiamondmarker":false},"stencil":{"id":"SequenceFlow"},"childShapes":[],"outgoing":[{"resourceId":"sid-097E7A1F-549A-436D-A39B-57205B5CF183"}],"bounds":{"lowerRight":{"x":319.234375,"y":178},"upperLeft":{"x":280.7109375,"y":178}},"dockers":[{"x":98.99999999999997,"y":40},{"x":50,"y":40}],"target":{"resourceId":"sid-097E7A1F-549A-436D-A39B-57205B5CF183"}},{"resourceId":"sid-B4B03141-4D05-4439-8FF4-5B6D8A49D2D0","properties":{"overrideid":"","name":"","documentation":"","asynchronousdefinition":"false","exclusivedefinition":"false","sequencefloworder":""},"stencil":{"id":"ExclusiveGateway"},"childShapes":[],"outgoing":[{"resourceId":"sid-18DFF638-069F-49D6-B585-5D504E7C81F9"},{"resourceId":"sid-FC2C988D-4F34-4421-A47B-EDFF14FDCBDF"}],"bounds":{"lowerRight":{"x":935.0000000000001,"y":195.00000000000003},"upperLeft":{"x":895.0000000000001,"y":155.00000000000003}},"dockers":[]},{"resourceId":"sid-4A99ACC2-4D2B-48F5-9FD2-CC22506040E8","properties":{"overrideid":"","name":"","documentation":"","conditionsequenceflow":"","executionlisteners":"","defaultflow":"false"},"stencil":{"id":"SequenceFlow"},"childShapes":[],"outgoing":[{"resourceId":"sid-B4B03141-4D05-4439-8FF4-5B6D8A49D2D0"}],"bounds":{"lowerRight":{"x":894.6484468700077,"y":175.40973353623383},"upperLeft":{"x":850.6288968799926,"y":175.21917271376623}},"dockers":[{"x":50,"y":40},{"x":20.5,"y":20.5}],"target":{"resourceId":"sid-B4B03141-4D05-4439-8FF4-5B6D8A49D2D0"}},{"resourceId":"sid-FC2C988D-4F34-4421-A47B-EDFF14FDCBDF","properties":{"overrideid":"","name":"","documentation":"","conditionsequenceflow":"","executionlisteners":"","defaultflow":true},"stencil":{"id":"SequenceFlow"},"childShapes":[],"outgoing":[{"resourceId":"sid-5AEAC171-C3D6-419C-AABB-815544279B71"}],"bounds":{"lowerRight":{"x":915.5000000000001,"y":154.46484375},"upperLeft":{"x":230,"y":63.999999999999986}},"dockers":[{"x":20.5,"y":20.5},{"x":915.5000000000001,"y":63.999999999999986},{"x":230,"y":63.999999999999986},{"x":49.999999999999986,"y":40}],"target":{"resourceId":"sid-5AEAC171-C3D6-419C-AABB-815544279B71"}},{"resourceId":"sid-18DFF638-069F-49D6-B585-5D504E7C81F9","properties":{"overrideid":"","name":"","documentation":"","conditionsequenceflow":{"expression":{"type":"variables","outcomeFormId":3004,"outcomeFormName":"Task Routing Form","operator":"==","rightOutcomeFormId":3004,"rightOutcomeFormName":"Task Routing Form","rightOutcomeName":"Approve"}},"executionlisteners":"","defaultflow":false},"stencil":{"id":"SequenceFlow"},"childShapes":[],"outgoing":[{"resourceId":"sid-3AB327C7-47ED-4EFB-B7CB-5DEF9628DBF4"}],"bounds":{"lowerRight":{"x":989.1718909592721,"y":175.3849753726513},"upperLeft":{"x":935.8593590407281,"y":175.08377462734882}},"dockers":[{"x":20.5,"y":20.5},{"x":14,"y":14}],"target":{"resourceId":"sid-3AB327C7-47ED-4EFB-B7CB-5DEF9628DBF4"}}],"bounds":{"lowerRight":{"x":1200,"y":1050},"upperLeft":{"x":0,"y":0}},"stencilset":{"url":"stencilsets/bpmn2.0/bpmn2.0.json","namespace":"http://b3mn.org/stencilset/bpmn2.0#"},"ssextensions":[]}