<?xml version='1.0' encoding='UTF-8'?>
<definitions xmlns="http://www.omg.org/spec/BPMN/20100524/MODEL" xmlns:xsi="http://www.w3.org/2001/XMLSchema-instance" xmlns:xsd="http://www.w3.org/2001/XMLSchema" xmlns:activiti="http://activiti.org/bpmn" xmlns:bpmndi="http://www.omg.org/spec/BPMN/20100524/DI" xmlns:omgdc="http://www.omg.org/spec/DD/20100524/DC" xmlns:omgdi="http://www.omg.org/spec/DD/20100524/DI" typeLanguage="http://www.w3.org/2001/XMLSchema" expressionLanguage="http://www.w3.org/1999/XPath" targetNamespace="http://www.activiti.org/processdef" xmlns:modeler="http://activiti.com/modeler" modeler:version="1.0en" modeler:exportDateTime="20180516124813032" modeler:modelId="3003" modeler:modelVersion="29" modeler:modelLastUpdated="1526492862526">
  <process id="adhoc" name="adhoc" isExecutable="true">
    <extensionElements>
      <activiti:eventListener events="TASK_ASSIGNED" delegateExpression="${progressTaskEventListener}"/>
    </extensionElements>
    <startEvent id="startEvent1" activiti:formKey="3004">
      <extensionElements>
        <modeler:form-reference-id><![CDATA[3004]]></modeler:form-reference-id>
        <modeler:form-reference-name><![CDATA[Task Routing Form]]></modeler:form-reference-name>
        <modeler:editor-resource-id><![CDATA[startEvent1]]></modeler:editor-resource-id>
      </extensionElements>
    </startEvent>
    <userTask id="task-1" name="task-1" activiti:assignee="$INITIATOR" activiti:formKey="3004">
      <extensionElements>
        <modeler:allow-send-email><![CDATA[true]]></modeler:allow-send-email>
        <modeler:form-reference-id><![CDATA[3004]]></modeler:form-reference-id>
        <modeler:form-reference-name><![CDATA[Task Routing Form]]></modeler:form-reference-name>
        <modeler:activiti-idm-initiator><![CDATA[true]]></modeler:activiti-idm-initiator>
        <modeler:editor-resource-id><![CDATA[sid-5AEAC171-C3D6-419C-AABB-815544279B71]]></modeler:editor-resource-id>
      </extensionElements>
    </userTask>
    <sequenceFlow id="sid-EB2DAC8E-1EF7-4569-AC36-D9D9339E2E50" sourceRef="startEvent1" targetRef="task-1">
      <extensionElements>
        <modeler:editor-resource-id><![CDATA[sid-EB2DAC8E-1EF7-4569-AC36-D9D9339E2E50]]></modeler:editor-resource-id>
      </extensionElements>
    </sequenceFlow>
    <userTask id="task-2" name="task-2" activiti:assignee="$INITIATOR" activiti:formKey="3004">
      <extensionElements>
        <modeler:allow-send-email><![CDATA[true]]></modeler:allow-send-email>
        <modeler:form-reference-id><![CDATA[3004]]></modeler:form-reference-id>
        <modeler:form-reference-name><![CDATA[Task Routing Form]]></modeler:form-reference-name>
        <modeler:activiti-idm-initiator><![CDATA[true]]></modeler:activiti-idm-initiator>
        <modeler:editor-resource-id><![CDATA[sid-097E7A1F-549A-436D-A39B-57205B5CF183]]></modeler:editor-resource-id>
      </extensionElements>
    </userTask>
    <userTask id="task-3" name="task-3" activiti:assignee="$INITIATOR" activiti:formKey="3004">
      <extensionElements>
        <modeler:allow-send-email><![CDATA[true]]></modeler:allow-send-email>
        <modeler:form-reference-id><![CDATA[3004]]></modeler:form-reference-id>
        <modeler:form-reference-name><![CDATA[Task Routing Form]]></modeler:form-reference-name>
        <modeler:activiti-idm-initiator><![CDATA[true]]></modeler:activiti-idm-initiator>
        <modeler:editor-resource-id><![CDATA[sid-652E66FC-2812-4537-8B6E-40DD4A2ED0E6]]></modeler:editor-resource-id>
      </extensionElements>
    </userTask>
    <userTask id="task-4" name="task-4" activiti:assignee="$INITIATOR" activiti:formKey="3004">
      <extensionElements>
        <modeler:allow-send-email><![CDATA[true]]></modeler:allow-send-email>
        <modeler:form-reference-id><![CDATA[3004]]></modeler:form-reference-id>
        <modeler:form-reference-name><![CDATA[Task Routing Form]]></modeler:form-reference-name>
        <modeler:activiti-idm-initiator><![CDATA[true]]></modeler:activiti-idm-initiator>
        <modeler:editor-resource-id><![CDATA[sid-021EA57E-E425-4384-9592-A78BC61B9F4A]]></modeler:editor-resource-id>
      </extensionElements>
    </userTask>
    <userTask id="task-5" name="task-5" activiti:assignee="$INITIATOR" activiti:formKey="3004">
      <extensionElements>
        <modeler:allow-send-email><![CDATA[true]]></modeler:allow-send-email>
        <modeler:form-reference-id><![CDATA[3004]]></modeler:form-reference-id>
        <modeler:form-reference-name><![CDATA[Task Routing Form]]></modeler:form-reference-name>
        <modeler:activiti-idm-initiator><![CDATA[true]]></modeler:activiti-idm-initiator>
        <modeler:editor-resource-id><![CDATA[sid-B11AECED-2661-478F-BB4A-391EA5A04318]]></modeler:editor-resource-id>
      </extensionElements>
    </userTask>
    <endEvent id="sid-3AB327C7-47ED-4EFB-B7CB-5DEF9628DBF4">
      <extensionElements>
        <modeler:editor-resource-id><![CDATA[sid-3AB327C7-47ED-4EFB-B7CB-5DEF9628DBF4]]></modeler:editor-resource-id>
      </extensionElements>
    </endEvent>
    <sequenceFlow id="sid-70DB0963-8141-42FA-B4BE-9291600BCCEA" sourceRef="task-2" targetRef="task-3">
      <extensionElements>
        <modeler:editor-resource-id><![CDATA[sid-70DB0963-8141-42FA-B4BE-9291600BCCEA]]></modeler:editor-resource-id>
      </extensionElements>
    </sequenceFlow>
    <sequenceFlow id="sid-3BB54C34-2CB8-449C-975A-5C87D8152986" sourceRef="task-3" targetRef="task-4">
      <extensionElements>
        <modeler:editor-resource-id><![CDATA[sid-3BB54C34-2CB8-449C-975A-5C87D8152986]]></modeler:editor-resource-id>
      </extensionElements>
    </sequenceFlow>
    <sequenceFlow id="sid-365CB41A-9C7E-4A74-9BF1-8076C969716E" sourceRef="task-4" targetRef="task-5">
      <extensionElements>
        <modeler:editor-resource-id><![CDATA[sid-365CB41A-9C7E-4A74-9BF1-8076C969716E]]></modeler:editor-resource-id>
      </extensionElements>
    </sequenceFlow>
    <sequenceFlow id="sid-10360632-5B3D-4EA0-A9D7-C21B4D86D8A4" sourceRef="task-1" targetRef="task-2">
      <extensionElements>
        <modeler:editor-resource-id><![CDATA[sid-10360632-5B3D-4EA0-A9D7-C21B4D86D8A4]]></modeler:editor-resource-id>
      </extensionElements>
    </sequenceFlow>
    <exclusiveGateway id="sid-B4B03141-4D05-4439-8FF4-5B6D8A49D2D0" default="sid-FC2C988D-4F34-4421-A47B-EDFF14FDCBDF">
      <extensionElements>
        <modeler:editor-resource-id><![CDATA[sid-B4B03141-4D05-4439-8FF4-5B6D8A49D2D0]]></modeler:editor-resource-id>
      </extensionElements>
    </exclusiveGateway>
    <sequenceFlow id="sid-4A99ACC2-4D2B-48F5-9FD2-CC22506040E8" sourceRef="task-5" targetRef="sid-B4B03141-4D05-4439-8FF4-5B6D8A49D2D0">
      <extensionElements>
        <modeler:editor-resource-id><![CDATA[sid-4A99ACC2-4D2B-48F5-9FD2-CC22506040E8]]></modeler:editor-resource-id>
      </extensionElements>
    </sequenceFlow>
    <sequenceFlow id="sid-FC2C988D-4F34-4421-A47B-EDFF14FDCBDF" sourceRef="sid-B4B03141-4D05-4439-8FF4-5B6D8A49D2D0" targetRef="task-1">
      <extensionElements>
        <modeler:editor-resource-id><![CDATA[sid-FC2C988D-4F34-4421-A47B-EDFF14FDCBDF]]></modeler:editor-resource-id>
      </extensionElements>
    </sequenceFlow>
    <sequenceFlow id="sid-18DFF638-069F-49D6-B585-5D504E7C81F9" sourceRef="sid-B4B03141-4D05-4439-8FF4-5B6D8A49D2D0" targetRef="sid-3AB327C7-47ED-4EFB-B7CB-5DEF9628DBF4">
      <extensionElements>
        <modeler:conditionDefinition modeler:index="0" modeler:outcomeFormId="3004" modeler:outcomeFormName="Task Routing Form" modeler:rightOutcomeName="Approve" modeler:operator="=="/>
        <modeler:editor-resource-id><![CDATA[sid-18DFF638-069F-49D6-B585-5D504E7C81F9]]></modeler:editor-resource-id>
      </extensionElements>
      <conditionExpression xsi:type="tFormalExpression"><![CDATA[${(activiti_flowConditionsBean.exists(execution, 'form3004outcome') && form3004outcome == 'Approve')}]]></conditionExpression>
    </sequenceFlow>
  </process>
  <bpmndi:BPMNDiagram id="BPMNDiagram_adhoc">
    <bpmndi:BPMNPlane bpmnElement="adhoc" id="BPMNPlane_adhoc">
      <bpmndi:BPMNShape bpmnElement="startEvent1" id="BPMNShape_startEvent1">
        <omgdc:Bounds height="30.0" width="30.0" x="100.0" y="163.0"/>
      </bpmndi:BPMNShape>
      <bpmndi:BPMNShape bpmnElement="task-1" id="BPMNShape_task-1">
        <omgdc:Bounds height="80.0" width="99.99999999999997" x="180.00000000000003" y="138.00000000000003"/>
      </bpmndi:BPMNShape>
      <bpmndi:BPMNShape bpmnElement="task-2" id="BPMNShape_task-2">
        <omgdc:Bounds height="80.0" width="100.0" x="320.0" y="138.0"/>
      </bpmndi:BPMNShape>
      <bpmndi:BPMNShape bpmnElement="task-3" id="BPMNShape_task-3">
        <omgdc:Bounds height="80.0" width="100.0" x="465.0" y="138.0"/>
      </bpmndi:BPMNShape>
      <bpmndi:BPMNShape bpmnElement="task-4" id="BPMNShape_task-4">
        <omgdc:Bounds height="80.0" width="100.0" x="600.0000000000001" y="135.00000000000003"/>
      </bpmndi:BPMNShape>
      <bpmndi:BPMNShape bpmnElement="task-5" id="BPMNShape_task-5">
        <omgdc:Bounds height="80.0" width="100.0" x="750.0000000000001" y="135.00000000000003"/>
      </bpmndi:BPMNShape>
      <bpmndi:BPMNShape bpmnElement="sid-3AB327C7-47ED-4EFB-B7CB-5DEF9628DBF4" id="BPMNShape_sid-3AB327C7-47ED-4EFB-B7CB-5DEF9628DBF4">
        <omgdc:Bounds height="28.0" width="28.0" x="990.0000000000001" y="161.00000000000006"/>
      </bpmndi:BPMNShape>
      <bpmndi:BPMNShape bpmnElement="sid-B4B03141-4D05-4439-8FF4-5B6D8A49D2D0" id="BPMNShape_sid-B4B03141-4D05-4439-8FF4-5B6D8A49D2D0">
        <omgdc:Bounds height="40.0" width="40.0" x="895.0000000000001" y="155.00000000000003"/>
      </bpmndi:BPMNShape>
      <bpmndi:BPMNEdge bpmnElement="sid-70DB0963-8141-42FA-B4BE-9291600BCCEA" id="BPMNEdge_sid-70DB0963-8141-42FA-B4BE-9291600BCCEA">
        <omgdi:waypoint x="420.0" y="178.0"/>
        <omgdi:waypoint x="465.0" y="178.0"/>
      </bpmndi:BPMNEdge>
      <bpmndi:BPMNEdge bpmnElement="sid-18DFF638-069F-49D6-B585-5D504E7C81F9" id="BPMNEdge_sid-18DFF638-069F-49D6-B585-5D504E7C81F9">
        <omgdi:waypoint x="934.6079545454546" y="175.3920454545455"/>
        <omgdi:waypoint x="990.0002234298073" y="175.0790947828825"/>
      </bpmndi:BPMNEdge>
      <bpmndi:BPMNEdge bpmnElement="sid-3BB54C34-2CB8-449C-975A-5C87D8152986" id="BPMNEdge_sid-3BB54C34-2CB8-449C-975A-5C87D8152986">
        <omgdi:waypoint x="565.0" y="176.8888888888889"/>
        <omgdi:waypoint x="600.0000000000001" y="176.11111111111114"/>
      </bpmndi:BPMNEdge>
      <bpmndi:BPMNEdge bpmnElement="sid-10360632-5B3D-4EA0-A9D7-C21B4D86D8A4" id="BPMNEdge_sid-10360632-5B3D-4EA0-A9D7-C21B4D86D8A4">
        <omgdi:waypoint x="280.0" y="178.00000000000003"/>
        <omgdi:waypoint x="320.0" y="178.0"/>
      </bpmndi:BPMNEdge>
      <bpmndi:BPMNEdge bpmnElement="sid-4A99ACC2-4D2B-48F5-9FD2-CC22506040E8" id="BPMNEdge_sid-4A99ACC2-4D2B-48F5-9FD2-CC22506040E8">
        <omgdi:waypoint x="850.0000000000001" y="175.21645021645026"/>
        <omgdi:waypoint x="895.413043478261" y="175.4130434782609"/>
      </bpmndi:BPMNEdge>
      <bpmndi:BPMNEdge bpmnElement="sid-EB2DAC8E-1EF7-4569-AC36-D9D9339E2E50" id="BPMNEdge_sid-EB2DAC8E-1EF7-4569-AC36-D9D9339E2E50">
        <omgdi:waypoint x="130.0" y="178.0"/>
        <omgdi:waypoint x="180.00000000000003" y="178.0"/>
      </bpmndi:BPMNEdge>
      <bpmndi:BPMNEdge bpmnElement="sid-365CB41A-9C7E-4A74-9BF1-8076C969716E" id="BPMNEdge_sid-365CB41A-9C7E-4A74-9BF1-8076C969716E">
        <omgdi:waypoint x="700.0000000000001" y="175.00000000000003"/>
        <omgdi:waypoint x="750.0000000000001" y="175.00000000000003"/>
      </bpmndi:BPMNEdge>
      <bpmndi:BPMNEdge bpmnElement="sid-FC2C988D-4F34-4421-A47B-EDFF14FDCBDF" id="BPMNEdge_sid-FC2C988D-4F34-4421-A47B-EDFF14FDCBDF">
        <omgdi:waypoint x="915.5000000000001" y="155.50000000000003"/>
        <omgdi:waypoint x="915.5000000000001" y="63.999999999999986"/>
        <omgdi:waypoint x="230.0" y="63.999999999999986"/>
        <omgdi:waypoint x="230.0" y="138.00000000000003"/>
      </bpmndi:BPMNEdge>
    </bpmndi:BPMNPlane>
  </bpmndi:BPMNDiagram>
</definitions>