<?xml version='1.0' encoding='UTF-8'?>
<definitions xmlns="http://www.omg.org/spec/BPMN/20100524/MODEL" xmlns:xsi="http://www.w3.org/2001/XMLSchema-instance" xmlns:xsd="http://www.w3.org/2001/XMLSchema" xmlns:activiti="http://activiti.org/bpmn" xmlns:bpmndi="http://www.omg.org/spec/BPMN/20100524/DI" xmlns:omgdc="http://www.omg.org/spec/DD/20100524/DC" xmlns:omgdi="http://www.omg.org/spec/DD/20100524/DI" typeLanguage="http://www.w3.org/2001/XMLSchema" expressionLanguage="http://www.w3.org/1999/XPath" targetNamespace="http://www.activiti.org/processdef" xmlns:modeler="http://activiti.com/modeler" modeler:version="1.0en" modeler:exportDateTime="20171102143221740" modeler:modelId="69073" modeler:modelVersion="5" modeler:modelLastUpdated="1509651112165">
  <process id="DroolsParentProcess" name="Drools Parent Process" isExecutable="true">
    <extensionElements>
      <modeler:executionvariables xmlns:modeler="http://activiti.com/modeler" modeler:variableName="rulesResult" modeler:variableType="boolean"/>
    </extensionElements>
    <startEvent id="startEvent1" activiti:formKey="69074">
      <extensionElements>
        <modeler:form-reference-id><![CDATA[69074]]></modeler:form-reference-id>
        <modeler:form-reference-name><![CDATA[Customer Form]]></modeler:form-reference-name>
        <modeler:editor-resource-id><![CDATA[startEvent1]]></modeler:editor-resource-id>
      </extensionElements>
    </startEvent>
    <callActivity id="sid-941AB425-384C-47DB-94EF-A9D0D1335791" name="Invoke DroolsTest Process" calledElement="DroolsTest" activiti:inheritVariables="false">
      <extensionElements>
        <activiti:in source="custTypCD" target="custTypCD"/>
        <activiti:out sourceExpression="${customer.getCustomerRuleOutput()}" target="rulesResult"/>
        <modeler:editor-resource-id><![CDATA[sid-941AB425-384C-47DB-94EF-A9D0D1335791]]></modeler:editor-resource-id>
      </extensionElements>
    </callActivity>
    <sequenceFlow id="sid-EA982753-AE28-4528-BF46-A5BB2D7876A1" sourceRef="startEvent1" targetRef="sid-941AB425-384C-47DB-94EF-A9D0D1335791">
      <extensionElements>
        <modeler:editor-resource-id><![CDATA[sid-EA982753-AE28-4528-BF46-A5BB2D7876A1]]></modeler:editor-resource-id>
      </extensionElements>
    </sequenceFlow>
    <userTask id="sid-AFD69CC3-C2E5-4A8F-9E51-F2BF90D90E2E" name="Show Rules Result" activiti:assignee="$INITIATOR" activiti:formKey="69075">
      <extensionElements>
        <modeler:allow-send-email><![CDATA[true]]></modeler:allow-send-email>
        <modeler:form-reference-id><![CDATA[69075]]></modeler:form-reference-id>
        <modeler:form-reference-name><![CDATA[RulesResult]]></modeler:form-reference-name>
        <modeler:activiti-idm-initiator><![CDATA[true]]></modeler:activiti-idm-initiator>
        <modeler:editor-resource-id><![CDATA[sid-AFD69CC3-C2E5-4A8F-9E51-F2BF90D90E2E]]></modeler:editor-resource-id>
      </extensionElements>
    </userTask>
    <sequenceFlow id="sid-20B26DE4-5DA7-4CEA-8C1C-89329DDC7AA9" sourceRef="sid-941AB425-384C-47DB-94EF-A9D0D1335791" targetRef="sid-AFD69CC3-C2E5-4A8F-9E51-F2BF90D90E2E">
      <extensionElements>
        <modeler:editor-resource-id><![CDATA[sid-20B26DE4-5DA7-4CEA-8C1C-89329DDC7AA9]]></modeler:editor-resource-id>
      </extensionElements>
    </sequenceFlow>
    <endEvent id="sid-E4982EDB-33AD-470D-88A2-97FB67560C2F">
      <extensionElements>
        <modeler:editor-resource-id><![CDATA[sid-E4982EDB-33AD-470D-88A2-97FB67560C2F]]></modeler:editor-resource-id>
      </extensionElements>
    </endEvent>
    <sequenceFlow id="sid-6B9B0BDB-B7FF-4F11-8499-4EC5B12E669C" sourceRef="sid-AFD69CC3-C2E5-4A8F-9E51-F2BF90D90E2E" targetRef="sid-E4982EDB-33AD-470D-88A2-97FB67560C2F">
      <extensionElements>
        <modeler:editor-resource-id><![CDATA[sid-6B9B0BDB-B7FF-4F11-8499-4EC5B12E669C]]></modeler:editor-resource-id>
      </extensionElements>
    </sequenceFlow>
  </process>
  <bpmndi:BPMNDiagram id="BPMNDiagram_DroolsParentProcess">
    <bpmndi:BPMNPlane bpmnElement="DroolsParentProcess" id="BPMNPlane_DroolsParentProcess">
      <bpmndi:BPMNShape bpmnElement="startEvent1" id="BPMNShape_startEvent1">
        <omgdc:Bounds height="30.0" width="30.0" x="100.0" y="163.0"/>
      </bpmndi:BPMNShape>
      <bpmndi:BPMNShape bpmnElement="sid-941AB425-384C-47DB-94EF-A9D0D1335791" id="BPMNShape_sid-941AB425-384C-47DB-94EF-A9D0D1335791">
        <omgdc:Bounds height="80.0" width="99.99999999999997" x="180.00000000000003" y="138.00000000000003"/>
      </bpmndi:BPMNShape>
      <bpmndi:BPMNShape bpmnElement="sid-AFD69CC3-C2E5-4A8F-9E51-F2BF90D90E2E" id="BPMNShape_sid-AFD69CC3-C2E5-4A8F-9E51-F2BF90D90E2E">
        <omgdc:Bounds height="80.0" width="100.0" x="355.0" y="138.00000000000003"/>
      </bpmndi:BPMNShape>
      <bpmndi:BPMNShape bpmnElement="sid-E4982EDB-33AD-470D-88A2-97FB67560C2F" id="BPMNShape_sid-E4982EDB-33AD-470D-88A2-97FB67560C2F">
        <omgdc:Bounds height="28.0" width="28.0" x="500.0" y="164.00000000000003"/>
      </bpmndi:BPMNShape>
      <bpmndi:BPMNEdge bpmnElement="sid-20B26DE4-5DA7-4CEA-8C1C-89329DDC7AA9" id="BPMNEdge_sid-20B26DE4-5DA7-4CEA-8C1C-89329DDC7AA9">
        <omgdi:waypoint x="280.0" y="178.00000000000003"/>
        <omgdi:waypoint x="355.0" y="178.00000000000003"/>
      </bpmndi:BPMNEdge>
      <bpmndi:BPMNEdge bpmnElement="sid-6B9B0BDB-B7FF-4F11-8499-4EC5B12E669C" id="BPMNEdge_sid-6B9B0BDB-B7FF-4F11-8499-4EC5B12E669C">
        <omgdi:waypoint x="455.0" y="178.00000000000003"/>
        <omgdi:waypoint x="500.0" y="178.00000000000003"/>
      </bpmndi:BPMNEdge>
      <bpmndi:BPMNEdge bpmnElement="sid-EA982753-AE28-4528-BF46-A5BB2D7876A1" id="BPMNEdge_sid-EA982753-AE28-4528-BF46-A5BB2D7876A1">
        <omgdi:waypoint x="130.0" y="178.0"/>
        <omgdi:waypoint x="180.00000000000003" y="178.0"/>
      </bpmndi:BPMNEdge>
    </bpmndi:BPMNPlane>
  </bpmndi:BPMNDiagram>
</definitions>