{"resourceId":69073,"properties":{"process_id":"DroolsParentProcess","name":"Drools Parent Process","documentation":"","process_author":"","process_version":"","process_namespace":"http://www.activiti.org/processdef","executionlisteners":"","eventlisteners":"","signaldefinitions":"","messagedefinitions":"","executionvariables":"[{\"variableName\":\"rulesResult\",\"variableType\":\"boolean\",\"$$hashKey\":\"uiGrid-000L\"}]","metadata":""},"stencil":{"id":"BPMNDiagram"},"childShapes":[{"resourceId":"startEvent1","properties":{"overrideid":"","name":"","documentation":"","executionlisteners":"","initiator":"","formkeydefinition":"","formreference":{"id":69074,"name":"Customer Form","referenceId":69073},"fieldstovariables":"","formproperties":""},"stencil":{"id":"StartNoneEvent"},"childShapes":[],"outgoing":[{"resourceId":"sid-EA982753-AE28-4528-BF46-A5BB2D7876A1"}],"bounds":{"lowerRight":{"x":130,"y":193},"upperLeft":{"x":100,"y":163}},"dockers":[]},{"resourceId":"sid-941AB425-384C-47DB-94EF-A9D0D1335791","properties":{"overrideid":"","name":"Invoke DroolsTest Process","documentation":"","asynchronousdefinition":"false","exclusivedefinition":"false","executionlisteners":"","callactivitycalledelement":"DroolsTest","callactivityinparameters":{"inParameters":[{"source":"custTypCD","sourceExpression":"","target":"custTypCD","$$hashKey":"uiGrid-000R"}]},"callactivityoutparameters":{"outParameters":[{"source":"","sourceExpression":"${customer.getCustomerRuleOutput()}","target":"rulesResult","$$hashKey":"uiGrid-000Q"}]},"multiinstance_type":"None","multiinstance_cardinality":"","multiinstance_collection":"","multiinstance_variable":"","multiinstance_condition":"","isforcompensation":"false"},"stencil":{"id":"CallActivity"},"childShapes":[],"outgoing":[{"resourceId":"sid-20B26DE4-5DA7-4CEA-8C1C-89329DDC7AA9"}],"bounds":{"lowerRight":{"x":280,"y":218.00000000000003},"upperLeft":{"x":180.00000000000003,"y":138.00000000000003}},"dockers":[]},{"resourceId":"sid-EA982753-AE28-4528-BF46-A5BB2D7876A1","properties":{"overrideid":"","name":"","documentation":"","conditionsequenceflow":"","executionlisteners":"","defaultflow":"false"},"stencil":{"id":"SequenceFlow"},"childShapes":[],"outgoing":[{"resourceId":"sid-941AB425-384C-47DB-94EF-A9D0D1335791"}],"bounds":{"lowerRight":{"x":179.5859375,"y":178},"upperLeft":{"x":130.375,"y":178}},"dockers":[{"x":15,"y":15},{"x":49.999999999999986,"y":40}],"target":{"resourceId":"sid-941AB425-384C-47DB-94EF-A9D0D1335791"}},{"resourceId":"sid-AFD69CC3-C2E5-4A8F-9E51-F2BF90D90E2E","properties":{"overrideid":"","name":"Show Rules Result","documentation":"","asynchronousdefinition":"false","exclusivedefinition":"false","executionlisteners":"","multiinstance_type":"None","multiinstance_cardinality":"","multiinstance_collection":"","multiinstance_variable":"","multiinstance_condition":"","isforcompensation":"false","usertasksendemail":true,"usertaskassignment":"","formkeydefinition":"","formreference":{"id":69075,"name":"RulesResult","referenceId":69073},"fieldstovariables":"","duedatedefinition":"","prioritydefinition":"","categorydefinition":"","formproperties":"","tasklisteners":"","emailtemplate":""},"stencil":{"id":"UserTask"},"childShapes":[],"outgoing":[{"resourceId":"sid-6B9B0BDB-B7FF-4F11-8499-4EC5B12E669C"}],"bounds":{"lowerRight":{"x":455,"y":218.00000000000003},"upperLeft":{"x":355,"y":138.00000000000003}},"dockers":[]},{"resourceId":"sid-20B26DE4-5DA7-4CEA-8C1C-89329DDC7AA9","properties":{"overrideid":"","name":"","documentation":"","conditionsequenceflow":"","executionlisteners":"","defaultflow":"false"},"stencil":{"id":"SequenceFlow"},"childShapes":[],"outgoing":[{"resourceId":"sid-AFD69CC3-C2E5-4A8F-9E51-F2BF90D90E2E"}],"bounds":{"lowerRight":{"x":354.78125,"y":178.00000000000003},"upperLeft":{"x":280.21875,"y":178.00000000000003}},"dockers":[{"x":49.999999999999986,"y":40},{"x":50,"y":40}],"target":{"resourceId":"sid-AFD69CC3-C2E5-4A8F-9E51-F2BF90D90E2E"}},{"resourceId":"sid-E4982EDB-33AD-470D-88A2-97FB67560C2F","properties":{"overrideid":"","name":"","documentation":"","executionlisteners":""},"stencil":{"id":"EndNoneEvent"},"childShapes":[],"outgoing":[],"bounds":{"lowerRight":{"x":528,"y":192.00000000000003},"upperLeft":{"x":500,"y":164.00000000000003}},"dockers":[]},{"resourceId":"sid-6B9B0BDB-B7FF-4F11-8499-4EC5B12E669C","properties":{"overrideid":"","name":"","documentation":"","conditionsequenceflow":"","executionlisteners":"","defaultflow":"false"},"stencil":{"id":"SequenceFlow"},"childShapes":[],"outgoing":[{"resourceId":"sid-E4982EDB-33AD-470D-88A2-97FB67560C2F"}],"bounds":{"lowerRight":{"x":499.375,"y":178.00000000000003},"upperLeft":{"x":455.390625,"y":178.00000000000003}},"dockers":[{"x":50,"y":40},{"x":14,"y":14}],"target":{"resourceId":"sid-E4982EDB-33AD-470D-88A2-97FB67560C2F"}}],"bounds":{"lowerRight":{"x":1200,"y":1050},"upperLeft":{"x":0,"y":0}},"stencilset":{"url":"stencilsets/bpmn2.0/bpmn2.0.json","namespace":"http://b3mn.org/stencilset/bpmn2.0#"},"ssextensions":[]}