<?xml version='1.0' encoding='UTF-8'?>
<definitions xmlns="http://www.omg.org/spec/BPMN/20100524/MODEL" xmlns:xsi="http://www.w3.org/2001/XMLSchema-instance" xmlns:xsd="http://www.w3.org/2001/XMLSchema" xmlns:activiti="http://activiti.org/bpmn" xmlns:bpmndi="http://www.omg.org/spec/BPMN/20100524/DI" xmlns:omgdc="http://www.omg.org/spec/DD/20100524/DC" xmlns:omgdi="http://www.omg.org/spec/DD/20100524/DI" typeLanguage="http://www.w3.org/2001/XMLSchema" expressionLanguage="http://www.w3.org/1999/XPath" targetNamespace="http://www.activiti.org/processdef" xmlns:modeler="http://activiti.com/modeler" modeler:version="1.0en" modeler:exportDateTime="20170430170332622" modeler:modelId="19066" modeler:modelVersion="3" modeler:modelLastUpdated="1493589736733">
  <process id="group-of-fields-stencil-process" name="group-of-fields-stencil-process" isExecutable="true">
    <startEvent id="startEvent1" activiti:formKey="19065">
      <extensionElements>
        <modeler:form-reference-id><![CDATA[19065]]></modeler:form-reference-id>
        <modeler:form-reference-name><![CDATA[form-1]]></modeler:form-reference-name>
        <modeler:editor-resource-id><![CDATA[startEvent1]]></modeler:editor-resource-id>
      </extensionElements>
    </startEvent>
    <userTask id="sid-79701538-2CC2-4ABB-8E6E-D82721B519BE" activiti:assignee="$INITIATOR" activiti:formKey="19064">
      <extensionElements>
        <modeler:allow-send-email><![CDATA[true]]></modeler:allow-send-email>
        <modeler:form-reference-id><![CDATA[19064]]></modeler:form-reference-id>
        <modeler:form-reference-name><![CDATA[display-form]]></modeler:form-reference-name>
        <modeler:activiti-idm-initiator><![CDATA[true]]></modeler:activiti-idm-initiator>
        <modeler:initiator-can-complete><![CDATA[false]]></modeler:initiator-can-complete>
        <modeler:editor-resource-id><![CDATA[sid-79701538-2CC2-4ABB-8E6E-D82721B519BE]]></modeler:editor-resource-id>
      </extensionElements>
    </userTask>
    <sequenceFlow id="sid-7E74B6E8-B7DC-417F-8614-47D86D5DBD2B" sourceRef="startEvent1" targetRef="sid-79701538-2CC2-4ABB-8E6E-D82721B519BE">
      <extensionElements>
        <modeler:editor-resource-id><![CDATA[sid-7E74B6E8-B7DC-417F-8614-47D86D5DBD2B]]></modeler:editor-resource-id>
      </extensionElements>
    </sequenceFlow>
    <endEvent id="sid-0C4B9C1F-8041-4DBA-AC25-0700909DD29F">
      <extensionElements>
        <modeler:editor-resource-id><![CDATA[sid-0C4B9C1F-8041-4DBA-AC25-0700909DD29F]]></modeler:editor-resource-id>
      </extensionElements>
    </endEvent>
    <sequenceFlow id="sid-68C90730-1E16-4466-BFB3-BE5B89065771" sourceRef="sid-79701538-2CC2-4ABB-8E6E-D82721B519BE" targetRef="sid-0C4B9C1F-8041-4DBA-AC25-0700909DD29F">
      <extensionElements>
        <modeler:editor-resource-id><![CDATA[sid-68C90730-1E16-4466-BFB3-BE5B89065771]]></modeler:editor-resource-id>
      </extensionElements>
    </sequenceFlow>
  </process>
  <bpmndi:BPMNDiagram id="BPMNDiagram_group-of-fields-stencil-process">
    <bpmndi:BPMNPlane bpmnElement="group-of-fields-stencil-process" id="BPMNPlane_group-of-fields-stencil-process">
      <bpmndi:BPMNShape bpmnElement="startEvent1" id="BPMNShape_startEvent1">
        <omgdc:Bounds height="30.0" width="30.0" x="100.0" y="163.0"/>
      </bpmndi:BPMNShape>
      <bpmndi:BPMNShape bpmnElement="sid-79701538-2CC2-4ABB-8E6E-D82721B519BE" id="BPMNShape_sid-79701538-2CC2-4ABB-8E6E-D82721B519BE">
        <omgdc:Bounds height="80.0" width="100.0" x="175.0" y="138.0"/>
      </bpmndi:BPMNShape>
      <bpmndi:BPMNShape bpmnElement="sid-0C4B9C1F-8041-4DBA-AC25-0700909DD29F" id="BPMNShape_sid-0C4B9C1F-8041-4DBA-AC25-0700909DD29F">
        <omgdc:Bounds height="28.0" width="28.0" x="320.0" y="164.0"/>
      </bpmndi:BPMNShape>
      <bpmndi:BPMNEdge bpmnElement="sid-7E74B6E8-B7DC-417F-8614-47D86D5DBD2B" id="BPMNEdge_sid-7E74B6E8-B7DC-417F-8614-47D86D5DBD2B">
        <omgdi:waypoint x="130.0" y="178.0"/>
        <omgdi:waypoint x="175.0" y="178.0"/>
      </bpmndi:BPMNEdge>
      <bpmndi:BPMNEdge bpmnElement="sid-68C90730-1E16-4466-BFB3-BE5B89065771" id="BPMNEdge_sid-68C90730-1E16-4466-BFB3-BE5B89065771">
        <omgdi:waypoint x="275.0" y="178.0"/>
        <omgdi:waypoint x="320.0" y="178.0"/>
      </bpmndi:BPMNEdge>
    </bpmndi:BPMNPlane>
  </bpmndi:BPMNDiagram>
</definitions>