{"resourceId":39039,"properties":{"process_id":"admin-data-entry-process","name":"admin-data-entry-process","documentation":"","process_author":"","process_version":"","process_namespace":"http://www.activiti.org/processdef","executionlisteners":"","eventlisteners":"","signaldefinitions":"","messagedefinitions":"","executionvariables":"","metadata":""},"stencil":{"id":"BPMNDiagram"},"childShapes":[{"resourceId":"startEvent1","properties":{"overrideid":"","name":"Start","documentation":"","executionlisteners":"","initiator":"","formkeydefinition":"","formreference":{"id":39040,"name":"data-entry-form","referenceId":39039},"fieldstovariables":"","formproperties":""},"stencil":{"id":"StartNoneEvent"},"childShapes":[],"outgoing":[{"resourceId":"sid-E74EF822-EA8F-4AAF-828D-0ADE1FFA714A"}],"bounds":{"lowerRight":{"x":180,"y":193},"upperLeft":{"x":150,"y":163}},"dockers":[]},{"resourceId":"sid-543CCD60-F676-445A-AE12-984EB3CBA2C1","properties":{"overrideid":"","name":"","documentation":"","executionlisteners":""},"stencil":{"id":"EndNoneEvent"},"childShapes":[],"outgoing":[],"bounds":{"lowerRight":{"x":573,"y":192},"upperLeft":{"x":545,"y":164}},"dockers":[]},{"resourceId":"sid-E74EF822-EA8F-4AAF-828D-0ADE1FFA714A","properties":{"overrideid":"","name":"","documentation":"","conditionsequenceflow":"","executionlisteners":"","defaultflow":"false"},"stencil":{"id":"SequenceFlow"},"childShapes":[],"outgoing":[{"resourceId":"sid-920543C5-CC67-4C91-80BD-FA85B1E4E80B"}],"bounds":{"lowerRight":{"x":299.859375,"y":178},"upperLeft":{"x":180.453125,"y":178}},"dockers":[{"x":15,"y":15},{"x":50,"y":40}],"target":{"resourceId":"sid-920543C5-CC67-4C91-80BD-FA85B1E4E80B"}},{"resourceId":"sid-5E034AA8-1093-4B2E-BED0-16B705574DC7","properties":{"overrideid":"","name":"","documentation":"","conditionsequenceflow":"","executionlisteners":"","defaultflow":"false"},"stencil":{"id":"SequenceFlow"},"childShapes":[],"outgoing":[{"resourceId":"sid-543CCD60-F676-445A-AE12-984EB3CBA2C1"}],"bounds":{"lowerRight":{"x":544.9375,"y":178},"upperLeft":{"x":400.80078125,"y":178}},"dockers":[{"x":50,"y":40},{"x":14,"y":14}],"target":{"resourceId":"sid-543CCD60-F676-445A-AE12-984EB3CBA2C1"}},{"resourceId":"sid-920543C5-CC67-4C91-80BD-FA85B1E4E80B","properties":{"overrideid":"","name":"Save To Database","documentation":"","alfrescoactiontask_publish_as_type":"","entityattributemapping":{"mappedDataModel":38041,"mappedEntity":"Cars","attributeMappings":[{"attributeName":"VIN","attributeType":"string","attributePrimaryKey":true,"attributeIdentity":false,"attributeRequired":true,"$$hashKey":"uiGrid-006L","variable":null,"formField":{"id":"vin","name":"VIN","type":"text","$$hashKey":"object:2080"},"staticValue":null,"valueType":"field"},{"attributeName":"BRAND","attributeType":"string","attributePrimaryKey":false,"attributeIdentity":false,"attributeRequired":false,"$$hashKey":"uiGrid-006N","variable":null,"formField":{"id":"brand","name":"Brand","type":"text","$$hashKey":"object:2087"},"staticValue":null,"valueType":"field"},{"attributeName":"COLOR","attributeType":"string","attributePrimaryKey":false,"attributeIdentity":false,"attributeRequired":false,"$$hashKey":"uiGrid-006P","variable":null,"formField":{"id":"color","name":"Color","type":"text","$$hashKey":"object:2096"},"staticValue":null,"valueType":"field"},{"attributeName":"YEAR","attributeType":"number","attributePrimaryKey":false,"attributeIdentity":false,"attributeRequired":false,"$$hashKey":"uiGrid-006R","variable":null,"formField":{"id":"year","name":"Year","type":"integer","$$hashKey":"object:2106"},"staticValue":null,"valueType":"field"}],"newVariableName":""},"usertasksendemail":true,"type":"http://b3mn.org/stencilset/bpmn2.0#UserTask","asynchronousdefinition":"false","exclusivedefinition":"false","executionlisteners":"","multiinstance_type":"None","multiinstance_cardinality":"","multiinstance_collection":"","multiinstance_variable":"","multiinstance_condition":"","isforcompensation":"false","emailtemplate":"","usertaskassignment":"","formkeydefinition":"","formreference":"","fieldstovariables":"","duedatedefinition":"","prioritydefinition":"","categorydefinition":"","formproperties":"","tasklisteners":""},"stencil":{"id":"StoreEntityTask"},"childShapes":[],"outgoing":[{"resourceId":"sid-5E034AA8-1093-4B2E-BED0-16B705574DC7"}],"bounds":{"lowerRight":{"x":400,"y":218},"upperLeft":{"x":300,"y":138}},"dockers":[]}],"bounds":{"lowerRight":{"x":1200,"y":1050},"upperLeft":{"x":0,"y":0}},"stencilset":{"url":"stencilsets/bpmn2.0/bpmn2.0.json","namespace":"http://b3mn.org/stencilset/bpmn2.0#"},"ssextensions":[]}