<?xml version='1.0' encoding='UTF-8'?>
<definitions xmlns="http://www.omg.org/spec/BPMN/20100524/MODEL" xmlns:xsi="http://www.w3.org/2001/XMLSchema-instance" xmlns:xsd="http://www.w3.org/2001/XMLSchema" xmlns:activiti="http://activiti.org/bpmn" xmlns:bpmndi="http://www.omg.org/spec/BPMN/20100524/DI" xmlns:omgdc="http://www.omg.org/spec/DD/20100524/DC" xmlns:omgdi="http://www.omg.org/spec/DD/20100524/DI" typeLanguage="http://www.w3.org/2001/XMLSchema" expressionLanguage="http://www.w3.org/1999/XPath" targetNamespace="http://www.activiti.org/processdef" xmlns:modeler="http://activiti.com/modeler" modeler:version="1.0en" modeler:exportDateTime="20170731125910130" modeler:modelId="39039" modeler:modelVersion="20" modeler:modelLastUpdated="1501523736865">
  <process id="admin-data-entry-process" name="admin-data-entry-process" isExecutable="true">
    <startEvent id="startEvent1" name="Start" activiti:formKey="39040">
      <extensionElements>
        <modeler:form-reference-id><![CDATA[39040]]></modeler:form-reference-id>
        <modeler:form-reference-name><![CDATA[data-entry-form]]></modeler:form-reference-name>
        <modeler:editor-resource-id><![CDATA[startEvent1]]></modeler:editor-resource-id>
      </extensionElements>
    </startEvent>
    <endEvent id="sid-543CCD60-F676-445A-AE12-984EB3CBA2C1">
      <extensionElements>
        <modeler:editor-resource-id><![CDATA[sid-543CCD60-F676-445A-AE12-984EB3CBA2C1]]></modeler:editor-resource-id>
      </extensionElements>
    </endEvent>
    <sequenceFlow id="sid-E74EF822-EA8F-4AAF-828D-0ADE1FFA714A" sourceRef="startEvent1" targetRef="sid-920543C5-CC67-4C91-80BD-FA85B1E4E80B">
      <extensionElements>
        <modeler:editor-resource-id><![CDATA[sid-E74EF822-EA8F-4AAF-828D-0ADE1FFA714A]]></modeler:editor-resource-id>
      </extensionElements>
    </sequenceFlow>
    <sequenceFlow id="sid-5E034AA8-1093-4B2E-BED0-16B705574DC7" sourceRef="sid-920543C5-CC67-4C91-80BD-FA85B1E4E80B" targetRef="sid-543CCD60-F676-445A-AE12-984EB3CBA2C1">
      <extensionElements>
        <modeler:editor-resource-id><![CDATA[sid-5E034AA8-1093-4B2E-BED0-16B705574DC7]]></modeler:editor-resource-id>
      </extensionElements>
    </sequenceFlow>
    <serviceTask id="sid-920543C5-CC67-4C91-80BD-FA85B1E4E80B" name="Save To Database" activiti:delegateExpression="${activiti_storeEntityDelegate}">
      <extensionElements>
        <activiti:field name="publishAsType">
          <activiti:string><![CDATA[process_initiator]]></activiti:string>
        </activiti:field>
        <modeler:entity-attribute-mapping modeler:mappedDataModel="38041" modeler:mappedEntity="Cars" modeler:newVariableName="">
          <modeler:attribute-element-mapping modeler:attribute-name="VIN" modeler:form-field-id="vin" modeler:form-field-name="VIN" modeler:form-field-type="text"/>
          <modeler:attribute-element-mapping modeler:attribute-name="BRAND" modeler:form-field-id="brand" modeler:form-field-name="Brand" modeler:form-field-type="text"/>
          <modeler:attribute-element-mapping modeler:attribute-name="COLOR" modeler:form-field-id="color" modeler:form-field-name="Color" modeler:form-field-type="text"/>
          <modeler:attribute-element-mapping modeler:attribute-name="YEAR" modeler:form-field-id="year" modeler:form-field-name="Year" modeler:form-field-type="integer"/>
        </modeler:entity-attribute-mapping>
        <modeler:editor-resource-id><![CDATA[sid-920543C5-CC67-4C91-80BD-FA85B1E4E80B]]></modeler:editor-resource-id>
      </extensionElements>
    </serviceTask>
  </process>
  <bpmndi:BPMNDiagram id="BPMNDiagram_admin-data-entry-process">
    <bpmndi:BPMNPlane bpmnElement="admin-data-entry-process" id="BPMNPlane_admin-data-entry-process">
      <bpmndi:BPMNShape bpmnElement="startEvent1" id="BPMNShape_startEvent1">
        <omgdc:Bounds height="30.0" width="30.0" x="150.0" y="163.0"/>
      </bpmndi:BPMNShape>
      <bpmndi:BPMNShape bpmnElement="sid-543CCD60-F676-445A-AE12-984EB3CBA2C1" id="BPMNShape_sid-543CCD60-F676-445A-AE12-984EB3CBA2C1">
        <omgdc:Bounds height="28.0" width="28.0" x="545.0" y="164.0"/>
      </bpmndi:BPMNShape>
      <bpmndi:BPMNShape bpmnElement="sid-920543C5-CC67-4C91-80BD-FA85B1E4E80B" id="BPMNShape_sid-920543C5-CC67-4C91-80BD-FA85B1E4E80B">
        <omgdc:Bounds height="80.0" width="100.0" x="300.0" y="138.0"/>
      </bpmndi:BPMNShape>
      <bpmndi:BPMNEdge bpmnElement="sid-E74EF822-EA8F-4AAF-828D-0ADE1FFA714A" id="BPMNEdge_sid-E74EF822-EA8F-4AAF-828D-0ADE1FFA714A">
        <omgdi:waypoint x="180.0" y="178.0"/>
        <omgdi:waypoint x="300.0" y="178.0"/>
      </bpmndi:BPMNEdge>
      <bpmndi:BPMNEdge bpmnElement="sid-5E034AA8-1093-4B2E-BED0-16B705574DC7" id="BPMNEdge_sid-5E034AA8-1093-4B2E-BED0-16B705574DC7">
        <omgdi:waypoint x="400.0" y="178.0"/>
        <omgdi:waypoint x="545.0" y="178.0"/>
      </bpmndi:BPMNEdge>
    </bpmndi:BPMNPlane>
  </bpmndi:BPMNDiagram>
</definitions>