{"resourceId":2006,"properties":{"process_id":"HierarchicalApprovalProcess","name":"Hierarchical Approval Process","documentation":"","process_author":"","process_version":"","process_namespace":"http://www.activiti.org/processdef","executionlisteners":"{\"executionListeners\":[]}","eventlisteners":"{\"eventListeners\":[]}","signaldefinitions":"[]","messagedefinitions":"[]","executionvariables":"","metadata":""},"stencil":{"id":"BPMNDiagram"},"childShapes":[{"resourceId":"startEvent1","properties":{"overrideid":"startEvent1","name":"","documentation":"","executionlisteners":{"executionListeners":[]},"initiator":"","formkeydefinition":"","formreference":"","fieldstovariables":"","formproperties":"","asynchronousdefinition":false,"exclusivedefinition":false},"stencil":{"id":"StartNoneEvent"},"childShapes":[],"outgoing":[{"resourceId":"sid-3B27C445-9B63-49BE-BDBF-D55CFCFFC68B"}],"bounds":{"lowerRight":{"x":120.00000000000001,"y":180.00000000000003},"upperLeft":{"x":90.00000000000001,"y":150.00000000000003}},"dockers":[]},{"resourceId":"sid-3B27C445-9B63-49BE-BDBF-D55CFCFFC68B","properties":{"overrideid":"sid-3B27C445-9B63-49BE-BDBF-D55CFCFFC68B","name":"","documentation":"","conditionsequenceflow":"","executionlisteners":{"executionListeners":[]},"defaultflow":"false"},"stencil":{"id":"SequenceFlow"},"childShapes":[],"outgoing":[{"resourceId":"sid-EFBF57E4-31FF-442A-952C-4319F3936BBF"}],"bounds":{"lowerRight":{"x":164.15625,"y":165.00000000000003},"upperLeft":{"x":120.609375,"y":165.00000000000003}},"dockers":[{"x":15,"y":15},{"x":49.999999999999986,"y":39.99999999999999}],"target":{"resourceId":"sid-EFBF57E4-31FF-442A-952C-4319F3936BBF"}},{"resourceId":"sid-EFBF57E4-31FF-442A-952C-4319F3936BBF","properties":{"scriptformat":"groovy","scripttext":"if(execution.getVariable('groupId')) {\n     execution.setVariable('groupId', groupServiceImpl.getGroup(groupId).getParent().getId())\n} else {\n    //Initial Approver Group\n    def groupName = 'Level 4'\n    def groupId = groupServiceImpl.getFunctionalGroupsByNameAndTenantId(groupName, 1L).get(0).getId()\n    execution.setVariable('groupId', groupId) \n}","executionvariables":"","overrideid":"sid-EFBF57E4-31FF-442A-952C-4319F3936BBF","name":"Set Group","documentation":"","asynchronousdefinition":false,"exclusivedefinition":false,"executionlisteners":{"executionListeners":[]},"multiinstance_type":"None","multiinstance_cardinality":"","multiinstance_collection":"","multiinstance_variable":"","multiinstance_condition":"","isforcompensation":false},"stencil":{"id":"ScriptTask"},"childShapes":[],"outgoing":[{"resourceId":"sid-AABADB08-2396-474A-BC76-D9B763887A18"}],"bounds":{"lowerRight":{"x":265,"y":205.00000000000003},"upperLeft":{"x":165.00000000000003,"y":125.00000000000004}},"dockers":[]},{"resourceId":"sid-A0467DE4-322A-4492-9BF7-C7C3F5DD56A4","properties":{"overrideid":"sid-A0467DE4-322A-4492-9BF7-C7C3F5DD56A4","name":"Approval by Manager of ${groupServiceImpl.getGroup(groupId).getName()}","documentation":"","asynchronousdefinition":false,"exclusivedefinition":false,"executionlisteners":{"executionListeners":[]},"multiinstance_type":"None","multiinstance_cardinality":"","multiinstance_collection":"","multiinstance_variable":"","multiinstance_condition":"","isforcompensation":false,"usertasksendemail":true,"usertaskassignment":{"assignment":{"type":"static","assignee":"${groupServiceImpl.getGroup(groupServiceImpl.getGroup(groupId).getManagerGroupId()).getUsers().iterator().next().getId()}","initiatorCanCompleteTask":false}},"formkeydefinition":"","formreference":"","fieldstovariables":"","duedatedefinition":"","prioritydefinition":"","categorydefinition":"","formproperties":"","tasklisteners":{"taskListeners":[]},"emailtemplate":""},"stencil":{"id":"UserTask"},"childShapes":[],"outgoing":[{"resourceId":"sid-CBA06C6F-1D72-489D-B9D7-73BB52958F04"}],"bounds":{"lowerRight":{"x":410,"y":205.00000000000003},"upperLeft":{"x":310,"y":125.00000000000003}},"dockers":[]},{"resourceId":"sid-AABADB08-2396-474A-BC76-D9B763887A18","properties":{"overrideid":"sid-AABADB08-2396-474A-BC76-D9B763887A18","name":"","documentation":"","conditionsequenceflow":"","executionlisteners":{"executionListeners":[]},"defaultflow":"false"},"stencil":{"id":"SequenceFlow"},"childShapes":[],"outgoing":[{"resourceId":"sid-A0467DE4-322A-4492-9BF7-C7C3F5DD56A4"}],"bounds":{"lowerRight":{"x":309.15625,"y":165.00000000000003},"upperLeft":{"x":265.84375,"y":165.00000000000003}},"dockers":[{"x":49.999999999999986,"y":39.99999999999999},{"x":50,"y":40}],"target":{"resourceId":"sid-A0467DE4-322A-4492-9BF7-C7C3F5DD56A4"}},{"resourceId":"sid-A20527C4-B275-4B30-BE73-E40AB8BF7449","properties":{"overrideid":"sid-A20527C4-B275-4B30-BE73-E40AB8BF7449","name":"","documentation":"","asynchronousdefinition":false,"exclusivedefinition":false,"sequencefloworder":"","executionlisteners":{"executionListeners":[]}},"stencil":{"id":"ExclusiveGateway"},"childShapes":[],"outgoing":[{"resourceId":"sid-38C9A0EA-AAE2-43B6-B129-F926496DC529"},{"resourceId":"sid-1C38578C-D378-4992-9C4C-6A426378BF92"}],"bounds":{"lowerRight":{"x":495.0000000000001,"y":85},"upperLeft":{"x":455.0000000000001,"y":45.00000000000001}},"dockers":[]},{"resourceId":"sid-CBA06C6F-1D72-489D-B9D7-73BB52958F04","properties":{"overrideid":"sid-CBA06C6F-1D72-489D-B9D7-73BB52958F04","name":"","documentation":"","conditionsequenceflow":"","executionlisteners":{"executionListeners":[]},"defaultflow":"false"},"stencil":{"id":"SequenceFlow"},"childShapes":[],"outgoing":[{"resourceId":"sid-A20527C4-B275-4B30-BE73-E40AB8BF7449"}],"bounds":{"lowerRight":{"x":475.5000000000001,"y":165.00000000000003},"upperLeft":{"x":410.62890625,"y":84.74998750023437}},"dockers":[{"x":50,"y":40},{"x":475.5000000000001,"y":165.00000000000003},{"x":20,"y":19.999999999999996}],"target":{"resourceId":"sid-A20527C4-B275-4B30-BE73-E40AB8BF7449"}},{"resourceId":"sid-3134DFB9-2472-4EF5-B277-97DC740581D5","properties":{"overrideid":"sid-3134DFB9-2472-4EF5-B277-97DC740581D5","name":"","documentation":"","executionlisteners":{"executionListeners":[]},"asynchronousdefinition":false,"exclusivedefinition":false},"stencil":{"id":"EndNoneEvent"},"childShapes":[],"outgoing":[],"bounds":{"lowerRight":{"x":643.0000000000001,"y":79},"upperLeft":{"x":615.0000000000001,"y":51}},"dockers":[]},{"resourceId":"sid-38C9A0EA-AAE2-43B6-B129-F926496DC529","properties":{"overrideid":"sid-38C9A0EA-AAE2-43B6-B129-F926496DC529","name":"","documentation":"","conditionsequenceflow":"","executionlisteners":{"executionListeners":[]},"defaultflow":true},"stencil":{"id":"SequenceFlow"},"childShapes":[],"outgoing":[{"resourceId":"sid-EFBF57E4-31FF-442A-952C-4319F3936BBF"}],"bounds":{"lowerRight":{"x":455.07422067233216,"y":124.35672895818291},"upperLeft":{"x":217.04237542923704,"y":65.03907015554445}},"dockers":[{"x":20,"y":19.999999999999996},{"x":219.99999999999997,"y":65.5},{"x":49.999999999999986,"y":39.99999999999999}],"target":{"resourceId":"sid-EFBF57E4-31FF-442A-952C-4319F3936BBF"}},{"resourceId":"sid-1C38578C-D378-4992-9C4C-6A426378BF92","properties":{"overrideid":"sid-1C38578C-D378-4992-9C4C-6A426378BF92","name":"","documentation":"","conditionsequenceflow":{"expression":{"type":"static","staticValue":"${groupServiceImpl.getGroup(groupId).getParentGroupId()==null}"}},"executionlisteners":{"executionListeners":[]},"defaultflow":"false"},"stencil":{"id":"SequenceFlow"},"childShapes":[],"outgoing":[{"resourceId":"sid-3134DFB9-2472-4EF5-B277-97DC740581D5"}],"bounds":{"lowerRight":{"x":614.7656250000001,"y":65},"upperLeft":{"x":495.2500000000001,"y":65}},"dockers":[{"x":20,"y":19.999999999999996},{"x":14,"y":14}],"target":{"resourceId":"sid-3134DFB9-2472-4EF5-B277-97DC740581D5"}}],"bounds":{"lowerRight":{"x":1200,"y":1050},"upperLeft":{"x":0,"y":0}},"stencilset":{"url":"stencilsets/bpmn2.0/bpmn2.0.json","namespace":"http://b3mn.org/stencilset/bpmn2.0#"},"ssextensions":[]}