<?xml version='1.0' encoding='UTF-8'?>
<definitions xmlns="http://www.omg.org/spec/BPMN/20100524/MODEL" xmlns:xsi="http://www.w3.org/2001/XMLSchema-instance" xmlns:xsd="http://www.w3.org/2001/XMLSchema" xmlns:activiti="http://activiti.org/bpmn" xmlns:bpmndi="http://www.omg.org/spec/BPMN/20100524/DI" xmlns:omgdc="http://www.omg.org/spec/DD/20100524/DC" xmlns:omgdi="http://www.omg.org/spec/DD/20100524/DI" typeLanguage="http://www.w3.org/2001/XMLSchema" expressionLanguage="http://www.w3.org/1999/XPath" targetNamespace="http://www.activiti.org/processdef" xmlns:modeler="http://activiti.com/modeler" modeler:version="1.0en" modeler:exportDateTime="20171211211209390" modeler:modelId="2006" modeler:modelVersion="3" modeler:modelLastUpdated="1513026516815">
  <process id="HierarchicalApprovalProcess" name="Hierarchical Approval Process" isExecutable="true">
    <startEvent id="startEvent1">
      <extensionElements>
        <modeler:editor-resource-id><![CDATA[startEvent1]]></modeler:editor-resource-id>
      </extensionElements>
    </startEvent>
    <sequenceFlow id="sid-3B27C445-9B63-49BE-BDBF-D55CFCFFC68B" sourceRef="startEvent1" targetRef="sid-EFBF57E4-31FF-442A-952C-4319F3936BBF">
      <extensionElements>
        <modeler:editor-resource-id><![CDATA[sid-3B27C445-9B63-49BE-BDBF-D55CFCFFC68B]]></modeler:editor-resource-id>
      </extensionElements>
    </sequenceFlow>
    <scriptTask id="sid-EFBF57E4-31FF-442A-952C-4319F3936BBF" name="Set Group" scriptFormat="groovy" activiti:autoStoreVariables="false">
      <extensionElements>
        <modeler:editor-resource-id><![CDATA[sid-EFBF57E4-31FF-442A-952C-4319F3936BBF]]></modeler:editor-resource-id>
      </extensionElements>
      <script><![CDATA[if(execution.getVariable('groupId')) {
     execution.setVariable('groupId', groupServiceImpl.getGroup(groupId).getParent().getId())
} else {
    //Initial Approver Group
    def groupName = 'Level 4'
    def groupId = groupServiceImpl.getFunctionalGroupsByNameAndTenantId(groupName, 1L).get(0).getId()
    execution.setVariable('groupId', groupId) 
}]]></script>
    </scriptTask>
    <userTask id="sid-A0467DE4-322A-4492-9BF7-C7C3F5DD56A4" name="Approval by Manager of ${groupServiceImpl.getGroup(groupId).getName()}" activiti:assignee="${groupServiceImpl.getGroup(groupServiceImpl.getGroup(groupId).getManagerGroupId()).getUsers().iterator().next().getId()}">
      <extensionElements>
        <modeler:allow-send-email><![CDATA[true]]></modeler:allow-send-email>
        <modeler:initiator-can-complete><![CDATA[false]]></modeler:initiator-can-complete>
        <modeler:editor-resource-id><![CDATA[sid-A0467DE4-322A-4492-9BF7-C7C3F5DD56A4]]></modeler:editor-resource-id>
      </extensionElements>
    </userTask>
    <sequenceFlow id="sid-AABADB08-2396-474A-BC76-D9B763887A18" sourceRef="sid-EFBF57E4-31FF-442A-952C-4319F3936BBF" targetRef="sid-A0467DE4-322A-4492-9BF7-C7C3F5DD56A4">
      <extensionElements>
        <modeler:editor-resource-id><![CDATA[sid-AABADB08-2396-474A-BC76-D9B763887A18]]></modeler:editor-resource-id>
      </extensionElements>
    </sequenceFlow>
    <exclusiveGateway id="sid-A20527C4-B275-4B30-BE73-E40AB8BF7449" default="sid-38C9A0EA-AAE2-43B6-B129-F926496DC529">
      <extensionElements>
        <modeler:editor-resource-id><![CDATA[sid-A20527C4-B275-4B30-BE73-E40AB8BF7449]]></modeler:editor-resource-id>
      </extensionElements>
    </exclusiveGateway>
    <sequenceFlow id="sid-CBA06C6F-1D72-489D-B9D7-73BB52958F04" sourceRef="sid-A0467DE4-322A-4492-9BF7-C7C3F5DD56A4" targetRef="sid-A20527C4-B275-4B30-BE73-E40AB8BF7449">
      <extensionElements>
        <modeler:editor-resource-id><![CDATA[sid-CBA06C6F-1D72-489D-B9D7-73BB52958F04]]></modeler:editor-resource-id>
      </extensionElements>
    </sequenceFlow>
    <endEvent id="sid-3134DFB9-2472-4EF5-B277-97DC740581D5">
      <extensionElements>
        <modeler:editor-resource-id><![CDATA[sid-3134DFB9-2472-4EF5-B277-97DC740581D5]]></modeler:editor-resource-id>
      </extensionElements>
    </endEvent>
    <sequenceFlow id="sid-38C9A0EA-AAE2-43B6-B129-F926496DC529" sourceRef="sid-A20527C4-B275-4B30-BE73-E40AB8BF7449" targetRef="sid-EFBF57E4-31FF-442A-952C-4319F3936BBF">
      <extensionElements>
        <modeler:editor-resource-id><![CDATA[sid-38C9A0EA-AAE2-43B6-B129-F926496DC529]]></modeler:editor-resource-id>
      </extensionElements>
    </sequenceFlow>
    <sequenceFlow id="sid-1C38578C-D378-4992-9C4C-6A426378BF92" sourceRef="sid-A20527C4-B275-4B30-BE73-E40AB8BF7449" targetRef="sid-3134DFB9-2472-4EF5-B277-97DC740581D5">
      <extensionElements>
        <modeler:editor-resource-id><![CDATA[sid-1C38578C-D378-4992-9C4C-6A426378BF92]]></modeler:editor-resource-id>
      </extensionElements>
      <conditionExpression xsi:type="tFormalExpression"><![CDATA[${groupServiceImpl.getGroup(groupId).getParentGroupId()==null}]]></conditionExpression>
    </sequenceFlow>
  </process>
  <bpmndi:BPMNDiagram id="BPMNDiagram_HierarchicalApprovalProcess">
    <bpmndi:BPMNPlane bpmnElement="HierarchicalApprovalProcess" id="BPMNPlane_HierarchicalApprovalProcess">
      <bpmndi:BPMNShape bpmnElement="startEvent1" id="BPMNShape_startEvent1">
        <omgdc:Bounds height="30.0" width="30.0" x="90.00000000000001" y="150.00000000000003"/>
      </bpmndi:BPMNShape>
      <bpmndi:BPMNShape bpmnElement="sid-EFBF57E4-31FF-442A-952C-4319F3936BBF" id="BPMNShape_sid-EFBF57E4-31FF-442A-952C-4319F3936BBF">
        <omgdc:Bounds height="79.99999999999999" width="99.99999999999997" x="165.00000000000003" y="125.00000000000004"/>
      </bpmndi:BPMNShape>
      <bpmndi:BPMNShape bpmnElement="sid-A0467DE4-322A-4492-9BF7-C7C3F5DD56A4" id="BPMNShape_sid-A0467DE4-322A-4492-9BF7-C7C3F5DD56A4">
        <omgdc:Bounds height="80.0" width="100.0" x="310.0" y="125.00000000000003"/>
      </bpmndi:BPMNShape>
      <bpmndi:BPMNShape bpmnElement="sid-A20527C4-B275-4B30-BE73-E40AB8BF7449" id="BPMNShape_sid-A20527C4-B275-4B30-BE73-E40AB8BF7449">
        <omgdc:Bounds height="39.99999999999999" width="40.0" x="455.0000000000001" y="45.00000000000001"/>
      </bpmndi:BPMNShape>
      <bpmndi:BPMNShape bpmnElement="sid-3134DFB9-2472-4EF5-B277-97DC740581D5" id="BPMNShape_sid-3134DFB9-2472-4EF5-B277-97DC740581D5">
        <omgdc:Bounds height="28.0" width="28.0" x="615.0000000000001" y="51.0"/>
      </bpmndi:BPMNShape>
      <bpmndi:BPMNEdge bpmnElement="sid-CBA06C6F-1D72-489D-B9D7-73BB52958F04" id="BPMNEdge_sid-CBA06C6F-1D72-489D-B9D7-73BB52958F04">
        <omgdi:waypoint x="410.0" y="165.00000000000003"/>
        <omgdi:waypoint x="475.5000000000001" y="165.00000000000003"/>
        <omgdi:waypoint x="475.0995024875623" y="84.90049751243781"/>
      </bpmndi:BPMNEdge>
      <bpmndi:BPMNEdge bpmnElement="sid-3B27C445-9B63-49BE-BDBF-D55CFCFFC68B" id="BPMNEdge_sid-3B27C445-9B63-49BE-BDBF-D55CFCFFC68B">
        <omgdi:waypoint x="120.00000000000001" y="165.00000000000003"/>
        <omgdi:waypoint x="165.00000000000003" y="165.00000000000003"/>
      </bpmndi:BPMNEdge>
      <bpmndi:BPMNEdge bpmnElement="sid-1C38578C-D378-4992-9C4C-6A426378BF92" id="BPMNEdge_sid-1C38578C-D378-4992-9C4C-6A426378BF92">
        <omgdi:waypoint x="495.0000000000001" y="65.0"/>
        <omgdi:waypoint x="615.0000000000001" y="65.0"/>
      </bpmndi:BPMNEdge>
      <bpmndi:BPMNEdge bpmnElement="sid-AABADB08-2396-474A-BC76-D9B763887A18" id="BPMNEdge_sid-AABADB08-2396-474A-BC76-D9B763887A18">
        <omgdi:waypoint x="265.0" y="165.00000000000003"/>
        <omgdi:waypoint x="310.0" y="165.00000000000003"/>
      </bpmndi:BPMNEdge>
      <bpmndi:BPMNEdge bpmnElement="sid-38C9A0EA-AAE2-43B6-B129-F926496DC529" id="BPMNEdge_sid-38C9A0EA-AAE2-43B6-B129-F926496DC529">
        <omgdi:waypoint x="455.03913894324864" y="65.03913894324853"/>
        <omgdi:waypoint x="219.99999999999997" y="65.5"/>
        <omgdi:waypoint x="217.01005025125627" y="125.00000000000004"/>
      </bpmndi:BPMNEdge>
    </bpmndi:BPMNPlane>
  </bpmndi:BPMNDiagram>
</definitions>