{"resourceId":10010,"properties":{"process_id":"OpportunityDiscountApproval","name":"Opportunity Discount Approval","documentation":"","process_author":"","process_version":"","process_namespace":"http://www.activiti.org/processdef","executionlisteners":"","eventlisteners":"","signaldefinitions":"","messagedefinitions":"","executionvariables":"","metadata":""},"stencil":{"id":"BPMNDiagram"},"childShapes":[{"resourceId":"startEvent1","properties":{"overrideid":"","name":"Start","documentation":"","executionlisteners":"","initiator":"","formkeydefinition":"","formreference":{"id":10011,"name":"Start Form","referenceId":10010},"fieldstovariables":[{"mappedDataModel":9009,"formField":{"fieldType":"FormFieldRepresentation","id":"opportunityname","name":"Opportunity Name","type":"text","value":null,"required":false,"readOnly":false,"overrideId":false,"colspan":1,"placeholder":null,"minLength":0,"maxLength":0,"minValue":null,"maxValue":null,"regexPattern":null,"optionType":null,"hasEmptyValue":null,"options":null,"restUrl":null,"restResponsePath":null,"restIdProperty":null,"restLabelProperty":null,"tab":null,"className":null,"params":{"existingColspan":1,"maxColspan":2},"dateDisplayFormat":null,"layout":{"row":-1,"column":-1,"colspan":1},"sizeX":1,"sizeY":1,"row":-1,"col":-1,"visibilityCondition":null},"mappedColumn":"Name","mappedEntity":"Opportunity","mappedVariableName":"currentOpportunity","$$hashKey":"uiGrid-00N1"},{"$$hashKey":"uiGrid-00NC","mappedDataModel":9009,"formField":{"fieldType":"FormFieldRepresentation","id":"accountname","name":"Account Name","type":"text","value":null,"required":false,"readOnly":false,"overrideId":false,"colspan":1,"placeholder":null,"minLength":0,"maxLength":0,"minValue":null,"maxValue":null,"regexPattern":null,"optionType":null,"hasEmptyValue":null,"options":null,"restUrl":null,"restResponsePath":null,"restIdProperty":null,"restLabelProperty":null,"tab":null,"className":null,"params":{"existingColspan":1,"maxColspan":2},"dateDisplayFormat":null,"layout":{"row":-1,"column":-1,"colspan":1},"sizeX":1,"sizeY":1,"row":-1,"col":-1,"visibilityCondition":null,"$$hashKey":"object:14127"},"mappedColumn":"Name","mappedEntity":"Account","mappedVariableName":"currentAccount"}],"formproperties":""},"stencil":{"id":"StartNoneEvent"},"childShapes":[],"outgoing":[{"resourceId":"sid-6F9AECC8-10B1-42A3-AF05-56182721507A"}],"bounds":{"lowerRight":{"x":105.00000000000001,"y":280.00000000000006},"upperLeft":{"x":75.00000000000001,"y":250.00000000000006}},"dockers":[]},{"resourceId":"sid-5BDDDD0C-20CB-4094-802A-F1296C4F893F","properties":{"overrideid":"","name":"Approve Discount","documentation":"","asynchronousdefinition":"false","exclusivedefinition":"false","executionlisteners":"","multiinstance_type":"None","multiinstance_cardinality":"","multiinstance_collection":"","multiinstance_variable":"","multiinstance_condition":"","isforcompensation":"false","usertasksendemail":true,"usertaskassignment":"","formkeydefinition":"","formreference":{"id":10012,"name":"Review Form","referenceId":null},"fieldstovariables":"","duedatedefinition":"","prioritydefinition":"","categorydefinition":"","formproperties":"","tasklisteners":"","emailtemplate":""},"stencil":{"id":"UserTask"},"childShapes":[],"outgoing":[{"resourceId":"sid-DA3C150C-745F-40ED-AF7D-6C513D394724"},{"resourceId":"sid-15D1C600-3006-41EB-B1A6-042825DD76FC"}],"bounds":{"lowerRight":{"x":370.00000000000006,"y":410},"upperLeft":{"x":270.0000000000001,"y":330.00000000000006}},"dockers":[]},{"resourceId":"sid-6F9AECC8-10B1-42A3-AF05-56182721507A","properties":{"overrideid":"","name":"","documentation":"","conditionsequenceflow":"","executionlisteners":"","defaultflow":"false"},"stencil":{"id":"SequenceFlow"},"childShapes":[],"outgoing":[{"resourceId":"sid-BC390FEA-2CA9-43A7-85C8-10843AB742DC"}],"bounds":{"lowerRight":{"x":164.1953125,"y":265.00000000000006},"upperLeft":{"x":105.6484375,"y":265.00000000000006}},"dockers":[{"x":15,"y":15},{"x":49.999999999999986,"y":40}],"target":{"resourceId":"sid-BC390FEA-2CA9-43A7-85C8-10843AB742DC"}},{"resourceId":"sid-5B49CA9A-87E0-4255-A38F-FFA321468A6F","properties":{"overrideid":"","name":"Auto Approved?","documentation":"","asynchronousdefinition":"false","exclusivedefinition":"false","sequencefloworder":""},"stencil":{"id":"ExclusiveGateway"},"childShapes":[],"outgoing":[{"resourceId":"sid-8187F8BE-D874-490D-A7FF-C20585F2D775"},{"resourceId":"sid-EB7A54E3-D7DF-4F39-9400-783B39AF10D1"}],"bounds":{"lowerRight":{"x":340.00000000000006,"y":288.00000000000006},"upperLeft":{"x":300.00000000000006,"y":248.00000000000006}},"dockers":[]},{"resourceId":"sid-109171C0-4400-46F6-A851-858355537DC7","properties":{"overrideid":"","name":"","documentation":"","conditionsequenceflow":"","executionlisteners":"","defaultflow":"false"},"stencil":{"id":"SequenceFlow"},"childShapes":[],"outgoing":[{"resourceId":"sid-5B49CA9A-87E0-4255-A38F-FFA321468A6F"}],"bounds":{"lowerRight":{"x":299.71929984827227,"y":267.8105928859617},"upperLeft":{"x":265.45257515172784,"y":266.67378211403843}},"dockers":[{"x":50.000000000000014,"y":40},{"x":20.5,"y":20.5}],"target":{"resourceId":"sid-5B49CA9A-87E0-4255-A38F-FFA321468A6F"}},{"resourceId":"sid-BC390FEA-2CA9-43A7-85C8-10843AB742DC","properties":{"overrideid":"","name":"Discount Rules","documentation":"","asynchronousdefinition":"false","exclusivedefinition":"false","executionlisteners":"","multiinstance_type":"None","multiinstance_cardinality":"","multiinstance_collection":"","multiinstance_variable":"","multiinstance_condition":"","isforcompensation":"false","decisiontaskdecisiontablereference":{"id":10013,"name":"DiscountRules","referenceId":10010},"formkeydefinition":"","ruletask_rules":"","ruletask_variables_input":"","type":"http://b3mn.org/stencilset/bpmn2.0#UserTask","ruletask_exclude":"false","ruletask_result":"","usertaskassignment":"","usertasksendemail":true,"formreference":"","fieldstovariables":"","emailtemplate":"","tasklisteners":"","categorydefinition":"","formproperties":"","prioritydefinition":"","duedatedefinition":""},"stencil":{"id":"DecisionTask"},"childShapes":[],"outgoing":[{"resourceId":"sid-109171C0-4400-46F6-A851-858355537DC7"}],"bounds":{"lowerRight":{"x":265,"y":305.00000000000006},"upperLeft":{"x":165.00000000000003,"y":225.00000000000006}},"dockers":[]},{"resourceId":"sid-9BB42E20-04B0-4312-A66A-3FFC2EA07618","properties":{"overrideid":"","name":"Approved?","documentation":"","asynchronousdefinition":"false","exclusivedefinition":"false","sequencefloworder":""},"stencil":{"id":"ExclusiveGateway"},"childShapes":[],"outgoing":[{"resourceId":"sid-351D6EE7-456B-4BBE-AD2B-FAEB76D71F88"},{"resourceId":"sid-98B1C597-432F-4E7A-985C-395EC8A39C82"}],"bounds":{"lowerRight":{"x":595.0000000000001,"y":288.00000000000006},"upperLeft":{"x":555.0000000000001,"y":248.00000000000006}},"dockers":[]},{"resourceId":"sid-A22A916C-D371-4C86-BCF0-32655D573A85","properties":{"scriptformat":"groovy","scripttext":"def Amount = currentOpportunity.getEntity().get('Amount').asDouble();\nexecution.setVariable('newapprovedamount', (Amount * ((100 - discountrequested)/100)))\nexecution.setVariable('approveddiscount', discountrequested)","executionvariables":"","overrideid":"","name":"Set New Amount","documentation":"","asynchronousdefinition":true,"exclusivedefinition":"false","executionlisteners":"","multiinstance_type":"None","multiinstance_cardinality":"","multiinstance_collection":"","multiinstance_variable":"","multiinstance_condition":"","isforcompensation":"false","usertasksendemail":true,"usertaskassignment":"","formkeydefinition":"","formreference":"","fieldstovariables":"","duedatedefinition":"","prioritydefinition":"","categorydefinition":"","formproperties":"","tasklisteners":"","emailtemplate":"","type":"http://b3mn.org/stencilset/bpmn2.0#UserTask"},"stencil":{"id":"ScriptTask"},"childShapes":[],"outgoing":[{"resourceId":"sid-F96700D5-0910-4F76-998F-2DCB535A4AC5"}],"bounds":{"lowerRight":{"x":520.0000000000001,"y":200},"upperLeft":{"x":420.00000000000006,"y":120.00000000000001}},"dockers":[]},{"resourceId":"sid-46E25C80-69F7-4281-A5C6-B889B62CC30C","properties":{"overrideid":"","name":"Update Oppourtunity","documentation":"","alfrescoactiontask_publish_as_type":"","entityattributemapping":{"mappedDataModel":9009,"mappedEntity":"Opportunity","attributeMappings":[{"attributeName":"AccountId","attributeType":"string","attributePrimaryKey":false,"attributeIdentity":false,"attributeRequired":false,"$$hashKey":"uiGrid-0009"},{"attributeName":"Amount","attributeType":"string","attributePrimaryKey":false,"attributeIdentity":false,"attributeRequired":false,"valueType":"field","formField":{"id":"newapprovedamount","name":"New Approved Amount","type":"text"},"$$hashKey":"uiGrid-000B"},{"attributeName":"CloseDate","attributeType":"string","attributePrimaryKey":false,"attributeIdentity":false,"attributeRequired":false,"$$hashKey":"uiGrid-000D"},{"attributeName":"DeliveryInstallationStatus__c","attributeType":"string","attributePrimaryKey":false,"attributeIdentity":false,"attributeRequired":false,"$$hashKey":"uiGrid-000F"},{"attributeName":"Description","attributeType":"string","attributePrimaryKey":false,"attributeIdentity":false,"attributeRequired":false,"$$hashKey":"uiGrid-000H"},{"attributeName":"ExpectedRevenue","attributeType":"string","attributePrimaryKey":false,"attributeIdentity":false,"attributeRequired":false,"valueType":"static","formField":null,"$$hashKey":"uiGrid-000J","variable":null,"staticValue":null},{"attributeName":"Id","attributeType":"string","attributePrimaryKey":false,"attributeIdentity":false,"attributeRequired":false,"valueType":"variable","variable":{"id":"currentOpportunity.Id","name":"currentOpportunity.Id","type":"string"},"$$hashKey":"uiGrid-000L"},{"attributeName":"LeadSource","attributeType":"string","attributePrimaryKey":false,"attributeIdentity":false,"attributeRequired":false,"$$hashKey":"uiGrid-000N"},{"attributeName":"Name","attributeType":"string","attributePrimaryKey":false,"attributeIdentity":false,"attributeRequired":false,"$$hashKey":"uiGrid-000P"},{"attributeName":"Probability","attributeType":"string","attributePrimaryKey":false,"attributeIdentity":false,"attributeRequired":false,"$$hashKey":"uiGrid-000R"},{"attributeName":"StageName","attributeType":"string","attributePrimaryKey":false,"attributeIdentity":false,"attributeRequired":false,"staticValue":"Negotiation/Review","$$hashKey":"uiGrid-000T"},{"attributeName":"Type","attributeType":"string","attributePrimaryKey":false,"attributeIdentity":false,"attributeRequired":false,"$$hashKey":"uiGrid-000V"}]},"multiinstance_collection":"","multiinstance_variable":"","multiinstance_condition":"","usertasksendemail":true,"type":"http://b3mn.org/stencilset/bpmn2.0#UserTask","emailtemplate":"","asynchronousdefinition":"false","exclusivedefinition":"false","executionlisteners":"","multiinstance_type":"None","multiinstance_cardinality":"","formreference":"","fieldstovariables":"","duedatedefinition":"","prioritydefinition":"","categorydefinition":"","formproperties":"","isforcompensation":"false","tasklisteners":"","usertaskassignment":"","formkeydefinition":""},"stencil":{"id":"StoreEntityTask"},"childShapes":[],"outgoing":[{"resourceId":"sid-9E950BA2-9292-466F-BAD4-D493B62BA4FC"}],"bounds":{"lowerRight":{"x":850.0000000000002,"y":308.00000000000006},"upperLeft":{"x":750.0000000000002,"y":228.00000000000006}},"dockers":[]},{"resourceId":"sid-7F481A43-CD00-4107-9815-97D57821F988","properties":{"overrideid":"","name":"","documentation":"","asynchronousdefinition":"false","exclusivedefinition":"false","sequencefloworder":"","type":"http://b3mn.org/stencilset/bpmn2.0#ExclusiveGateway"},"stencil":{"id":"ParallelGateway"},"childShapes":[],"outgoing":[{"resourceId":"sid-AE2D36C8-177F-4C08-8297-9E46A667D6DD"},{"resourceId":"sid-66121E19-2B26-4C78-AA6F-8CC84FB90653"},{"resourceId":"sid-5429A3E3-B731-42B9-A221-870C54718C55"}],"bounds":{"lowerRight":{"x":715.0000000000001,"y":288.00000000000017},"upperLeft":{"x":675.0000000000001,"y":248.00000000000017}},"dockers":[]},{"resourceId":"sid-AE2D36C8-177F-4C08-8297-9E46A667D6DD","properties":{"overrideid":"","name":"","documentation":"","conditionsequenceflow":"","executionlisteners":"","defaultflow":"false"},"stencil":{"id":"SequenceFlow"},"childShapes":[],"outgoing":[{"resourceId":"sid-46E25C80-69F7-4281-A5C6-B889B62CC30C"}],"bounds":{"lowerRight":{"x":749.1992301964281,"y":268.4053716157725},"upperLeft":{"x":715.2773323035724,"y":268.24306588422775}},"dockers":[{"x":20.5,"y":20.500000000000007},{"x":50,"y":40}],"target":{"resourceId":"sid-46E25C80-69F7-4281-A5C6-B889B62CC30C"}},{"resourceId":"sid-66121E19-2B26-4C78-AA6F-8CC84FB90653","properties":{"overrideid":"","name":"","documentation":"","conditionsequenceflow":"","executionlisteners":"","defaultflow":"false"},"stencil":{"id":"SequenceFlow"},"childShapes":[],"outgoing":[{"resourceId":"sid-20138027-4E4A-4E62-8356-EEA77FF10480"}],"bounds":{"lowerRight":{"x":749.1992187500001,"y":400.0000000000001},"upperLeft":{"x":695.5000000000001,"y":288.5058593750001}},"dockers":[{"x":20.5,"y":20.500000000000007},{"x":695.5000000000001,"y":400.0000000000001},{"x":50,"y":40}],"target":{"resourceId":"sid-20138027-4E4A-4E62-8356-EEA77FF10480"}},{"resourceId":"sid-20138027-4E4A-4E62-8356-EEA77FF10480","properties":{"name":"Save Attachments","documentation":"","asynchronousdefinition":"false","exclusivedefinition":"false","executionlisteners":"","multiinstance_type":"None","multiinstance_cardinality":"","multiinstance_collection":"","multiinstance_variable":"","multiinstance_condition":"","isforcompensation":"false","servicetaskresultvariable":"","pathid":"/tmp/opt/","contentfieldid":"","type":"http://b3mn.org/stencilset/bpmn2.0#UserTask","overrideid":"","usertaskassignment":"","formkeydefinition":"","formproperties":"","categorydefinition":"","prioritydefinition":"","duedatedefinition":"","fieldstovariables":"","formreference":"","usertasksendemail":true,"tasklisteners":"","emailtemplate":""},"stencil":{"id":"save_attachments"},"childShapes":[],"outgoing":[{"resourceId":"sid-0A471BCE-9F94-4729-B325-BF3A9F18AF6D"}],"bounds":{"lowerRight":{"x":850.0000000000001,"y":440.0000000000001},"upperLeft":{"x":750.0000000000001,"y":360.0000000000001}},"dockers":[]},{"resourceId":"sid-9E950BA2-9292-466F-BAD4-D493B62BA4FC","properties":{"overrideid":"","name":"","documentation":"","conditionsequenceflow":"","executionlisteners":"","defaultflow":"false"},"stencil":{"id":"SequenceFlow"},"childShapes":[],"outgoing":[{"resourceId":"sid-2A717D1F-097C-4147-A7E2-54850F296EE3"}],"bounds":{"lowerRight":{"x":894.6484468700078,"y":268.4097335362339},"upperLeft":{"x":850.6288968799927,"y":268.21917271376634}},"dockers":[{"x":50,"y":40},{"x":20.50000000000006,"y":20.50000000000003}],"target":{"resourceId":"sid-2A717D1F-097C-4147-A7E2-54850F296EE3"}},{"resourceId":"sid-2A717D1F-097C-4147-A7E2-54850F296EE3","properties":{"overrideid":"","name":"","documentation":"","asynchronousdefinition":"false","exclusivedefinition":"false","sequencefloworder":"","type":"http://b3mn.org/stencilset/bpmn2.0#ExclusiveGateway"},"stencil":{"id":"ParallelGateway"},"childShapes":[],"outgoing":[{"resourceId":"sid-35AD8EE7-D34A-4AF5-8A2C-FFB03F830434"}],"bounds":{"lowerRight":{"x":935,"y":288.0000000000001},"upperLeft":{"x":895,"y":248.0000000000001}},"dockers":[]},{"resourceId":"sid-0A471BCE-9F94-4729-B325-BF3A9F18AF6D","properties":{"overrideid":"","name":"","documentation":"","conditionsequenceflow":"","executionlisteners":"","defaultflow":"false"},"stencil":{"id":"SequenceFlow"},"childShapes":[],"outgoing":[{"resourceId":"sid-2A717D1F-097C-4147-A7E2-54850F296EE3"}],"bounds":{"lowerRight":{"x":915,"y":400.0000000000001},"upperLeft":{"x":850.4140625,"y":287.5625000000001}},"dockers":[{"x":50,"y":40},{"x":914.9999999999999,"y":400.0000000000001},{"x":20,"y":20}],"target":{"resourceId":"sid-2A717D1F-097C-4147-A7E2-54850F296EE3"}},{"resourceId":"sid-38920787-AA39-4AD8-A785-52942D21E4DE","properties":{"overrideid":"","name":"","documentation":"","conditionsequenceflow":"","executionlisteners":"","defaultflow":"false","showdiamondmarker":false},"stencil":{"id":"SequenceFlow"},"childShapes":[],"outgoing":[{"resourceId":"sid-2A717D1F-097C-4147-A7E2-54850F296EE3"}],"bounds":{"lowerRight":{"x":915,"y":248.4375000000001},"upperLeft":{"x":850.6397686004639,"y":160}},"dockers":[{"x":88.94445800781229,"y":39.99999999999999},{"x":914.9999999999999,"y":160},{"x":20,"y":20}],"target":{"resourceId":"sid-2A717D1F-097C-4147-A7E2-54850F296EE3"}},{"resourceId":"sid-E5BC980F-2AE1-4095-BD0C-844A2FE241CF","properties":{"overrideid":"","name":"End","documentation":"","executionlisteners":""},"stencil":{"id":"EndNoneEvent"},"childShapes":[],"outgoing":[],"bounds":{"lowerRight":{"x":1228.0000000000002,"y":279.0000000000001},"upperLeft":{"x":1200.0000000000002,"y":251.00000000000009}},"dockers":[]},{"resourceId":"sid-6D9503DB-2735-4DD1-9AB7-98355EA6CC11","properties":{"overrideid":"","name":"","documentation":"","conditionsequenceflow":"","executionlisteners":"","defaultflow":"false"},"stencil":{"id":"SequenceFlow"},"childShapes":[],"outgoing":[{"resourceId":"sid-E5BC980F-2AE1-4095-BD0C-844A2FE241CF"}],"bounds":{"lowerRight":{"x":1199.0785838208549,"y":266.46971087335936},"upperLeft":{"x":1165.4995411791456,"y":265.45216412664087}},"dockers":[{"x":49.99999999999994,"y":40},{"x":14,"y":14.000000000000016}],"target":{"resourceId":"sid-E5BC980F-2AE1-4095-BD0C-844A2FE241CF"}},{"resourceId":"sid-89065B0D-2AF1-489D-81C4-D7CEAC60080E","properties":{"name":"Send Email","documentation":"","asynchronousdefinition":"false","exclusivedefinition":"false","executionlisteners":"","multiinstance_type":"None","multiinstance_cardinality":"","multiinstance_collection":"","multiinstance_variable":"","multiinstance_condition":"","isforcompensation":"false","servicetaskresultvariable":"","emailtemplateid":"opportunityDiscountApproved","tolistid":"demo@example.com","subjectid":"Discount Request Approved - ${opportunityname}","contentfield":"","includeattachmentsid":true,"usertasksendemail":true,"type":"http://b3mn.org/stencilset/bpmn2.0#UserTask","emailtemplate":"","tasklisteners":"","formproperties":"","categorydefinition":"","prioritydefinition":"","duedatedefinition":"","fieldstovariables":"","formreference":"","formkeydefinition":"","overrideid":"","usertaskassignment":""},"stencil":{"id":"send_email"},"childShapes":[],"outgoing":[{"resourceId":"sid-6D9503DB-2735-4DD1-9AB7-98355EA6CC11"}],"bounds":{"lowerRight":{"x":1165,"y":308.00000000000017},"upperLeft":{"x":1065.0000000000002,"y":228.00000000000017}},"dockers":[]},{"resourceId":"sid-2C0680CC-CDED-434E-BA55-F58FB66BE082","properties":{"name":"Send Reject Email","documentation":"","asynchronousdefinition":"false","exclusivedefinition":"false","executionlisteners":"","multiinstance_type":"None","multiinstance_cardinality":"","multiinstance_collection":"","multiinstance_variable":"","multiinstance_condition":"","isforcompensation":"false","servicetaskresultvariable":"","emailtemplateid":"opportunityDiscountRejected","tolistid":"demo@example.com","subjectid":"Discount Request Rejected - ${opportunityname}","contentfield":"","includeattachmentsid":"","usertasksendemail":true,"type":"http://b3mn.org/stencilset/bpmn2.0#UserTask","emailtemplate":"","tasklisteners":"","formproperties":"","categorydefinition":"","prioritydefinition":"","duedatedefinition":"","fieldstovariables":"","formreference":"","formkeydefinition":"","usertaskassignment":"","overrideid":""},"stencil":{"id":"send_email"},"childShapes":[],"outgoing":[{"resourceId":"sid-C8CD9FAD-64A3-4EDD-9A9E-7A73E3B68FBC"}],"bounds":{"lowerRight":{"x":625.0000000000001,"y":545.0000000000001},"upperLeft":{"x":525.0000000000002,"y":465.0000000000001}},"dockers":[]},{"resourceId":"sid-4052613E-CDA0-4341-84CF-1D8F4ED062D4","properties":{"overrideid":"","name":"Reject End","documentation":"","executionlisteners":""},"stencil":{"id":"EndNoneEvent"},"childShapes":[],"outgoing":[],"bounds":{"lowerRight":{"x":763.0000000000001,"y":519.0000000000002},"upperLeft":{"x":735.0000000000001,"y":491.00000000000017}},"dockers":[]},{"resourceId":"sid-351D6EE7-456B-4BBE-AD2B-FAEB76D71F88","properties":{"overrideid":"","name":"Yes","documentation":"","conditionsequenceflow":{"expression":{"type":"advanced","outcomeFormId":10012,"outcomeFormName":"Review Form","operator":"==","rightOutcomeFormId":10012,"rightOutcomeFormName":"Review Form","rightOutcomeName":"Approve","nextCondition":{"operator":"==","rightValue":"true","nextConditionOperator":"","leftRestResponseId":"autoApproved"},"nextConditionOperator":"or"}},"executionlisteners":"","defaultflow":false},"stencil":{"id":"SequenceFlow"},"childShapes":[],"outgoing":[{"resourceId":"sid-7F481A43-CD00-4107-9815-97D57821F988"}],"bounds":{"lowerRight":{"x":674.8125000000002,"y":268.5000000000002},"upperLeft":{"x":595.2500000000002,"y":268.5000000000001}},"dockers":[{"x":20.5,"y":20.5},{"x":20.50000000000006,"y":20.500000000000036}],"target":{"resourceId":"sid-7F481A43-CD00-4107-9815-97D57821F988"}},{"resourceId":"sid-F96700D5-0910-4F76-998F-2DCB535A4AC5","properties":{"overrideid":"","name":"","documentation":"","conditionsequenceflow":"","executionlisteners":"","defaultflow":"false"},"stencil":{"id":"SequenceFlow"},"childShapes":[],"outgoing":[{"resourceId":"sid-9BB42E20-04B0-4312-A66A-3FFC2EA07618"}],"bounds":{"lowerRight":{"x":575.0000000000001,"y":248.43750000000006},"upperLeft":{"x":520.2187500000001,"y":160}},"dockers":[{"x":50.00000000000003,"y":39.99999999999999},{"x":575.0000000000001,"y":160},{"x":20,"y":20}],"target":{"resourceId":"sid-9BB42E20-04B0-4312-A66A-3FFC2EA07618"}},{"resourceId":"sid-98B1C597-432F-4E7A-985C-395EC8A39C82","properties":{"overrideid":"","name":"","documentation":"","conditionsequenceflow":"","executionlisteners":"","defaultflow":true},"stencil":{"id":"SequenceFlow"},"childShapes":[],"outgoing":[{"resourceId":"sid-2C0680CC-CDED-434E-BA55-F58FB66BE082"}],"bounds":{"lowerRight":{"x":575.4588233398201,"y":464.27539285983926},"upperLeft":{"x":575.0860985351803,"y":287.97656026516097}},"dockers":[{"x":20.5,"y":20.5},{"x":49.99999999999994,"y":40}],"target":{"resourceId":"sid-2C0680CC-CDED-434E-BA55-F58FB66BE082"}},{"resourceId":"sid-15D1C600-3006-41EB-B1A6-042825DD76FC","properties":{"overrideid":"","name":"","documentation":"","timercycledefinition":"","timerdatedefinition":"","timerdurationdefinition":"PT10S","cancelactivity":false},"stencil":{"id":"BoundaryTimerEvent"},"childShapes":[],"outgoing":[{"resourceId":"sid-3BFF055C-D26E-4FF4-B1E8-3F8EBB1B4F7F"}],"bounds":{"lowerRight":{"x":353.7467977902791,"y":425.86728627971337},"upperLeft":{"x":322.7467977902791,"y":394.86728627971337}},"dockers":[{"x":59.94442749023427,"y":61.99999999999995}]},{"resourceId":"sid-3BFF055C-D26E-4FF4-B1E8-3F8EBB1B4F7F","properties":{"overrideid":"","name":"","documentation":"","conditionsequenceflow":"","executionlisteners":"","defaultflow":"false"},"stencil":{"id":"SequenceFlow"},"childShapes":[],"outgoing":[{"resourceId":"sid-AB0D4825-6023-4604-9A38-D8DDAFCBC34E"}],"bounds":{"lowerRight":{"x":338.6633612155143,"y":464.2877755057669},"upperLeft":{"x":338.463046865044,"y":426.57550869199537}},"dockers":[{"x":16,"y":16},{"x":50,"y":40.00000000000003}],"target":{"resourceId":"sid-AB0D4825-6023-4604-9A38-D8DDAFCBC34E"}},{"resourceId":"sid-8A6CF458-703F-4153-A85D-FE385DEBFC3E","properties":{"overrideid":"","name":"Escalated","documentation":"","executionlisteners":""},"stencil":{"id":"EndNoneEvent"},"childShapes":[],"outgoing":[],"bounds":{"lowerRight":{"x":461.2467977902793,"y":519},"upperLeft":{"x":433.2467977902793,"y":491.00000000000006}},"dockers":[]},{"resourceId":"sid-630683F0-0FAC-42DB-9D9E-31CE37613EB1","properties":{"overrideid":"","name":"","documentation":"","conditionsequenceflow":"","executionlisteners":"","defaultflow":"false"},"stencil":{"id":"SequenceFlow"},"childShapes":[],"outgoing":[{"resourceId":"sid-8A6CF458-703F-4153-A85D-FE385DEBFC3E"}],"bounds":{"lowerRight":{"x":432.6217977902793,"y":505.0000000000001},"upperLeft":{"x":388.6374227902793,"y":505}},"dockers":[{"x":50,"y":40.00000000000003},{"x":14,"y":13.999999999999972}],"target":{"resourceId":"sid-8A6CF458-703F-4153-A85D-FE385DEBFC3E"}},{"resourceId":"sid-AB0D4825-6023-4604-9A38-D8DDAFCBC34E","properties":{"name":"Escalation Email","documentation":"","asynchronousdefinition":"false","exclusivedefinition":"false","executionlisteners":"","multiinstance_type":"None","multiinstance_cardinality":"","multiinstance_collection":"","multiinstance_variable":"","multiinstance_condition":"","isforcompensation":"false","servicetaskresultvariable":"","emailtemplateid":"opportunityDiscountReviewEscalation","tolistid":"demo@example.com","subjectid":"Escalation:  Pending Discount Approval - ${opportunityname}","contentfield":"","includeattachmentsid":true,"type":"http://b3mn.org/stencilset/bpmn2.0#UserTask","emailtemplate":"","tasklisteners":"","usertasksendemail":true,"usertaskassignment":"","overrideid":"","formkeydefinition":"","formreference":"","fieldstovariables":"","duedatedefinition":"","prioritydefinition":"","categorydefinition":"","formproperties":"","contentfieldid":"","pathid":""},"stencil":{"id":"send_email"},"childShapes":[],"outgoing":[{"resourceId":"sid-630683F0-0FAC-42DB-9D9E-31CE37613EB1"}],"bounds":{"lowerRight":{"x":388.2467977902793,"y":545.0000000000001},"upperLeft":{"x":288.2467977902793,"y":465.00000000000006}},"dockers":[]},{"resourceId":"sid-C8CD9FAD-64A3-4EDD-9A9E-7A73E3B68FBC","properties":{"overrideid":"","name":"","documentation":"","conditionsequenceflow":"","executionlisteners":"","defaultflow":"false"},"stencil":{"id":"SequenceFlow"},"childShapes":[],"outgoing":[{"resourceId":"sid-4052613E-CDA0-4341-84CF-1D8F4ED062D4"}],"bounds":{"lowerRight":{"x":734.4062500000002,"y":505.0000000000002},"upperLeft":{"x":625.6171875000002,"y":505.0000000000001}},"dockers":[{"x":49.99999999999994,"y":40},{"x":14,"y":14.000000000000028}],"target":{"resourceId":"sid-4052613E-CDA0-4341-84CF-1D8F4ED062D4"}},{"resourceId":"sid-DA3C150C-745F-40ED-AF7D-6C513D394724","properties":{"overrideid":"","name":"","documentation":"","conditionsequenceflow":"","executionlisteners":"","defaultflow":"false"},"stencil":{"id":"SequenceFlow"},"childShapes":[],"outgoing":[{"resourceId":"sid-9BB42E20-04B0-4312-A66A-3FFC2EA07618"}],"bounds":{"lowerRight":{"x":554.7187500000001,"y":370},"upperLeft":{"x":370.2187500000001,"y":268.50000000000006}},"dockers":[{"x":49.99999999999997,"y":39.99999999999997},{"x":470.00000000000006,"y":370},{"x":470.00000000000006,"y":268.50000000000006},{"x":20.5,"y":20.5}],"target":{"resourceId":"sid-9BB42E20-04B0-4312-A66A-3FFC2EA07618"}},{"resourceId":"sid-5429A3E3-B731-42B9-A221-870C54718C55","properties":{"overrideid":"","name":"","documentation":"","conditionsequenceflow":"","executionlisteners":"","defaultflow":"false"},"stencil":{"id":"SequenceFlow"},"childShapes":[],"outgoing":[{"resourceId":"sid-7ECC336A-853E-4954-88EB-F2314608CA90"}],"bounds":{"lowerRight":{"x":749.1992187500002,"y":247.1562500000001},"upperLeft":{"x":695.5000000000001,"y":160}},"dockers":[{"x":20.5,"y":20.5},{"x":695.5000000000001,"y":160},{"x":50,"y":39.99999999999999}],"target":{"resourceId":"sid-7ECC336A-853E-4954-88EB-F2314608CA90"}},{"resourceId":"sid-7ECC336A-853E-4954-88EB-F2314608CA90","properties":{"overrideid":"","name":"Create Case","documentation":"","alfrescoactiontask_publish_as_type":"","entityattributemapping":{"mappedDataModel":9009,"mappedEntity":"Case","attributeMappings":[{"attributeName":"AccountId","attributeType":"string","attributePrimaryKey":false,"attributeIdentity":false,"attributeRequired":false,"valueType":"variable","variable":{"id":"currentAccount.Id","name":"currentAccount.Id","type":"string"},"$$hashKey":"uiGrid-004P"},{"attributeName":"Description","attributeType":"string","attributePrimaryKey":false,"attributeIdentity":false,"attributeRequired":false,"staticValue":"This is a testing of case creation via APS","$$hashKey":"uiGrid-004R"},{"attributeName":"Origin","attributeType":"string","attributePrimaryKey":false,"attributeIdentity":false,"attributeRequired":false,"staticValue":"Web","$$hashKey":"uiGrid-004T"},{"attributeName":"Status","attributeType":"string","attributePrimaryKey":false,"attributeIdentity":false,"attributeRequired":false,"staticValue":"New","$$hashKey":"uiGrid-004V"},{"attributeName":"Subject","attributeType":"string","attributePrimaryKey":false,"attributeIdentity":false,"attributeRequired":false,"valueType":"variable","variable":{"id":"currentOpportunity.Name","name":"currentOpportunity.Name","type":"string"},"$$hashKey":"uiGrid-004X"},{"attributeName":"Id","attributeType":"string","attributePrimaryKey":false,"attributeIdentity":false,"attributeRequired":false,"$$hashKey":"uiGrid-004Z"},{"attributeName":"ContactEmail","attributeType":"string","attributePrimaryKey":false,"attributeIdentity":false,"attributeRequired":false,"$$hashKey":"uiGrid-0051"}],"newVariableName":"currentCase"},"asynchronousdefinition":"false","exclusivedefinition":"false","executionlisteners":"","multiinstance_type":"None","multiinstance_cardinality":"","multiinstance_collection":"","multiinstance_variable":"","multiinstance_condition":"","isforcompensation":"false","usertasksendemail":true,"type":"http://b3mn.org/stencilset/bpmn2.0#UserTask","emailtemplate":"","usertaskassignment":"","formkeydefinition":"","formreference":"","fieldstovariables":"","duedatedefinition":"","prioritydefinition":"","categorydefinition":"","formproperties":"","tasklisteners":""},"stencil":{"id":"StoreEntityTask"},"childShapes":[],"outgoing":[{"resourceId":"sid-38920787-AA39-4AD8-A785-52942D21E4DE"}],"bounds":{"lowerRight":{"x":850.0000000000003,"y":200},"upperLeft":{"x":750.0000000000003,"y":120.00000000000001}},"dockers":[]},{"resourceId":"sid-723CF6FF-06F0-493C-A8B7-B901ECE8085F","properties":{"overrideid":"","name":"Review Changes and Case","documentation":"","asynchronousdefinition":"false","exclusivedefinition":"false","executionlisteners":"","multiinstance_type":"None","multiinstance_cardinality":"","multiinstance_collection":"","multiinstance_variable":"","multiinstance_condition":"","isforcompensation":"false","usertasksendemail":true,"usertaskassignment":"","formkeydefinition":"","formreference":{"id":11011,"name":"Review Changes","referenceId":10010},"fieldstovariables":"","duedatedefinition":"","prioritydefinition":"","categorydefinition":"","formproperties":"","tasklisteners":"","emailtemplate":""},"stencil":{"id":"UserTask"},"childShapes":[],"outgoing":[{"resourceId":"sid-3BCA404A-B376-4545-A533-00E532752BCA"}],"bounds":{"lowerRight":{"x":1045.0000000000002,"y":545.0000000000002},"upperLeft":{"x":945.0000000000002,"y":465.0000000000002}},"dockers":[]},{"resourceId":"sid-35AD8EE7-D34A-4AF5-8A2C-FFB03F830434","properties":{"overrideid":"","name":"","documentation":"","conditionsequenceflow":"","executionlisteners":"","defaultflow":"false"},"stencil":{"id":"SequenceFlow"},"childShapes":[],"outgoing":[{"resourceId":"sid-723CF6FF-06F0-493C-A8B7-B901ECE8085F"}],"bounds":{"lowerRight":{"x":995.0000000000002,"y":464.2753906250002},"upperLeft":{"x":935.1328125,"y":268.5000000000001}},"dockers":[{"x":20.5,"y":20.5},{"x":995.0000000000002,"y":268.5000000000001},{"x":50,"y":40}],"target":{"resourceId":"sid-723CF6FF-06F0-493C-A8B7-B901ECE8085F"}},{"resourceId":"sid-3BCA404A-B376-4545-A533-00E532752BCA","properties":{"overrideid":"","name":"","documentation":"","conditionsequenceflow":"","executionlisteners":"","defaultflow":"false"},"stencil":{"id":"SequenceFlow"},"childShapes":[],"outgoing":[{"resourceId":"sid-89065B0D-2AF1-489D-81C4-D7CEAC60080E"}],"bounds":{"lowerRight":{"x":1115,"y":505.0000000000002},"upperLeft":{"x":1045.6875,"y":308.8085937500002}},"dockers":[{"x":50,"y":40},{"x":1115,"y":505.0000000000002},{"x":49.999999999999886,"y":40}],"target":{"resourceId":"sid-89065B0D-2AF1-489D-81C4-D7CEAC60080E"}},{"resourceId":"sid-EB7A54E3-D7DF-4F39-9400-783B39AF10D1","properties":{"overrideid":"","name":"No","documentation":"","conditionsequenceflow":"","executionlisteners":"","defaultflow":true},"stencil":{"id":"SequenceFlow"},"childShapes":[],"outgoing":[{"resourceId":"sid-A22A916C-D371-4C86-BCF0-32655D573A85"}],"bounds":{"lowerRight":{"x":419.9453125000001,"y":247.15625000000006},"upperLeft":{"x":320.50000000000006,"y":160}},"dockers":[{"x":20.5,"y":20.5},{"x":320.50000000000006,"y":160},{"x":50.00000000000003,"y":39.99999999999999}],"target":{"resourceId":"sid-A22A916C-D371-4C86-BCF0-32655D573A85"}},{"resourceId":"sid-8187F8BE-D874-490D-A7FF-C20585F2D775","properties":{"overrideid":"","name":"Yes","documentation":"","conditionsequenceflow":{"expression":{"type":"variables","leftRestResponseId":"autoApproved","operator":"==","rightValue":"false"}},"executionlisteners":"","defaultflow":false},"stencil":{"id":"SequenceFlow"},"childShapes":[],"outgoing":[{"resourceId":"sid-5BDDDD0C-20CB-4094-802A-F1296C4F893F"}],"bounds":{"lowerRight":{"x":320.40132395139443,"y":329.35157463305103},"upperLeft":{"x":320.2002385486058,"y":288.53123786694897}},"dockers":[{"x":20.5,"y":20.5},{"x":49.99999999999997,"y":39.99999999999997}],"target":{"resourceId":"sid-5BDDDD0C-20CB-4094-802A-F1296C4F893F"}}],"bounds":{"lowerRight":{"x":1328.0000000000002,"y":1050},"upperLeft":{"x":0,"y":0}},"stencilset":{"url":"stencilsets/bpmn2.0/bpmn2.0.json","namespace":"http://b3mn.org/stencilset/bpmn2.0#"},"ssextensions":[]}