{"referenceId":null,"name":"VehicleDataModels","description":null,"dataSourceName":"DataModel Datasource","editorJson":{"id":38041,"name":"VehicleDataModels","dataSourceId":1,"entities":[{"name":"Cars","description":"","tableName":"CARS","attributes":[{"name":"VIN","type":"string","description":"Auto-imported attribute","mappedName":"VIN","primaryKey":true,"generatedValue":false,"identity":false,"required":true},{"name":"BRAND","type":"string","description":"Auto-imported attribute","mappedName":"BRAND","primaryKey":false,"identity":false,"required":false},{"name":"COLOR","type":"string","description":"Auto-imported attribute","mappedName":"COLOR","primaryKey":false,"identity":false,"required":false},{"name":"YEAR","type":"number","description":"Auto-imported attribute","mappedName":"YEAR","primaryKey":false,"identity":false,"required":false}]}]}}