<?xml version='1.0' encoding='UTF-8'?>
<definitions xmlns="http://www.omg.org/spec/BPMN/20100524/MODEL" xmlns:xsi="http://www.w3.org/2001/XMLSchema-instance" xmlns:xsd="http://www.w3.org/2001/XMLSchema" xmlns:activiti="http://activiti.org/bpmn" xmlns:bpmndi="http://www.omg.org/spec/BPMN/20100524/DI" xmlns:omgdc="http://www.omg.org/spec/DD/20100524/DC" xmlns:omgdi="http://www.omg.org/spec/DD/20100524/DI" typeLanguage="http://www.w3.org/2001/XMLSchema" expressionLanguage="http://www.w3.org/1999/XPath" targetNamespace="http://www.activiti.org/processdef" xmlns:modeler="http://activiti.com/modeler" modeler:version="1.0en" modeler:exportDateTime="20170427092123960" modeler:modelId="18049" modeler:modelVersion="3" modeler:modelLastUpdated="1493302864630">
  <process id="table-stencil" name="table-stencil" isExecutable="true">
    <startEvent id="startEvent1" activiti:formKey="18050">
      <extensionElements>
        <modeler:form-reference-id><![CDATA[18050]]></modeler:form-reference-id>
        <modeler:form-reference-name><![CDATA[table-stencil]]></modeler:form-reference-name>
        <modeler:editor-resource-id><![CDATA[startEvent1]]></modeler:editor-resource-id>
      </extensionElements>
    </startEvent>
    <userTask id="sid-08C7292C-4013-4CB0-8B70-3295785020E3" activiti:assignee="$INITIATOR" activiti:formKey="18050">
      <extensionElements>
        <modeler:allow-send-email><![CDATA[true]]></modeler:allow-send-email>
        <modeler:form-reference-id><![CDATA[18050]]></modeler:form-reference-id>
        <modeler:form-reference-name><![CDATA[table-stencil]]></modeler:form-reference-name>
        <modeler:activiti-idm-initiator><![CDATA[true]]></modeler:activiti-idm-initiator>
        <modeler:editor-resource-id><![CDATA[sid-08C7292C-4013-4CB0-8B70-3295785020E3]]></modeler:editor-resource-id>
      </extensionElements>
    </userTask>
    <sequenceFlow id="sid-0963270F-EEAD-4913-969F-D28A97BF1980" sourceRef="startEvent1" targetRef="sid-08C7292C-4013-4CB0-8B70-3295785020E3">
      <extensionElements>
        <modeler:editor-resource-id><![CDATA[sid-0963270F-EEAD-4913-969F-D28A97BF1980]]></modeler:editor-resource-id>
      </extensionElements>
    </sequenceFlow>
    <endEvent id="sid-5595CFA1-8408-4924-BA62-CE2D00F28CA7">
      <extensionElements>
        <modeler:editor-resource-id><![CDATA[sid-5595CFA1-8408-4924-BA62-CE2D00F28CA7]]></modeler:editor-resource-id>
      </extensionElements>
    </endEvent>
    <sequenceFlow id="sid-2091291D-CDB1-4725-AE4E-D9073E66810E" sourceRef="sid-08C7292C-4013-4CB0-8B70-3295785020E3" targetRef="sid-5595CFA1-8408-4924-BA62-CE2D00F28CA7">
      <extensionElements>
        <modeler:editor-resource-id><![CDATA[sid-2091291D-CDB1-4725-AE4E-D9073E66810E]]></modeler:editor-resource-id>
      </extensionElements>
    </sequenceFlow>
  </process>
  <bpmndi:BPMNDiagram id="BPMNDiagram_table-stencil">
    <bpmndi:BPMNPlane bpmnElement="table-stencil" id="BPMNPlane_table-stencil">
      <bpmndi:BPMNShape bpmnElement="startEvent1" id="BPMNShape_startEvent1">
        <omgdc:Bounds height="30.0" width="30.0" x="100.0" y="163.0"/>
      </bpmndi:BPMNShape>
      <bpmndi:BPMNShape bpmnElement="sid-08C7292C-4013-4CB0-8B70-3295785020E3" id="BPMNShape_sid-08C7292C-4013-4CB0-8B70-3295785020E3">
        <omgdc:Bounds height="80.0" width="100.0" x="175.0" y="138.0"/>
      </bpmndi:BPMNShape>
      <bpmndi:BPMNShape bpmnElement="sid-5595CFA1-8408-4924-BA62-CE2D00F28CA7" id="BPMNShape_sid-5595CFA1-8408-4924-BA62-CE2D00F28CA7">
        <omgdc:Bounds height="28.0" width="28.0" x="320.0" y="164.0"/>
      </bpmndi:BPMNShape>
      <bpmndi:BPMNEdge bpmnElement="sid-0963270F-EEAD-4913-969F-D28A97BF1980" id="BPMNEdge_sid-0963270F-EEAD-4913-969F-D28A97BF1980">
        <omgdi:waypoint x="130.0" y="178.0"/>
        <omgdi:waypoint x="175.0" y="178.0"/>
      </bpmndi:BPMNEdge>
      <bpmndi:BPMNEdge bpmnElement="sid-2091291D-CDB1-4725-AE4E-D9073E66810E" id="BPMNEdge_sid-2091291D-CDB1-4725-AE4E-D9073E66810E">
        <omgdi:waypoint x="275.0" y="178.0"/>
        <omgdi:waypoint x="320.0" y="178.0"/>
      </bpmndi:BPMNEdge>
    </bpmndi:BPMNPlane>
  </bpmndi:BPMNDiagram>
</definitions>