{"resourceId":19072,"properties":{"process_id":"GenerateDocwithSignature","name":"Generate Doc with Signature","documentation":"","process_author":"","process_version":"","process_namespace":"http://www.activiti.org/processdef","executionlisteners":"","eventlisteners":"","signaldefinitions":"","messagedefinitions":"","executionvariables":"","metadata":""},"stencil":{"id":"BPMNDiagram"},"childShapes":[{"resourceId":"startEvent1","properties":{"overrideid":"","name":"","documentation":"","executionlisteners":"","initiator":"","formkeydefinition":"","formreference":{"id":19073,"name":"Signature Form","referenceId":19072},"fieldstovariables":"","formproperties":""},"stencil":{"id":"StartNoneEvent"},"childShapes":[],"outgoing":[{"resourceId":"sid-62FDB7B1-6B58-4968-88CD-23D327591FC5"}],"bounds":{"lowerRight":{"x":130,"y":193},"upperLeft":{"x":100,"y":163}},"dockers":[]},{"resourceId":"sid-62FDB7B1-6B58-4968-88CD-23D327591FC5","properties":{"overrideid":"","name":"","documentation":"","conditionsequenceflow":"","executionlisteners":"","defaultflow":"false"},"stencil":{"id":"SequenceFlow"},"childShapes":[],"outgoing":[{"resourceId":"sid-345D60F5-B523-4B4A-AAA8-249B57B3CF7C"}],"bounds":{"lowerRight":{"x":164.78169969647763,"y":177.54813849089433},"upperLeft":{"x":130.06205030352237,"y":176.50654900910567}},"dockers":[{"x":15,"y":15},{"x":50,"y":40}],"target":{"resourceId":"sid-345D60F5-B523-4B4A-AAA8-249B57B3CF7C"}},{"resourceId":"sid-DFDCF407-769B-4B35-B845-C41AFAAE9751","properties":{"overrideid":"","name":"","documentation":"","conditionsequenceflow":"","executionlisteners":"","defaultflow":"false"},"stencil":{"id":"SequenceFlow"},"childShapes":[],"outgoing":[{"resourceId":"sid-9ED088AD-F28B-49E4-A653-CED1A0B80C59"}],"bounds":{"lowerRight":{"x":319.3515625,"y":175},"upperLeft":{"x":265.6484375,"y":175}},"dockers":[{"x":50,"y":40},{"x":50,"y":40}],"target":{"resourceId":"sid-9ED088AD-F28B-49E4-A653-CED1A0B80C59"}},{"resourceId":"sid-F7AB2066-75FF-4BC2-A901-F672972F59E0","properties":{"overrideid":"","name":"","documentation":"","executionlisteners":""},"stencil":{"id":"EndNoneEvent"},"childShapes":[],"outgoing":[],"bounds":{"lowerRight":{"x":628,"y":189},"upperLeft":{"x":600,"y":161}},"dockers":[]},{"resourceId":"sid-345D60F5-B523-4B4A-AAA8-249B57B3CF7C","properties":{"scriptformat":"groovy","scripttext":"import java.util.Base64;\n\ndef sign = execution.getVariable('sign');\nexecution.setVariable('sign_data',Base64.getDecoder().decode(sign.substring(sign.indexOf('base64,') + 7 , sign.length())))","executionvariables":"","overrideid":"","name":"","documentation":"","asynchronousdefinition":"false","exclusivedefinition":"false","executionlisteners":"","multiinstance_type":"None","multiinstance_cardinality":"","multiinstance_collection":"","multiinstance_variable":"","multiinstance_condition":"","isforcompensation":"false","usertasksendemail":true,"type":"http://b3mn.org/stencilset/bpmn2.0#UserTask","emailtemplate":"","tasklisteners":"","formproperties":"","categorydefinition":"","prioritydefinition":"","duedatedefinition":"","fieldstovariables":"","formreference":"","formkeydefinition":"","usertaskassignment":""},"stencil":{"id":"ScriptTask"},"childShapes":[],"outgoing":[{"resourceId":"sid-DFDCF407-769B-4B35-B845-C41AFAAE9751"}],"bounds":{"lowerRight":{"x":265,"y":215},"upperLeft":{"x":165,"y":135}},"dockers":[]},{"resourceId":"sid-9ED088AD-F28B-49E4-A653-CED1A0B80C59","properties":{"overrideid":"","name":"","documentation":"","generatedocumenttemplate":{"id":7007,"name":"Doc-Template.docx"},"generatedocumenttaskoutputformat":"","executionvariable_document":{"variableName":"doc","variableType":"document"},"generatedocumentfilename":"doc-with-sign","multiinstance_cardinality":"","prioritydefinition":"","duedatedefinition":"","multiinstance_condition":"","tasklisteners":"","formproperties":"","usertasksendemail":true,"type":"http://b3mn.org/stencilset/bpmn2.0#UserTask","asynchronousdefinition":"false","exclusivedefinition":"false","executionlisteners":"","multiinstance_type":"None","fieldstovariables":"","multiinstance_collection":"","multiinstance_variable":"","categorydefinition":"","isforcompensation":"false","emailtemplate":"","usertaskassignment":"","formkeydefinition":"","formreference":""},"stencil":{"id":"GenerateDocumentTask"},"childShapes":[],"outgoing":[{"resourceId":"sid-FA14E7B5-25E9-4E86-9680-E61E08E1C2DD"}],"bounds":{"lowerRight":{"x":420,"y":215},"upperLeft":{"x":320,"y":135}},"dockers":[]},{"resourceId":"sid-B7D949D6-FC54-4685-9649-85C3FA6187E2","properties":{"overrideid":"","name":"Review Doc","documentation":"","asynchronousdefinition":"false","exclusivedefinition":"false","executionlisteners":"","multiinstance_type":"None","multiinstance_cardinality":"","multiinstance_collection":"","multiinstance_variable":"","multiinstance_condition":"","isforcompensation":"false","usertasksendemail":true,"usertaskassignment":"","formkeydefinition":"","formreference":"","fieldstovariables":"","duedatedefinition":"","prioritydefinition":"","categorydefinition":"","formproperties":"","tasklisteners":"","emailtemplate":""},"stencil":{"id":"UserTask"},"childShapes":[],"outgoing":[{"resourceId":"sid-30C5BDFC-5AA1-483F-A175-EA9F8AF6BDB5"}],"bounds":{"lowerRight":{"x":565,"y":215},"upperLeft":{"x":465,"y":135}},"dockers":[]},{"resourceId":"sid-FA14E7B5-25E9-4E86-9680-E61E08E1C2DD","properties":{"overrideid":"","name":"","documentation":"","conditionsequenceflow":"","executionlisteners":"","defaultflow":"false"},"stencil":{"id":"SequenceFlow"},"childShapes":[],"outgoing":[{"resourceId":"sid-B7D949D6-FC54-4685-9649-85C3FA6187E2"}],"bounds":{"lowerRight":{"x":464.15625,"y":175},"upperLeft":{"x":420.84375,"y":175}},"dockers":[{"x":50,"y":40},{"x":50,"y":40}],"target":{"resourceId":"sid-B7D949D6-FC54-4685-9649-85C3FA6187E2"}},{"resourceId":"sid-30C5BDFC-5AA1-483F-A175-EA9F8AF6BDB5","properties":{"overrideid":"","name":"","documentation":"","conditionsequenceflow":"","executionlisteners":"","defaultflow":"false"},"stencil":{"id":"SequenceFlow"},"childShapes":[],"outgoing":[{"resourceId":"sid-F7AB2066-75FF-4BC2-A901-F672972F59E0"}],"bounds":{"lowerRight":{"x":599.078125,"y":175},"upperLeft":{"x":565.5,"y":175}},"dockers":[{"x":50,"y":40},{"x":14,"y":14}],"target":{"resourceId":"sid-F7AB2066-75FF-4BC2-A901-F672972F59E0"}}],"bounds":{"lowerRight":{"x":1200,"y":1050},"upperLeft":{"x":0,"y":0}},"stencilset":{"url":"stencilsets/bpmn2.0/bpmn2.0.json","namespace":"http://b3mn.org/stencilset/bpmn2.0#"},"ssextensions":[]}