<?xml version='1.0' encoding='UTF-8'?>
<definitions xmlns="http://www.omg.org/spec/BPMN/20100524/MODEL" xmlns:xsi="http://www.w3.org/2001/XMLSchema-instance" xmlns:xsd="http://www.w3.org/2001/XMLSchema" xmlns:activiti="http://activiti.org/bpmn" xmlns:bpmndi="http://www.omg.org/spec/BPMN/20100524/DI" xmlns:omgdc="http://www.omg.org/spec/DD/20100524/DC" xmlns:omgdi="http://www.omg.org/spec/DD/20100524/DI" typeLanguage="http://www.w3.org/2001/XMLSchema" expressionLanguage="http://www.w3.org/1999/XPath" targetNamespace="http://www.activiti.org/processdef" xmlns:modeler="http://activiti.com/modeler" modeler:version="1.0en" modeler:exportDateTime="20170430171835440" modeler:modelId="19072" modeler:modelVersion="3" modeler:modelLastUpdated="1493590712879">
  <process id="GenerateDocwithSignature" name="Generate Doc with Signature" isExecutable="true">
    <startEvent id="startEvent1" activiti:formKey="19073">
      <extensionElements>
        <modeler:form-reference-id><![CDATA[19073]]></modeler:form-reference-id>
        <modeler:form-reference-name><![CDATA[Signature Form]]></modeler:form-reference-name>
        <modeler:editor-resource-id><![CDATA[startEvent1]]></modeler:editor-resource-id>
      </extensionElements>
    </startEvent>
    <sequenceFlow id="sid-62FDB7B1-6B58-4968-88CD-23D327591FC5" sourceRef="startEvent1" targetRef="sid-345D60F5-B523-4B4A-AAA8-249B57B3CF7C">
      <extensionElements>
        <modeler:editor-resource-id><![CDATA[sid-62FDB7B1-6B58-4968-88CD-23D327591FC5]]></modeler:editor-resource-id>
      </extensionElements>
    </sequenceFlow>
    <sequenceFlow id="sid-DFDCF407-769B-4B35-B845-C41AFAAE9751" sourceRef="sid-345D60F5-B523-4B4A-AAA8-249B57B3CF7C" targetRef="sid-9ED088AD-F28B-49E4-A653-CED1A0B80C59">
      <extensionElements>
        <modeler:editor-resource-id><![CDATA[sid-DFDCF407-769B-4B35-B845-C41AFAAE9751]]></modeler:editor-resource-id>
      </extensionElements>
    </sequenceFlow>
    <endEvent id="sid-F7AB2066-75FF-4BC2-A901-F672972F59E0">
      <extensionElements>
        <modeler:editor-resource-id><![CDATA[sid-F7AB2066-75FF-4BC2-A901-F672972F59E0]]></modeler:editor-resource-id>
      </extensionElements>
    </endEvent>
    <scriptTask id="sid-345D60F5-B523-4B4A-AAA8-249B57B3CF7C" scriptFormat="groovy" activiti:autoStoreVariables="false">
      <extensionElements>
        <modeler:editor-resource-id><![CDATA[sid-345D60F5-B523-4B4A-AAA8-249B57B3CF7C]]></modeler:editor-resource-id>
      </extensionElements>
      <script><![CDATA[import java.util.Base64;

def sign = execution.getVariable('sign');
execution.setVariable('sign_data',Base64.getDecoder().decode(sign.substring(sign.indexOf('base64,') + 7 , sign.length())))]]></script>
    </scriptTask>
    <serviceTask id="sid-9ED088AD-F28B-49E4-A653-CED1A0B80C59" activiti:async="true" activiti:delegateExpression="${activiti_generateDocumentDelegate}">
      <extensionElements>
        <activiti:field name="outputFormat">
          <activiti:string><![CDATA[pdf]]></activiti:string>
        </activiti:field>
        <activiti:field name="templateId">
          <activiti:string><![CDATA[7007]]></activiti:string>
        </activiti:field>
        <activiti:field name="templateName">
          <activiti:string><![CDATA[Doc-Template.docx]]></activiti:string>
        </activiti:field>
        <activiti:field name="fileName">
          <activiti:string><![CDATA[doc-with-sign]]></activiti:string>
        </activiti:field>
        <activiti:field name="variableName">
          <activiti:string><![CDATA[doc]]></activiti:string>
        </activiti:field>
        <modeler:executionvariables modeler:variableName="doc" modeler:variableType="document"/>
        <modeler:editor-resource-id><![CDATA[sid-9ED088AD-F28B-49E4-A653-CED1A0B80C59]]></modeler:editor-resource-id>
      </extensionElements>
    </serviceTask>
    <userTask id="sid-B7D949D6-FC54-4685-9649-85C3FA6187E2" name="Review Doc" activiti:assignee="$INITIATOR">
      <extensionElements>
        <modeler:allow-send-email><![CDATA[true]]></modeler:allow-send-email>
        <modeler:activiti-idm-initiator><![CDATA[true]]></modeler:activiti-idm-initiator>
        <modeler:editor-resource-id><![CDATA[sid-B7D949D6-FC54-4685-9649-85C3FA6187E2]]></modeler:editor-resource-id>
      </extensionElements>
    </userTask>
    <sequenceFlow id="sid-FA14E7B5-25E9-4E86-9680-E61E08E1C2DD" sourceRef="sid-9ED088AD-F28B-49E4-A653-CED1A0B80C59" targetRef="sid-B7D949D6-FC54-4685-9649-85C3FA6187E2">
      <extensionElements>
        <modeler:editor-resource-id><![CDATA[sid-FA14E7B5-25E9-4E86-9680-E61E08E1C2DD]]></modeler:editor-resource-id>
      </extensionElements>
    </sequenceFlow>
    <sequenceFlow id="sid-30C5BDFC-5AA1-483F-A175-EA9F8AF6BDB5" sourceRef="sid-B7D949D6-FC54-4685-9649-85C3FA6187E2" targetRef="sid-F7AB2066-75FF-4BC2-A901-F672972F59E0">
      <extensionElements>
        <modeler:editor-resource-id><![CDATA[sid-30C5BDFC-5AA1-483F-A175-EA9F8AF6BDB5]]></modeler:editor-resource-id>
      </extensionElements>
    </sequenceFlow>
  </process>
  <bpmndi:BPMNDiagram id="BPMNDiagram_GenerateDocwithSignature">
    <bpmndi:BPMNPlane bpmnElement="GenerateDocwithSignature" id="BPMNPlane_GenerateDocwithSignature">
      <bpmndi:BPMNShape bpmnElement="startEvent1" id="BPMNShape_startEvent1">
        <omgdc:Bounds height="30.0" width="30.0" x="100.0" y="163.0"/>
      </bpmndi:BPMNShape>
      <bpmndi:BPMNShape bpmnElement="sid-F7AB2066-75FF-4BC2-A901-F672972F59E0" id="BPMNShape_sid-F7AB2066-75FF-4BC2-A901-F672972F59E0">
        <omgdc:Bounds height="28.0" width="28.0" x="600.0" y="161.0"/>
      </bpmndi:BPMNShape>
      <bpmndi:BPMNShape bpmnElement="sid-345D60F5-B523-4B4A-AAA8-249B57B3CF7C" id="BPMNShape_sid-345D60F5-B523-4B4A-AAA8-249B57B3CF7C">
        <omgdc:Bounds height="80.0" width="100.0" x="165.0" y="135.0"/>
      </bpmndi:BPMNShape>
      <bpmndi:BPMNShape bpmnElement="sid-9ED088AD-F28B-49E4-A653-CED1A0B80C59" id="BPMNShape_sid-9ED088AD-F28B-49E4-A653-CED1A0B80C59">
        <omgdc:Bounds height="80.0" width="100.0" x="320.0" y="135.0"/>
      </bpmndi:BPMNShape>
      <bpmndi:BPMNShape bpmnElement="sid-B7D949D6-FC54-4685-9649-85C3FA6187E2" id="BPMNShape_sid-B7D949D6-FC54-4685-9649-85C3FA6187E2">
        <omgdc:Bounds height="80.0" width="100.0" x="465.0" y="135.0"/>
      </bpmndi:BPMNShape>
      <bpmndi:BPMNEdge bpmnElement="sid-62FDB7B1-6B58-4968-88CD-23D327591FC5" id="BPMNEdge_sid-62FDB7B1-6B58-4968-88CD-23D327591FC5">
        <omgdi:waypoint x="129.9932545528355" y="177.5502023634149"/>
        <omgdi:waypoint x="165.0" y="176.5"/>
      </bpmndi:BPMNEdge>
      <bpmndi:BPMNEdge bpmnElement="sid-FA14E7B5-25E9-4E86-9680-E61E08E1C2DD" id="BPMNEdge_sid-FA14E7B5-25E9-4E86-9680-E61E08E1C2DD">
        <omgdi:waypoint x="420.0" y="175.0"/>
        <omgdi:waypoint x="465.0" y="175.0"/>
      </bpmndi:BPMNEdge>
      <bpmndi:BPMNEdge bpmnElement="sid-30C5BDFC-5AA1-483F-A175-EA9F8AF6BDB5" id="BPMNEdge_sid-30C5BDFC-5AA1-483F-A175-EA9F8AF6BDB5">
        <omgdi:waypoint x="565.0" y="175.0"/>
        <omgdi:waypoint x="600.0" y="175.0"/>
      </bpmndi:BPMNEdge>
      <bpmndi:BPMNEdge bpmnElement="sid-DFDCF407-769B-4B35-B845-C41AFAAE9751" id="BPMNEdge_sid-DFDCF407-769B-4B35-B845-C41AFAAE9751">
        <omgdi:waypoint x="265.0" y="175.0"/>
        <omgdi:waypoint x="320.0" y="175.0"/>
      </bpmndi:BPMNEdge>
    </bpmndi:BPMNPlane>
  </bpmndi:BPMNDiagram>
</definitions>