<?xml version='1.0' encoding='UTF-8'?>
<definitions xmlns="http://www.omg.org/spec/BPMN/20100524/MODEL" xmlns:xsi="http://www.w3.org/2001/XMLSchema-instance" xmlns:xsd="http://www.w3.org/2001/XMLSchema" xmlns:activiti="http://activiti.org/bpmn" xmlns:bpmndi="http://www.omg.org/spec/BPMN/20100524/DI" xmlns:omgdc="http://www.omg.org/spec/DD/20100524/DC" xmlns:omgdi="http://www.omg.org/spec/DD/20100524/DI" typeLanguage="http://www.w3.org/2001/XMLSchema" expressionLanguage="http://www.w3.org/1999/XPath" targetNamespace="http://www.activiti.org/processdef" xmlns:modeler="http://activiti.com/modeler" modeler:version="1.0en" modeler:exportDateTime="20170228163701822" modeler:modelId="3029" modeler:modelVersion="2" modeler:modelLastUpdated="1488321391936">
  <process id="simple-text-input-stencil" name="simple-text-input-stencil" isExecutable="true">
    <startEvent id="startEvent1" activiti:formKey="3030">
      <extensionElements>
        <modeler:form-reference-id><![CDATA[3030]]></modeler:form-reference-id>
        <modeler:form-reference-name><![CDATA[form-1]]></modeler:form-reference-name>
        <modeler:editor-resource-id><![CDATA[startEvent1]]></modeler:editor-resource-id>
      </extensionElements>
    </startEvent>
    <userTask id="sid-60E27772-ED2D-4358-8E45-89A957C25EF4" activiti:assignee="$INITIATOR" activiti:formKey="3030">
      <extensionElements>
        <modeler:allow-send-email><![CDATA[true]]></modeler:allow-send-email>
        <modeler:form-reference-id><![CDATA[3030]]></modeler:form-reference-id>
        <modeler:form-reference-name><![CDATA[form-1]]></modeler:form-reference-name>
        <modeler:activiti-idm-initiator><![CDATA[true]]></modeler:activiti-idm-initiator>
        <modeler:editor-resource-id><![CDATA[sid-60E27772-ED2D-4358-8E45-89A957C25EF4]]></modeler:editor-resource-id>
      </extensionElements>
    </userTask>
    <sequenceFlow id="sid-A828AF9E-A51D-4054-B711-639F8372D6D2" sourceRef="startEvent1" targetRef="sid-60E27772-ED2D-4358-8E45-89A957C25EF4">
      <extensionElements>
        <modeler:editor-resource-id><![CDATA[sid-A828AF9E-A51D-4054-B711-639F8372D6D2]]></modeler:editor-resource-id>
      </extensionElements>
    </sequenceFlow>
    <endEvent id="sid-A31F1844-9A65-4AF9-A732-D7D0EFE0A97A">
      <extensionElements>
        <modeler:editor-resource-id><![CDATA[sid-A31F1844-9A65-4AF9-A732-D7D0EFE0A97A]]></modeler:editor-resource-id>
      </extensionElements>
    </endEvent>
    <sequenceFlow id="sid-10522334-F6D1-4F02-AE1D-235CBBDB7BE8" sourceRef="sid-60E27772-ED2D-4358-8E45-89A957C25EF4" targetRef="sid-A31F1844-9A65-4AF9-A732-D7D0EFE0A97A">
      <extensionElements>
        <modeler:editor-resource-id><![CDATA[sid-10522334-F6D1-4F02-AE1D-235CBBDB7BE8]]></modeler:editor-resource-id>
      </extensionElements>
    </sequenceFlow>
  </process>
  <bpmndi:BPMNDiagram id="BPMNDiagram_simple-text-input-stencil">
    <bpmndi:BPMNPlane bpmnElement="simple-text-input-stencil" id="BPMNPlane_simple-text-input-stencil">
      <bpmndi:BPMNShape bpmnElement="startEvent1" id="BPMNShape_startEvent1">
        <omgdc:Bounds height="30.0" width="30.0" x="100.0" y="163.0"/>
      </bpmndi:BPMNShape>
      <bpmndi:BPMNShape bpmnElement="sid-60E27772-ED2D-4358-8E45-89A957C25EF4" id="BPMNShape_sid-60E27772-ED2D-4358-8E45-89A957C25EF4">
        <omgdc:Bounds height="80.0" width="100.0" x="175.0" y="138.0"/>
      </bpmndi:BPMNShape>
      <bpmndi:BPMNShape bpmnElement="sid-A31F1844-9A65-4AF9-A732-D7D0EFE0A97A" id="BPMNShape_sid-A31F1844-9A65-4AF9-A732-D7D0EFE0A97A">
        <omgdc:Bounds height="28.0" width="28.0" x="320.0" y="164.0"/>
      </bpmndi:BPMNShape>
      <bpmndi:BPMNEdge bpmnElement="sid-10522334-F6D1-4F02-AE1D-235CBBDB7BE8" id="BPMNEdge_sid-10522334-F6D1-4F02-AE1D-235CBBDB7BE8">
        <omgdi:waypoint x="275.0" y="178.0"/>
        <omgdi:waypoint x="320.0" y="178.0"/>
      </bpmndi:BPMNEdge>
      <bpmndi:BPMNEdge bpmnElement="sid-A828AF9E-A51D-4054-B711-639F8372D6D2" id="BPMNEdge_sid-A828AF9E-A51D-4054-B711-639F8372D6D2">
        <omgdi:waypoint x="130.0" y="178.0"/>
        <omgdi:waypoint x="175.0" y="178.0"/>
      </bpmndi:BPMNEdge>
    </bpmndi:BPMNPlane>
  </bpmndi:BPMNDiagram>
</definitions>