<?xml version='1.0' encoding='UTF-8'?>
<definitions xmlns="http://www.omg.org/spec/BPMN/20100524/MODEL" xmlns:xsi="http://www.w3.org/2001/XMLSchema-instance" xmlns:xsd="http://www.w3.org/2001/XMLSchema" xmlns:activiti="http://activiti.org/bpmn" xmlns:bpmndi="http://www.omg.org/spec/BPMN/20100524/DI" xmlns:omgdc="http://www.omg.org/spec/DD/20100524/DC" xmlns:omgdi="http://www.omg.org/spec/DD/20100524/DI" typeLanguage="http://www.w3.org/2001/XMLSchema" expressionLanguage="http://www.w3.org/1999/XPath" targetNamespace="http://www.activiti.org/processdef" xmlns:modeler="http://activiti.com/modeler" modeler:version="1.0en" modeler:exportDateTime="20180425224545720" modeler:modelId="18018" modeler:modelVersion="6" modeler:modelLastUpdated="1524714344897">
  <process id="my-new-pd" name="my-new-pd" isExecutable="true">
    <startEvent id="startEvent1">
      <extensionElements>
        <modeler:editor-resource-id><![CDATA[startEvent1]]></modeler:editor-resource-id>
      </extensionElements>
    </startEvent>
    <userTask id="sid-46346C00-A0BD-4C96-96CF-ABA3A3620BB0" name="New PD" activiti:assignee="1">
      <extensionElements>
        <modeler:allow-send-email><![CDATA[true]]></modeler:allow-send-email>
        <modeler:activiti-idm-assignee><![CDATA[true]]></modeler:activiti-idm-assignee>
        <modeler:assignee-info-email><![CDATA[admin@app.activiti.com]]></modeler:assignee-info-email>
        <modeler:assignee-info-lastname><![CDATA[Administrator]]></modeler:assignee-info-lastname>
        <modeler:initiator-can-complete><![CDATA[false]]></modeler:initiator-can-complete>
        <modeler:editor-resource-id><![CDATA[sid-46346C00-A0BD-4C96-96CF-ABA3A3620BB0]]></modeler:editor-resource-id>
      </extensionElements>
    </userTask>
    <sequenceFlow id="sid-28C7CE0C-4DE2-4E3B-9A65-7AACCC32A059" sourceRef="startEvent1" targetRef="sid-46346C00-A0BD-4C96-96CF-ABA3A3620BB0">
      <extensionElements>
        <modeler:editor-resource-id><![CDATA[sid-28C7CE0C-4DE2-4E3B-9A65-7AACCC32A059]]></modeler:editor-resource-id>
      </extensionElements>
    </sequenceFlow>
    <endEvent id="sid-0B397EA4-BF2B-4937-944B-9217B49914B6">
      <extensionElements>
        <modeler:editor-resource-id><![CDATA[sid-0B397EA4-BF2B-4937-944B-9217B49914B6]]></modeler:editor-resource-id>
      </extensionElements>
    </endEvent>
    <sequenceFlow id="sid-095173B8-E6B6-48EE-B5C7-CD7C22B81B7A" sourceRef="sid-46346C00-A0BD-4C96-96CF-ABA3A3620BB0" targetRef="sid-0B397EA4-BF2B-4937-944B-9217B49914B6">
      <extensionElements>
        <modeler:editor-resource-id><![CDATA[sid-095173B8-E6B6-48EE-B5C7-CD7C22B81B7A]]></modeler:editor-resource-id>
      </extensionElements>
    </sequenceFlow>
  </process>
  <bpmndi:BPMNDiagram id="BPMNDiagram_my-new-pd">
    <bpmndi:BPMNPlane bpmnElement="my-new-pd" id="BPMNPlane_my-new-pd">
      <bpmndi:BPMNShape bpmnElement="startEvent1" id="BPMNShape_startEvent1">
        <omgdc:Bounds height="30.0" width="30.0" x="90.0" y="150.0"/>
      </bpmndi:BPMNShape>
      <bpmndi:BPMNShape bpmnElement="sid-46346C00-A0BD-4C96-96CF-ABA3A3620BB0" id="BPMNShape_sid-46346C00-A0BD-4C96-96CF-ABA3A3620BB0">
        <omgdc:Bounds height="80.0" width="100.0" x="165.0" y="125.0"/>
      </bpmndi:BPMNShape>
      <bpmndi:BPMNShape bpmnElement="sid-0B397EA4-BF2B-4937-944B-9217B49914B6" id="BPMNShape_sid-0B397EA4-BF2B-4937-944B-9217B49914B6">
        <omgdc:Bounds height="28.0" width="28.0" x="310.0" y="151.0"/>
      </bpmndi:BPMNShape>
      <bpmndi:BPMNEdge bpmnElement="sid-28C7CE0C-4DE2-4E3B-9A65-7AACCC32A059" id="BPMNEdge_sid-28C7CE0C-4DE2-4E3B-9A65-7AACCC32A059">
        <omgdi:waypoint x="120.0" y="165.0"/>
        <omgdi:waypoint x="165.0" y="165.0"/>
      </bpmndi:BPMNEdge>
      <bpmndi:BPMNEdge bpmnElement="sid-095173B8-E6B6-48EE-B5C7-CD7C22B81B7A" id="BPMNEdge_sid-095173B8-E6B6-48EE-B5C7-CD7C22B81B7A">
        <omgdi:waypoint x="265.0" y="165.0"/>
        <omgdi:waypoint x="310.0" y="165.0"/>
      </bpmndi:BPMNEdge>
    </bpmndi:BPMNPlane>
  </bpmndi:BPMNDiagram>
</definitions>