{"resourceId":18018,"properties":{"process_id":"my-new-pd","name":"my-new-pd","documentation":"","process_author":"","process_version":"","process_namespace":"http://www.activiti.org/processdef","executionlisteners":"","eventlisteners":"","signaldefinitions":"","messagedefinitions":"","executionvariables":"","metadata":""},"stencil":{"id":"BPMNDiagram"},"childShapes":[{"resourceId":"startEvent1","properties":{"overrideid":"","name":"","documentation":"","executionlisteners":"","initiator":"","formkeydefinition":"","formreference":"","fieldstovariables":"","formproperties":""},"stencil":{"id":"StartNoneEvent"},"childShapes":[],"outgoing":[{"resourceId":"sid-28C7CE0C-4DE2-4E3B-9A65-7AACCC32A059"}],"bounds":{"lowerRight":{"x":120,"y":180},"upperLeft":{"x":90,"y":150}},"dockers":[]},{"resourceId":"sid-46346C00-A0BD-4C96-96CF-ABA3A3620BB0","properties":{"overrideid":"","name":"New PD","documentation":"","asynchronousdefinition":"false","exclusivedefinition":"false","executionlisteners":"","multiinstance_type":"None","multiinstance_cardinality":"","multiinstance_collection":"","multiinstance_variable":"","multiinstance_condition":"","isforcompensation":"false","usertasksendemail":true,"usertaskassignment":{"assignment":{"type":"idm","idm":{"type":"user","assignee":{"id":1,"firstName":null,"lastName":"Administrator","email":"admin@app.activiti.com","pictureId":3008,"$$hashKey":"object:2420"}}}},"formkeydefinition":"","formreference":"","fieldstovariables":"","duedatedefinition":"","prioritydefinition":"","categorydefinition":"","formproperties":"","tasklisteners":"","emailtemplate":""},"stencil":{"id":"UserTask"},"childShapes":[],"outgoing":[{"resourceId":"sid-095173B8-E6B6-48EE-B5C7-CD7C22B81B7A"}],"bounds":{"lowerRight":{"x":265,"y":205},"upperLeft":{"x":165,"y":125}},"dockers":[]},{"resourceId":"sid-28C7CE0C-4DE2-4E3B-9A65-7AACCC32A059","properties":{"overrideid":"","name":"","documentation":"","conditionsequenceflow":"","executionlisteners":"","defaultflow":"false"},"stencil":{"id":"SequenceFlow"},"childShapes":[],"outgoing":[{"resourceId":"sid-46346C00-A0BD-4C96-96CF-ABA3A3620BB0"}],"bounds":{"lowerRight":{"x":164.15625,"y":165},"upperLeft":{"x":120.609375,"y":165}},"dockers":[{"x":15,"y":15},{"x":50,"y":40}],"target":{"resourceId":"sid-46346C00-A0BD-4C96-96CF-ABA3A3620BB0"}},{"resourceId":"sid-0B397EA4-BF2B-4937-944B-9217B49914B6","properties":{"overrideid":"","name":"","documentation":"","executionlisteners":""},"stencil":{"id":"EndNoneEvent"},"childShapes":[],"outgoing":[],"bounds":{"lowerRight":{"x":338,"y":179},"upperLeft":{"x":310,"y":151}},"dockers":[]},{"resourceId":"sid-095173B8-E6B6-48EE-B5C7-CD7C22B81B7A","properties":{"overrideid":"","name":"","documentation":"","conditionsequenceflow":"","executionlisteners":"","defaultflow":"false"},"stencil":{"id":"SequenceFlow"},"childShapes":[],"outgoing":[{"resourceId":"sid-0B397EA4-BF2B-4937-944B-9217B49914B6"}],"bounds":{"lowerRight":{"x":309.375,"y":165},"upperLeft":{"x":265.390625,"y":165}},"dockers":[{"x":50,"y":40},{"x":14,"y":14}],"target":{"resourceId":"sid-0B397EA4-BF2B-4937-944B-9217B49914B6"}}],"bounds":{"lowerRight":{"x":1200,"y":1050},"upperLeft":{"x":0,"y":0}},"stencilset":{"url":"stencilsets/bpmn2.0/bpmn2.0.json","namespace":"http://b3mn.org/stencilset/bpmn2.0#"},"ssextensions":[]}