<?xml version='1.0' encoding='UTF-8'?>
<definitions xmlns="http://www.omg.org/spec/BPMN/20100524/MODEL" xmlns:xsi="http://www.w3.org/2001/XMLSchema-instance" xmlns:xsd="http://www.w3.org/2001/XMLSchema" xmlns:activiti="http://activiti.org/bpmn" xmlns:bpmndi="http://www.omg.org/spec/BPMN/20100524/DI" xmlns:omgdc="http://www.omg.org/spec/DD/20100524/DC" xmlns:omgdi="http://www.omg.org/spec/DD/20100524/DI" typeLanguage="http://www.w3.org/2001/XMLSchema" expressionLanguage="http://www.w3.org/1999/XPath" targetNamespace="http://www.activiti.org/processdef" xmlns:modeler="http://activiti.com/modeler" modeler:version="1.0en" modeler:exportDateTime="20180425224545736" modeler:modelId="17018" modeler:modelVersion="15" modeler:modelLastUpdated="1524714344957">
  <process id="mypd" name="mypd" isExecutable="true">
    <startEvent id="startEvent1">
      <extensionElements>
        <modeler:editor-resource-id><![CDATA[startEvent1]]></modeler:editor-resource-id>
      </extensionElements>
    </startEvent>
    <userTask id="sid-21C4FFA4-912C-428D-A52D-E58332C46CA0" activiti:assignee="1">
      <extensionElements>
        <modeler:allow-send-email><![CDATA[true]]></modeler:allow-send-email>
        <modeler:activiti-idm-assignee><![CDATA[true]]></modeler:activiti-idm-assignee>
        <modeler:assignee-info-email><![CDATA[admin@app.activiti.com]]></modeler:assignee-info-email>
        <modeler:assignee-info-lastname><![CDATA[Administrator]]></modeler:assignee-info-lastname>
        <modeler:initiator-can-complete><![CDATA[false]]></modeler:initiator-can-complete>
        <modeler:editor-resource-id><![CDATA[sid-21C4FFA4-912C-428D-A52D-E58332C46CA0]]></modeler:editor-resource-id>
      </extensionElements>
    </userTask>
    <sequenceFlow id="sid-9BEC2515-A50F-46A1-9F90-49E76A4AA5D6" sourceRef="startEvent1" targetRef="sid-21C4FFA4-912C-428D-A52D-E58332C46CA0">
      <extensionElements>
        <modeler:editor-resource-id><![CDATA[sid-9BEC2515-A50F-46A1-9F90-49E76A4AA5D6]]></modeler:editor-resource-id>
      </extensionElements>
    </sequenceFlow>
    <endEvent id="sid-1B867FBD-9BD5-4F8D-B5F1-BE98F1106250">
      <extensionElements>
        <modeler:editor-resource-id><![CDATA[sid-1B867FBD-9BD5-4F8D-B5F1-BE98F1106250]]></modeler:editor-resource-id>
      </extensionElements>
    </endEvent>
    <sequenceFlow id="sid-22C10A6D-70C5-4929-8FF6-A735EE8D7A2E" sourceRef="sid-21C4FFA4-912C-428D-A52D-E58332C46CA0" targetRef="sid-1B867FBD-9BD5-4F8D-B5F1-BE98F1106250">
      <extensionElements>
        <modeler:editor-resource-id><![CDATA[sid-22C10A6D-70C5-4929-8FF6-A735EE8D7A2E]]></modeler:editor-resource-id>
      </extensionElements>
    </sequenceFlow>
  </process>
  <bpmndi:BPMNDiagram id="BPMNDiagram_mypd">
    <bpmndi:BPMNPlane bpmnElement="mypd" id="BPMNPlane_mypd">
      <bpmndi:BPMNShape bpmnElement="startEvent1" id="BPMNShape_startEvent1">
        <omgdc:Bounds height="30.0" width="30.0" x="100.0" y="163.0"/>
      </bpmndi:BPMNShape>
      <bpmndi:BPMNShape bpmnElement="sid-21C4FFA4-912C-428D-A52D-E58332C46CA0" id="BPMNShape_sid-21C4FFA4-912C-428D-A52D-E58332C46CA0">
        <omgdc:Bounds height="80.0" width="100.0" x="175.0" y="138.0"/>
      </bpmndi:BPMNShape>
      <bpmndi:BPMNShape bpmnElement="sid-1B867FBD-9BD5-4F8D-B5F1-BE98F1106250" id="BPMNShape_sid-1B867FBD-9BD5-4F8D-B5F1-BE98F1106250">
        <omgdc:Bounds height="28.0" width="28.0" x="320.0" y="164.0"/>
      </bpmndi:BPMNShape>
      <bpmndi:BPMNEdge bpmnElement="sid-9BEC2515-A50F-46A1-9F90-49E76A4AA5D6" id="BPMNEdge_sid-9BEC2515-A50F-46A1-9F90-49E76A4AA5D6">
        <omgdi:waypoint x="130.0" y="178.0"/>
        <omgdi:waypoint x="175.0" y="178.0"/>
      </bpmndi:BPMNEdge>
      <bpmndi:BPMNEdge bpmnElement="sid-22C10A6D-70C5-4929-8FF6-A735EE8D7A2E" id="BPMNEdge_sid-22C10A6D-70C5-4929-8FF6-A735EE8D7A2E">
        <omgdi:waypoint x="275.0" y="178.0"/>
        <omgdi:waypoint x="320.0" y="178.0"/>
      </bpmndi:BPMNEdge>
    </bpmndi:BPMNPlane>
  </bpmndi:BPMNDiagram>
</definitions>