<?xml version='1.0' encoding='UTF-8'?>
<definitions xmlns="http://www.omg.org/spec/BPMN/20100524/MODEL" xmlns:xsi="http://www.w3.org/2001/XMLSchema-instance" xmlns:xsd="http://www.w3.org/2001/XMLSchema" xmlns:activiti="http://activiti.org/bpmn" xmlns:bpmndi="http://www.omg.org/spec/BPMN/20100524/DI" xmlns:omgdc="http://www.omg.org/spec/DD/20100524/DC" xmlns:omgdi="http://www.omg.org/spec/DD/20100524/DI" typeLanguage="http://www.w3.org/2001/XMLSchema" expressionLanguage="http://www.w3.org/1999/XPath" targetNamespace="http://www.activiti.org/processdef" xmlns:modeler="http://activiti.com/modeler" modeler:version="1.0en" modeler:exportDateTime="20180425224545730" modeler:modelId="17017" modeler:modelVersion="15" modeler:modelLastUpdated="1524714344928">
  <signal id="signalme" name="signalme" activiti:scope="global"/>
  <signal id="signalsingle" name="signalsingle" activiti:scope="global"/>
  <message id="messagesingle" name="messagesingle"/>
  <process id="parent" name="parent" isExecutable="true">
    <startEvent id="startEvent1">
      <extensionElements>
        <modeler:editor-resource-id><![CDATA[startEvent1]]></modeler:editor-resource-id>
      </extensionElements>
    </startEvent>
    <callActivity id="call-activity-1" name="Dynamic Sub Process Injection!" calledElement="mypd" activiti:inheritVariables="false">
      <extensionElements>
        <activiti:in source="initiator" target="initiator"/>
        <modeler:editor-resource-id><![CDATA[sid-545DE143-6C12-4C62-A305-F940CF431620]]></modeler:editor-resource-id>
      </extensionElements>
      <multiInstanceLoopCharacteristics isSequential="false">
        <loopCardinality>2</loopCardinality>
      </multiInstanceLoopCharacteristics>
    </callActivity>
    <endEvent id="sid-40F8B9A0-315A-4737-B246-0C4411514422">
      <extensionElements>
        <modeler:editor-resource-id><![CDATA[sid-40F8B9A0-315A-4737-B246-0C4411514422]]></modeler:editor-resource-id>
      </extensionElements>
    </endEvent>
    <sequenceFlow id="sid-95C921CC-087C-4A25-8D64-C6767C1036CC" sourceRef="call-activity-1" targetRef="sid-40F8B9A0-315A-4737-B246-0C4411514422">
      <extensionElements>
        <modeler:editor-resource-id><![CDATA[sid-95C921CC-087C-4A25-8D64-C6767C1036CC]]></modeler:editor-resource-id>
      </extensionElements>
    </sequenceFlow>
    <sequenceFlow id="sid-276B4F77-1AC2-4A41-9B5A-9BD4E7F7B92D" sourceRef="startEvent1" targetRef="call-activity-1">
      <extensionElements>
        <modeler:editor-resource-id><![CDATA[sid-276B4F77-1AC2-4A41-9B5A-9BD4E7F7B92D]]></modeler:editor-resource-id>
      </extensionElements>
    </sequenceFlow>
  </process>
  <bpmndi:BPMNDiagram id="BPMNDiagram_parent">
    <bpmndi:BPMNPlane bpmnElement="parent" id="BPMNPlane_parent">
      <bpmndi:BPMNShape bpmnElement="startEvent1" id="BPMNShape_startEvent1">
        <omgdc:Bounds height="30.0" width="30.0" x="90.0" y="150.0"/>
      </bpmndi:BPMNShape>
      <bpmndi:BPMNShape bpmnElement="call-activity-1" id="BPMNShape_call-activity-1">
        <omgdc:Bounds height="80.0" width="100.0" x="240.0" y="125.0"/>
      </bpmndi:BPMNShape>
      <bpmndi:BPMNShape bpmnElement="sid-40F8B9A0-315A-4737-B246-0C4411514422" id="BPMNShape_sid-40F8B9A0-315A-4737-B246-0C4411514422">
        <omgdc:Bounds height="28.0" width="28.0" x="510.0" y="151.0"/>
      </bpmndi:BPMNShape>
      <bpmndi:BPMNEdge bpmnElement="sid-276B4F77-1AC2-4A41-9B5A-9BD4E7F7B92D" id="BPMNEdge_sid-276B4F77-1AC2-4A41-9B5A-9BD4E7F7B92D">
        <omgdi:waypoint x="120.0" y="165.0"/>
        <omgdi:waypoint x="240.0" y="165.0"/>
      </bpmndi:BPMNEdge>
      <bpmndi:BPMNEdge bpmnElement="sid-95C921CC-087C-4A25-8D64-C6767C1036CC" id="BPMNEdge_sid-95C921CC-087C-4A25-8D64-C6767C1036CC">
        <omgdi:waypoint x="340.0" y="165.0"/>
        <omgdi:waypoint x="510.0" y="165.0"/>
      </bpmndi:BPMNEdge>
    </bpmndi:BPMNPlane>
  </bpmndi:BPMNDiagram>
</definitions>