{"resourceId":17017,"properties":{"process_id":"parent","name":"parent","documentation":"","process_author":"","process_version":"","process_namespace":"http://www.activiti.org/processdef","executionlisteners":"","eventlisteners":"","signaldefinitions":"[{\"id\":\"signalme\",\"name\":\"signalme\",\"scope\":\"global\",\"$$hashKey\":\"uiGrid-0008\"},{\"id\":\"signalsingle\",\"name\":\"signalsingle\",\"scope\":\"global\",\"$$hashKey\":\"uiGrid-000J\"}]","messagedefinitions":"[{\"id\":\"messagesingle\",\"name\":\"messagesingle\",\"$$hashKey\":\"uiGrid-0009\"}]","executionvariables":"","metadata":""},"stencil":{"id":"BPMNDiagram"},"childShapes":[{"resourceId":"startEvent1","properties":{"overrideid":"","name":"","documentation":"","executionlisteners":"","initiator":"","formkeydefinition":"","formreference":"","fieldstovariables":"","formproperties":""},"stencil":{"id":"StartNoneEvent"},"childShapes":[],"outgoing":[{"resourceId":"sid-276B4F77-1AC2-4A41-9B5A-9BD4E7F7B92D"}],"bounds":{"lowerRight":{"x":120,"y":180},"upperLeft":{"x":90,"y":150}},"dockers":[]},{"resourceId":"sid-545DE143-6C12-4C62-A305-F940CF431620","properties":{"overrideid":"call-activity-1","name":"Dynamic Sub Process Injection!","documentation":"","asynchronousdefinition":"false","exclusivedefinition":"false","executionlisteners":"","callactivitycalledelement":"mypd","callactivityinparameters":{"inParameters":[{"source":"initiator","sourceExpression":"","target":"initiator","$$hashKey":"uiGrid-000B"}]},"callactivityoutparameters":"","multiinstance_type":"Parallel","multiinstance_cardinality":"2","multiinstance_collection":"","multiinstance_variable":"","multiinstance_condition":"","isforcompensation":"false"},"stencil":{"id":"CallActivity"},"childShapes":[],"outgoing":[{"resourceId":"sid-95C921CC-087C-4A25-8D64-C6767C1036CC"}],"bounds":{"lowerRight":{"x":340,"y":205},"upperLeft":{"x":240,"y":125}},"dockers":[]},{"resourceId":"sid-40F8B9A0-315A-4737-B246-0C4411514422","properties":{"overrideid":"","name":"","documentation":"","executionlisteners":""},"stencil":{"id":"EndNoneEvent"},"childShapes":[],"outgoing":[],"bounds":{"lowerRight":{"x":538,"y":179},"upperLeft":{"x":510,"y":151}},"dockers":[]},{"resourceId":"sid-95C921CC-087C-4A25-8D64-C6767C1036CC","properties":{"overrideid":"","name":"","documentation":"","conditionsequenceflow":"","executionlisteners":"","defaultflow":"false"},"stencil":{"id":"SequenceFlow"},"childShapes":[],"outgoing":[{"resourceId":"sid-40F8B9A0-315A-4737-B246-0C4411514422"}],"bounds":{"lowerRight":{"x":509.2890625,"y":165},"upperLeft":{"x":340.359375,"y":165}},"dockers":[{"x":50,"y":40},{"x":14,"y":14}],"target":{"resourceId":"sid-40F8B9A0-315A-4737-B246-0C4411514422"}},{"resourceId":"sid-276B4F77-1AC2-4A41-9B5A-9BD4E7F7B92D","properties":{"overrideid":"","name":"","documentation":"","conditionsequenceflow":"","executionlisteners":"","defaultflow":"false","showdiamondmarker":false},"stencil":{"id":"SequenceFlow"},"childShapes":[],"outgoing":[{"resourceId":"sid-545DE143-6C12-4C62-A305-F940CF431620"}],"bounds":{"lowerRight":{"x":239.3515723347664,"y":165},"upperLeft":{"x":120.7656260728836,"y":165}},"dockers":[{"x":15,"y":15},{"x":75.00001525878906,"y":40}],"target":{"resourceId":"sid-545DE143-6C12-4C62-A305-F940CF431620"}}],"bounds":{"lowerRight":{"x":1200,"y":1050},"upperLeft":{"x":0,"y":0}},"stencilset":{"url":"stencilsets/bpmn2.0/bpmn2.0.json","namespace":"http://b3mn.org/stencilset/bpmn2.0#"},"ssextensions":[]}