{"fieldTypes":[{"type":"text","title":"FORM-BUILDER.PALLETTE.TEXT","icon":"images/form-builder/textfield-icon.png","width":1,"tabs":[{"id":"general","name":"FORM-BUILDER.TABS.GENERAL","properties":[{"id":"label","name":"FORM-BUILDER.COMPONENT.LABEL","type":"label"},{"id":"id","name":"FORM-BUILDER.COMPONENT.ID","type":"id"},{"id":"required","name":"FORM-BUILDER.COMPONENT.REQUIRED","type":"required"},{"id":"colspan","name":"FORM-BUILDER.COMPONENT.COLSPAN","type":"colspan"},{"id":"placeholder","name":"FORM-BUILDER.COMPONENT.PLACEHOLDER","type":"placeholder"}]},{"id":"advanced","name":"FORM-BUILDER.TABS.ADVANCED","properties":[{"id":"minLength","name":"FORM-BUILDER.COMPONENT.MIN-LENGTH","type":"minLength"},{"id":"maxLength","name":"FORM-BUILDER.COMPONENT.MAX-LENGTH","type":"maxLength"},{"id":"regexPattern","name":"FORM-BUILDER.COMPONENT.REGEX-PATTERN","type":"regexPattern"},{"id":"inputMask","name":"FORM-BUILDER.COMPONENT.MASKED-INPUT.TITLE","type":"inputMask"},{"id":"inputMaskPlaceholder","name":"FORM-BUILDER.COMPONENT.MASKED-INPUT.PLACEHOLDER","type":"inputMaskPlaceholder"}]},{"id":"visibility","name":"FORM-BUILDER.TABS.VISIBILITY","properties":[{"id":"visibility","name":"FORM-BUILDER.TABS.VISIBILITY","type":"visibility","hideLabel":true}]},{"id":"style","name":"FORM-BUILDER.TABS.STYLE","properties":[{"id":"className","name":"FORM-BUILDER.COMPONENT.CLASSNAME","type":"className"}]}]},{"type":"multi-line-text","title":"FORM-BUILDER.PALLETTE.MULTILINE-TEXT","icon":"images/form-builder/multi-line-textfield-icon.png","width":1,"tabs":[{"id":"general","name":"FORM-BUILDER.TABS.GENERAL","properties":[{"id":"label","name":"FORM-BUILDER.COMPONENT.LABEL","type":"label"},{"id":"id","name":"FORM-BUILDER.COMPONENT.ID","type":"id"},{"id":"required","name":"FORM-BUILDER.COMPONENT.REQUIRED","type":"required"},{"id":"colspan","name":"FORM-BUILDER.COMPONENT.COLSPAN","type":"colspan"},{"id":"placeholder","name":"FORM-BUILDER.COMPONENT.PLACEHOLDER","type":"placeholder"}]},{"id":"advanced","name":"FORM-BUILDER.TABS.ADVANCED","properties":[{"id":"minLength","name":"FORM-BUILDER.COMPONENT.MIN-LENGTH","type":"minLength"},{"id":"maxLength","name":"FORM-BUILDER.COMPONENT.MAX-LENGTH","type":"maxLength"},{"id":"regexPattern","name":"FORM-BUILDER.COMPONENT.REGEX-PATTERN","type":"regexPattern"}]},{"id":"visibility","name":"FORM-BUILDER.TABS.VISIBILITY","properties":[{"id":"visibility","name":"FORM-BUILDER.TABS.VISIBILITY","type":"visibility","hideLabel":true}]},{"id":"style","name":"FORM-BUILDER.TABS.STYLE","properties":[{"id":"className","name":"FORM-BUILDER.COMPONENT.CLASSNAME","type":"className"}]}]},{"type":"integer","title":"FORM-BUILDER.PALLETTE.NUMBER","icon":"images/form-builder/numberfield-icon.png","width":1,"tabs":[{"id":"general","name":"FORM-BUILDER.TABS.GENERAL","properties":[{"id":"label","name":"FORM-BUILDER.COMPONENT.LABEL","type":"label"},{"id":"id","name":"FORM-BUILDER.COMPONENT.ID","type":"id"},{"id":"required","name":"FORM-BUILDER.COMPONENT.REQUIRED","type":"required"},{"id":"colspan","name":"FORM-BUILDER.COMPONENT.COLSPAN","type":"colspan"},{"id":"placeholder","name":"FORM-BUILDER.COMPONENT.PLACEHOLDER","type":"placeholder"}]},{"id":"advanced","name":"FORM-BUILDER.TABS.ADVANCED","properties":[{"id":"minValue","name":"FORM-BUILDER.COMPONENT.MIN-VALUE","type":"minValue"},{"id":"maxValue","name":"FORM-BUILDER.COMPONENT.MAX-VALUE","type":"maxValue"}]},{"id":"visibility","name":"FORM-BUILDER.TABS.VISIBILITY","properties":[{"id":"visibility","name":"FORM-BUILDER.TABS.VISIBILITY","type":"visibility","hideLabel":true}]},{"id":"style","name":"FORM-BUILDER.TABS.STYLE","properties":[{"id":"className","name":"FORM-BUILDER.COMPONENT.CLASSNAME","type":"className"}]}]},{"type":"boolean","title":"FORM-BUILDER.PALLETTE.CHECKBOX","icon":"images/form-builder/booleanfield-icon.png","width":1,"tabs":[{"id":"general","name":"FORM-BUILDER.TABS.GENERAL","properties":[{"id":"label","name":"FORM-BUILDER.COMPONENT.LABEL","type":"label"},{"id":"id","name":"FORM-BUILDER.COMPONENT.ID","type":"id"},{"id":"required","name":"FORM-BUILDER.COMPONENT.REQUIRED","type":"required"},{"id":"colspan","name":"FORM-BUILDER.COMPONENT.COLSPAN","type":"colspan"}]},{"id":"visibility","name":"FORM-BUILDER.TABS.VISIBILITY","properties":[{"id":"visibility","name":"FORM-BUILDER.TABS.VISIBILITY","type":"visibility","hideLabel":true}]},{"id":"style","name":"FORM-BUILDER.TABS.STYLE","properties":[{"id":"className","name":"FORM-BUILDER.COMPONENT.CLASSNAME","type":"className"}]}]},{"type":"date","title":"FORM-BUILDER.PALLETTE.DATE","icon":"images/form-builder/datefield-icon.png","width":1,"tabs":[{"id":"general","name":"FORM-BUILDER.TABS.GENERAL","properties":[{"id":"label","name":"FORM-BUILDER.COMPONENT.LABEL","type":"label"},{"id":"id","name":"FORM-BUILDER.COMPONENT.ID","type":"id"},{"id":"required","name":"FORM-BUILDER.COMPONENT.REQUIRED","type":"required"},{"id":"colspan","name":"FORM-BUILDER.COMPONENT.COLSPAN","type":"colspan"},{"id":"placeholder","name":"FORM-BUILDER.COMPONENT.PLACEHOLDER","type":"placeholder"}]},{"id":"advanced","name":"FORM-BUILDER.TABS.ADVANCED","properties":[{"id":"minValue","name":"FORM-BUILDER.COMPONENT.MIN-VALUE","type":"minValue"},{"id":"maxValue","name":"FORM-BUILDER.COMPONENT.MAX-VALUE","type":"maxValue"},{"id":"dateDisplayFormat","name":"FORM-BUILDER.COMPONENT.DATE-DISPLAY-FORMAT","type":"dateFormat"}]},{"id":"visibility","name":"FORM-BUILDER.TABS.VISIBILITY","properties":[{"id":"visibility","name":"FORM-BUILDER.TABS.VISIBILITY","type":"visibility","hideLabel":true}]},{"id":"style","name":"FORM-BUILDER.TABS.STYLE","properties":[{"id":"className","name":"FORM-BUILDER.COMPONENT.CLASSNAME","type":"className"}]}]},{"type":"dropdown","title":"FORM-BUILDER.PALLETTE.DROPDOWN","icon":"images/form-builder/dropdownfield-icon.png","width":1,"tabs":[{"id":"general","name":"FORM-BUILDER.TABS.GENERAL","properties":[{"id":"label","name":"FORM-BUILDER.COMPONENT.LABEL","type":"label"},{"id":"id","name":"FORM-BUILDER.COMPONENT.ID","type":"id"},{"id":"required","name":"FORM-BUILDER.COMPONENT.REQUIRED","type":"required"},{"id":"colspan","name":"FORM-BUILDER.COMPONENT.COLSPAN","type":"colspan"},{"id":"placeholder","name":"FORM-BUILDER.COMPONENT.PLACEHOLDER","type":"placeholder"}]},{"id":"options","name":"FORM-BUILDER.TABS.OPTIONS","properties":[{"id":"options","name":"FORM-BUILDER.COMPONENT.OPTIONS-TYPE","type":"options"}]},{"id":"visibility","name":"FORM-BUILDER.TABS.VISIBILITY","properties":[{"id":"visibility","name":"FORM-BUILDER.TABS.VISIBILITY","type":"visibility","hideLabel":true}]},{"id":"style","name":"FORM-BUILDER.TABS.STYLE","properties":[{"id":"className","name":"FORM-BUILDER.COMPONENT.CLASSNAME","type":"className"}]}]},{"type":"typeahead","title":"FORM-BUILDER.PALLETTE.TYPEAHEAD","icon":"images/form-builder/dropdownfield-icon.png","width":1,"tabs":[{"id":"general","name":"FORM-BUILDER.TABS.GENERAL","properties":[{"id":"label","name":"FORM-BUILDER.COMPONENT.LABEL","type":"label"},{"id":"id","name":"FORM-BUILDER.COMPONENT.ID","type":"id"},{"id":"required","name":"FORM-BUILDER.COMPONENT.REQUIRED","type":"required"},{"id":"colspan","name":"FORM-BUILDER.COMPONENT.COLSPAN","type":"colspan"},{"id":"placeholder","name":"FORM-BUILDER.COMPONENT.PLACEHOLDER","type":"placeholder"}]},{"id":"options","name":"FORM-BUILDER.TABS.OPTIONS","properties":[{"id":"options","name":"FORM-BUILDER.COMPONENT.OPTIONS-TYPE","type":"options"}]},{"id":"visibility","name":"FORM-BUILDER.TABS.VISIBILITY","properties":[{"id":"visibility","name":"FORM-BUILDER.TABS.VISIBILITY","type":"visibility","hideLabel":true}]},{"id":"style","name":"FORM-BUILDER.TABS.STYLE","properties":[{"id":"className","name":"FORM-BUILDER.COMPONENT.CLASSNAME","type":"className"}]}]},{"type":"amount","title":"FORM-BUILDER.PALLETTE.AMOUNT","icon":"images/form-builder/amountfield-icon.png","width":1,"tabs":[{"id":"general","name":"FORM-BUILDER.TABS.GENERAL","properties":[{"id":"label","name":"FORM-BUILDER.COMPONENT.LABEL","type":"label"},{"id":"id","name":"FORM-BUILDER.COMPONENT.ID","type":"id"},{"id":"required","name":"FORM-BUILDER.COMPONENT.REQUIRED","type":"required"},{"id":"colspan","name":"FORM-BUILDER.COMPONENT.COLSPAN","type":"colspan"},{"id":"placeholder","name":"FORM-BUILDER.COMPONENT.PLACEHOLDER","type":"placeholder"}]},{"id":"advanced","name":"FORM-BUILDER.TABS.ADVANCED","properties":[{"id":"minValue","name":"FORM-BUILDER.COMPONENT.MIN-VALUE","type":"minValue"},{"id":"maxValue","name":"FORM-BUILDER.COMPONENT.MAX-VALUE","type":"maxValue"}]},{"id":"amount","name":"FORM-BUILDER.TABS.AMOUNT","properties":[{"id":"amountcurrency","name":"FORM-BUILDER.COMPONENT.AMOUNT-CURRENCY-PROPERTY","type":"amountcurrency"}]},{"id":"visibility","name":"FORM-BUILDER.TABS.VISIBILITY","properties":[{"id":"visibility","name":"FORM-BUILDER.TABS.VISIBILITY","type":"visibility","hideLabel":true}]},{"id":"style","name":"FORM-BUILDER.TABS.STYLE","properties":[{"id":"className","name":"FORM-BUILDER.COMPONENT.CLASSNAME","type":"className"}]}]},{"type":"radio-buttons","title":"FORM-BUILDER.PALLETTE.RADIO","icon":"images/form-builder/choicefield-icon.png","width":1,"tabs":[{"id":"general","name":"FORM-BUILDER.TABS.GENERAL","properties":[{"id":"label","name":"FORM-BUILDER.COMPONENT.LABEL","type":"label"},{"id":"id","name":"FORM-BUILDER.COMPONENT.ID","type":"id"},{"id":"required","name":"FORM-BUILDER.COMPONENT.REQUIRED","type":"required"},{"id":"colspan","name":"FORM-BUILDER.COMPONENT.COLSPAN","type":"colspan"},{"id":"placeholder","name":"FORM-BUILDER.COMPONENT.PLACEHOLDER","type":"placeholder"}]},{"id":"options","name":"FORM-BUILDER.TABS.OPTIONS","properties":[{"id":"options","name":"FORM-BUILDER.COMPONENT.OPTIONS-TYPE","type":"options"}]},{"id":"visibility","name":"FORM-BUILDER.TABS.VISIBILITY","properties":[{"id":"visibility","name":"FORM-BUILDER.TABS.VISIBILITY","type":"visibility","hideLabel":true}]},{"id":"style","name":"FORM-BUILDER.TABS.STYLE","properties":[{"id":"className","name":"FORM-BUILDER.COMPONENT.CLASSNAME","type":"className"}]}]},{"type":"people","title":"FORM-BUILDER.PALLETTE.PEOPLE","icon":"images/form-builder/peoplefield-icon.png","width":1,"tabs":[{"id":"general","name":"FORM-BUILDER.TABS.GENERAL","properties":[{"id":"label","name":"FORM-BUILDER.COMPONENT.LABEL","type":"label"},{"id":"id","name":"FORM-BUILDER.COMPONENT.ID","type":"id"},{"id":"required","name":"FORM-BUILDER.COMPONENT.REQUIRED","type":"required"},{"id":"colspan","name":"FORM-BUILDER.COMPONENT.COLSPAN","type":"colspan"},{"id":"placeholder","name":"FORM-BUILDER.COMPONENT.PLACEHOLDER","type":"placeholder"}]},{"id":"grouprestriction","name":"FORM-BUILDER.TABS.GROUP-RESTRICTIONS","properties":[{"id":"grouprestriction","name":"FORM-BUILDER.GROUP-RESTRICTION.LABEL","type":"grouprestriction"}]},{"id":"visibility","name":"FORM-BUILDER.TABS.VISIBILITY","properties":[{"id":"visibility","name":"FORM-BUILDER.TABS.VISIBILITY","type":"visibility","hideLabel":true}]},{"id":"style","name":"FORM-BUILDER.TABS.STYLE","properties":[{"id":"className","name":"FORM-BUILDER.COMPONENT.CLASSNAME","type":"className"}]}]},{"type":"functional-group","title":"FORM-BUILDER.PALLETTE.GROUP-OF-PEOPLE","icon":"images/form-builder/peoplefield-icon.png","width":1,"tabs":[{"id":"general","name":"FORM-BUILDER.TABS.GENERAL","properties":[{"id":"label","name":"FORM-BUILDER.COMPONENT.LABEL","type":"label"},{"id":"id","name":"FORM-BUILDER.COMPONENT.ID","type":"id"},{"id":"required","name":"FORM-BUILDER.COMPONENT.REQUIRED","type":"required"},{"id":"colspan","name":"FORM-BUILDER.COMPONENT.COLSPAN","type":"colspan"},{"id":"placeholder","name":"FORM-BUILDER.COMPONENT.PLACEHOLDER","type":"placeholder"}]},{"id":"grouprestriction","name":"FORM-BUILDER.TABS.GROUP-RESTRICTIONS","properties":[{"id":"grouprestriction","name":"FORM-BUILDER.GROUP-RESTRICTION.LABEL","type":"grouprestriction"}]},{"id":"visibility","name":"FORM-BUILDER.TABS.VISIBILITY","properties":[{"id":"visibility","name":"FORM-BUILDER.TABS.VISIBILITY","type":"visibility","hideLabel":true}]},{"id":"style","name":"FORM-BUILDER.TABS.STYLE","properties":[{"id":"className","name":"FORM-BUILDER.COMPONENT.CLASSNAME","type":"className"}]}]},{"type":"dynamic-table","title":"FORM-BUILDER.PALLETTE.TABLE","icon":"images/form-builder/dynamic-table-icon.png","width":2,"tabs":[{"id":"general","name":"FORM-BUILDER.TABS.GENERAL","properties":[{"id":"label","name":"FORM-BUILDER.COMPONENT.LABEL","type":"label"},{"id":"id","name":"FORM-BUILDER.COMPONENT.ID","type":"id"},{"id":"required","name":"FORM-BUILDER.COMPONENT.REQUIRED","type":"required"},{"id":"placeholder","name":"FORM-BUILDER.COMPONENT.PLACEHOLDER","type":"placeholder"}]},{"id":"table","name":"FORM-BUILDER.TABS.TABLE-COLUMNS","properties":[{"id":"columndefinition","name":"FORM-BUILDER.TABS.TABLE-COLUMNS","type":"columndefinition","hideLabel":true}]},{"id":"visibility","name":"FORM-BUILDER.TABS.VISIBILITY","properties":[{"id":"visibility","name":"FORM-BUILDER.TABS.VISIBILITY","type":"visibility","hideLabel":true}]},{"id":"style","name":"FORM-BUILDER.TABS.STYLE","properties":[{"id":"className","name":"FORM-BUILDER.COMPONENT.CLASSNAME","type":"className"}]}]},{"type":"hyperlink","title":"FORM-BUILDER.PALLETTE.HYPERLINK","icon":"images/form-builder/hyperlink-icon.png","width":1,"tabs":[{"id":"general","name":"FORM-BUILDER.TABS.GENERAL","properties":[{"id":"label","name":"FORM-BUILDER.COMPONENT.LABEL","type":"label"},{"id":"id","name":"FORM-BUILDER.COMPONENT.ID","type":"id"},{"id":"colspan","name":"FORM-BUILDER.COMPONENT.COLSPAN","type":"colspan"},{"id":"placeholder","name":"FORM-BUILDER.COMPONENT.PLACEHOLDER","type":"placeholder"}]},{"id":"urloptions","name":"FORM-BUILDER.TABS.URL-OPTIONS","properties":[{"id":"urldefinition","name":"FORM-BUILDER.COMPONENT.HYPERLINK-URL","type":"urldefinition"}]},{"id":"visibility","name":"FORM-BUILDER.TABS.VISIBILITY","properties":[{"id":"visibility","name":"FORM-BUILDER.TABS.VISIBILITY","type":"visibility","hideLabel":true}]},{"id":"style","name":"FORM-BUILDER.TABS.STYLE","properties":[{"id":"className","name":"FORM-BUILDER.COMPONENT.CLASSNAME","type":"className"}]}]},{"type":"container","title":"FORM-BUILDER.PALLETTE.CONTAINER","icon":"images/form-builder/group-icon.png","hideFromPalette":true,"width":2,"tabs":[{"id":"general","name":"FORM-BUILDER.TABS.GENERAL","properties":[{"id":"numberOfColumns","name":"FORM-BUILDER.COMPONENT.NUMBER-OF-COLUMNS","type":"numberOfColumns"}]},{"id":"style","name":"FORM-BUILDER.TABS.STYLE","properties":[{"id":"className","name":"FORM-BUILDER.COMPONENT.CLASSNAME","type":"className"}]}]},{"type":"group","title":"FORM-BUILDER.PALLETTE.HEADER","icon":"images/form-builder/group-icon.png","width":2,"tabs":[{"id":"general","name":"FORM-BUILDER.TABS.GENERAL","properties":[{"id":"label","name":"FORM-BUILDER.COMPONENT.LABEL","type":"label"},{"id":"id","name":"FORM-BUILDER.COMPONENT.ID","type":"id"},{"id":"numberOfColumns","name":"FORM-BUILDER.COMPONENT.NUMBER-OF-COLUMNS","type":"numberOfColumns"}]},{"id":"group","name":"FORM-BUILDER.TABS.GROUP","properties":[{"id":"allowcollapse","name":"FORM-BUILDER.COMPONENT.ALLOW-COLLAPSE","type":"allowcollapse"},{"id":"collapsebydefault","name":"FORM-BUILDER.COMPONENT.COLLAPSE-BY-DEFAULT","type":"collapsebydefault"}]},{"id":"visibility","name":"FORM-BUILDER.TABS.VISIBILITY","properties":[{"id":"visibility","name":"FORM-BUILDER.TABS.VISIBILITY","type":"visibility","hideLabel":true}]},{"id":"style","name":"FORM-BUILDER.TABS.STYLE","properties":[{"id":"className","name":"FORM-BUILDER.COMPONENT.CLASSNAME","type":"className"}]}]},{"type":"upload","title":"FORM-BUILDER.PALLETTE.UPLOAD","icon":"images/form-builder/uploadfield-icon.png","width":1,"tabs":[{"id":"general","name":"FORM-BUILDER.TABS.GENERAL","properties":[{"id":"label","name":"FORM-BUILDER.COMPONENT.LABEL","type":"label"},{"id":"id","name":"FORM-BUILDER.COMPONENT.ID","type":"id"},{"id":"required","name":"FORM-BUILDER.COMPONENT.REQUIRED","type":"required"},{"id":"colspan","name":"FORM-BUILDER.COMPONENT.COLSPAN","type":"colspan"},{"id":"placeholder","name":"FORM-BUILDER.COMPONENT.PLACEHOLDER","type":"placeholder"}]},{"id":"upload","name":"FORM-BUILDER.TABS.UPLOAD-OPTIONS","properties":[{"id":"uploadconfig","name":"FORM-BUILDER.TABS.UPLOAD-OPTIONS","type":"uploadconfig"}]},{"id":"visibility","name":"FORM-BUILDER.TABS.VISIBILITY","properties":[{"id":"visibility","name":"FORM-BUILDER.TABS.VISIBILITY","type":"visibility","hideLabel":true}]},{"id":"style","name":"FORM-BUILDER.TABS.STYLE","properties":[{"id":"className","name":"FORM-BUILDER.COMPONENT.CLASSNAME","type":"className"}]}]},{"type":"readonly","title":"FORM-BUILDER.PALLETTE.DISPLAY-VALUE","icon":"images/form-builder/readonly-icon.png","width":1,"tabs":[{"id":"general","name":"FORM-BUILDER.TABS.GENERAL","properties":[{"id":"label","name":"FORM-BUILDER.COMPONENT.LABEL","type":"label"},{"id":"readonly","name":"FORM-BUILDER.MESSAGE.READONLY-TEXT-SELECT-FIELD","type":"readonly","hideLabel":true},{"id":"colspan","name":"FORM-BUILDER.COMPONENT.COLSPAN","type":"colspan"}]},{"id":"visibility","name":"FORM-BUILDER.TABS.VISIBILITY","properties":[{"id":"visibility","name":"FORM-BUILDER.TABS.VISIBILITY","type":"visibility","hideLabel":true}]},{"id":"style","name":"FORM-BUILDER.TABS.STYLE","properties":[{"id":"className","name":"FORM-BUILDER.COMPONENT.CLASSNAME","type":"className"}]}]},{"type":"readonly-text","title":"FORM-BUILDER.PALLETTE.DISPLAY-TEXT","icon":"images/form-builder/readonly-text-icon.png","width":1,"tabs":[{"id":"general","name":"FORM-BUILDER.TABS.GENERAL","properties":[{"id":"label","name":"FORM-BUILDER.COMPONENT.LABEL","type":"label"},{"id":"id","name":"FORM-BUILDER.COMPONENT.ID","type":"id"},{"id":"readonlytext","name":"FORM-BUILDER.COMPONENT.READONLY-TEXT","type":"readonlytext"},{"id":"colspan","name":"FORM-BUILDER.COMPONENT.COLSPAN","type":"colspan"}]},{"id":"visibility","name":"FORM-BUILDER.TABS.VISIBILITY","properties":[{"id":"visibility","name":"FORM-BUILDER.TABS.VISIBILITY","type":"visibility","hideLabel":true}]},{"id":"style","name":"FORM-BUILDER.TABS.STYLE","properties":[{"id":"className","name":"FORM-BUILDER.COMPONENT.CLASSNAME","type":"className"}]}]},{"type":"custom","customType":"simplehtml-hardcoded","title":"SimpleHTML-HardCoded","customIconId":4004,"width":1,"template":"<div>\n    <div><label class=\"control-label ng-binding\">First Name</label>\n        <div class=\"well well-sm\"><span class=\"\">Ciju</span></div>\n    </div>\n    <div><label class=\"control-label ng-binding\">Last Name</label>\n        <div class=\"well well-sm\"><span class=\"\">Joseph</span></div>\n    </div>\n    <div><label class=\"control-label ng-binding\">Address Line 1</label>\n        <div class=\"well well-sm\"><span class=\"\">1 Northern Av</span></div>\n    </div>\n    <div><label class=\"control-label ng-binding\">City</label>\n        <div class=\"well well-sm\"><span class=\"\">Chicago</span></div>\n    </div>\n    <div><label class=\"control-label ng-binding\">State</label>\n        <div class=\"well well-sm\"><span class=\"\">IL</span></div>\n    </div>\n    <div><label class=\"control-label ng-binding\">ZIP</label>\n        <div class=\"well well-sm\"><span class=\"\">60000</span></div>\n    </div>\n</div>","formBuilderTemplate":"<i>Person Details Stencil - html with  hardcoded values</i>","tabs":[{"id":"general","name":"FORM-BUILDER.TABS.GENERAL","properties":[{"id":"label","name":"FORM-BUILDER.COMPONENT.LABEL","type":"label"},{"id":"id","name":"FORM-BUILDER.COMPONENT.ID","type":"id"},{"id":"required","name":"FORM-BUILDER.COMPONENT.REQUIRED","type":"required"}]},{"id":"visibility","name":"FORM-BUILDER.TABS.VISIBILITY","properties":[{"id":"visibility","name":"FORM-BUILDER.TABS.VISIBILITY","type":"visibility","hideLabel":true}]}]},{"type":"custom","customType":"variablesembedded-processspecific","title":"VariablesEmbedded-ProcessSpecific","customIconId":4005,"width":1,"template":"<div ng-controller=\"MyCustControllerProcessSpecific\">\n    <div><label class=\"control-label ng-binding\">First Name</label>\n        <div class=\"well well-sm\"><span class=\"\">{{firstName}}</span></div>\n    </div>\n    <div><label class=\"control-label ng-binding\">Last Name</label>\n        <div class=\"well well-sm\"><span class=\"\">{{lastName}}</span></div>\n    </div>\n    <div><label class=\"control-label ng-binding\">Address Line 1</label>\n        <div class=\"well well-sm\"><span class=\"\">{{line1}}</span></div>\n    </div>\n    <div><label class=\"control-label ng-binding\">City</label>\n        <div class=\"well well-sm\"><span class=\"\">{{city}}</span></div>\n    </div>\n    <div><label class=\"control-label ng-binding\">State</label>\n        <div class=\"well well-sm\"><span class=\"\">{{state}}</span></div>\n    </div>\n    <div><label class=\"control-label ng-binding\">ZIP</label>\n        <div class=\"well well-sm\"><span class=\"\">{{zip}}</span></div>\n    </div>\n</div>","formBuilderTemplate":"<i>Person Details Stencil - html based on process specific variables</i>","componentControllerCode":"angular.module('activitiApp')\n    .controller('MyCustControllerProcessSpecific', ['$rootScope', '$scope', function ($rootScope, $scope) {\n        console.log('MyCustControllerProcessSpecific instantiated');\n        console.log($scope)\n        // Register this controller to listen to the form extensions methods\n        $scope.registerCustomFieldListener(this);\n        this.formRendered = function (form, scope) {\n            console.log('rendered')\n            $scope.firstName = scope.findFormFieldWithId(scope.currentAndHistoricFormFields, 'firstName').value;\n            $scope.lastName = scope.findFormFieldWithId(scope.currentAndHistoricFormFields, 'lastName').value;\n            $scope.line1 = scope.findFormFieldWithId(scope.currentAndHistoricFormFields, 'line1').value;\n            $scope.city = scope.findFormFieldWithId(scope.currentAndHistoricFormFields, 'city').value;\n            $scope.state = scope.findFormFieldWithId(scope.currentAndHistoricFormFields, 'state').value;\n            $scope.zip = scope.findFormFieldWithId(scope.currentAndHistoricFormFields, 'zip').value;\n        }\n    }]);","tabs":[{"id":"general","name":"FORM-BUILDER.TABS.GENERAL","properties":[{"id":"label","name":"FORM-BUILDER.COMPONENT.LABEL","type":"label"},{"id":"id","name":"FORM-BUILDER.COMPONENT.ID","type":"id"},{"id":"required","name":"FORM-BUILDER.COMPONENT.REQUIRED","type":"required"}]},{"id":"visibility","name":"FORM-BUILDER.TABS.VISIBILITY","properties":[{"id":"visibility","name":"FORM-BUILDER.TABS.VISIBILITY","type":"visibility","hideLabel":true}]}]},{"type":"custom","customType":"variablesconfigurable-generic","title":"VariablesConfigurable-Generic","customIconId":4006,"width":1,"template":"<div ng-controller=\"MyCustControllerConfigurable\">\n    <div><label class=\"control-label ng-binding\">First Name</label>\n        <div class=\"well well-sm\"><span class=\"\">{{firstName}}</span></div>\n    </div>\n    <div><label class=\"control-label ng-binding\">Last Name</label>\n        <div class=\"well well-sm\"><span class=\"\">{{lastName}}</span></div>\n    </div>\n    <div><label class=\"control-label ng-binding\">Address Line 1</label>\n        <div class=\"well well-sm\"><span class=\"\">{{line1}}</span></div>\n    </div>\n    <div><label class=\"control-label ng-binding\">City</label>\n        <div class=\"well well-sm\"><span class=\"\">{{city}}</span></div>\n    </div>\n    <div><label class=\"control-label ng-binding\">State</label>\n        <div class=\"well well-sm\"><span class=\"\">{{state}}</span></div>\n    </div>\n    <div><label class=\"control-label ng-binding\">ZIP</label>\n        <div class=\"well well-sm\"><span class=\"\">{{zip}}</span></div>\n    </div>\n</div>","formBuilderTemplate":"<i>Person Details Stencil - generic html that can be configured for different processes</i>","componentControllerCode":"angular.module('activitiApp')\n    .controller('MyCustControllerConfigurable', ['$rootScope', '$scope', function ($rootScope, $scope) {\n        console.log('MyCustControllerConfigurable instantiated');\n        $scope.registerCustomFieldListener(this);\n        this.formRendered = function (form, scope) {\n            console.log('rendered')\n            \n            fieldList = $.grep(scope.allFormFields, function(e) {\n\t            return (e.type === 'variablesconfigurable-generic');\n\t        });\n\t        \n\t        $.each(fieldList, function( index, field ) {\n\t\t\t     resolveField(scope, field)\n\t\t    });\n           \n        }\n        \n        var resolveField = function (scope, field){\n            $scope.firstName = scope.findFormFieldWithId(scope.currentAndHistoricFormFields, field.params.customProperties.firstName.field.id).value;\n            $scope.lastName = scope.findFormFieldWithId(scope.currentAndHistoricFormFields, field.params.customProperties.lastName.field.id).value;\n            $scope.line1 = scope.findFormFieldWithId(scope.currentAndHistoricFormFields, field.params.customProperties.line1.field.id).value;\n            $scope.city = scope.findFormFieldWithId(scope.currentAndHistoricFormFields, field.params.customProperties.city.field.id).value;\n            $scope.state = scope.findFormFieldWithId(scope.currentAndHistoricFormFields, field.params.customProperties.state.field.id).value;\n            $scope.zip = scope.findFormFieldWithId(scope.currentAndHistoricFormFields, field.params.customProperties.zip.field.id).value;\n        }\n    }]);\n    \n    ","tabs":[{"id":"general","name":"FORM-BUILDER.TABS.GENERAL","properties":[{"id":"label","name":"FORM-BUILDER.COMPONENT.LABEL","type":"label"},{"id":"id","name":"FORM-BUILDER.COMPONENT.ID","type":"id"},{"id":"required","name":"FORM-BUILDER.COMPONENT.REQUIRED","type":"required"}]},{"id":"visibility","name":"FORM-BUILDER.TABS.VISIBILITY","properties":[{"id":"visibility","name":"FORM-BUILDER.TABS.VISIBILITY","type":"visibility","hideLabel":true}]},{"id":"configure_fields","name":"Configure Fields","properties":[{"id":"firstName","name":"firstName","type":"variable","custom":{"isCustomProperty":true}},{"id":"lastName","name":"lastName","type":"variable","custom":{"isCustomProperty":true}},{"id":"line1","name":"line1","type":"variable","custom":{"isCustomProperty":true}},{"id":"city","name":"city","type":"variable","custom":{"isCustomProperty":true}},{"id":"state","name":"state","type":"variable","custom":{"isCustomProperty":true}},{"id":"zip","name":"zip","type":"variable","custom":{"isCustomProperty":true}}]}]}],"stencilInfoAttributes":{"name":"display-group-of-fields-form-stencil","description":null,"stencilType":3,"contentType":"form"}}