{"resourceId":4004,"properties":{"process_id":"sqs-start","name":"sqs-start","documentation":"","process_author":"","process_version":"","process_namespace":"http://www.activiti.org/processdef","executionlisteners":"","eventlisteners":"","signaldefinitions":"","messagedefinitions":"","executionvariables":"[{\"variableName\":\"message\",\"variableType\":\"string\",\"$$hashKey\":\"uiGrid-000T\"}]","metadata":""},"stencil":{"id":"BPMNDiagram"},"childShapes":[{"resourceId":"sid-A05AE8AC-4439-4559-810F-7FA78A51314C","properties":{"overrideid":"","name":"","documentation":"","asynchronousdefinition":"false","exclusivedefinition":"false","sequencefloworder":""},"stencil":{"id":"ExclusiveGateway"},"childShapes":[],"outgoing":[{"resourceId":"sid-991D76F2-EF51-4F0C-A2D9-C92E94F98FA5"},{"resourceId":"sid-0D9D904F-BB74-413C-8956-2E3F7CAEA03B"}],"bounds":{"lowerRight":{"x":215,"y":198},"upperLeft":{"x":175,"y":158}},"dockers":[]},{"resourceId":"sid-1A1B8AFA-2536-43D8-967C-07067633566E","properties":{"overrideid":"","name":"","documentation":"","conditionsequenceflow":"","executionlisteners":"","defaultflow":"false"},"stencil":{"id":"SequenceFlow"},"childShapes":[],"outgoing":[{"resourceId":"sid-A05AE8AC-4439-4559-810F-7FA78A51314C"}],"bounds":{"lowerRight":{"x":174.85510186716235,"y":178.4137930857699},"upperLeft":{"x":90.79168298860688,"y":178.0627694142301}},"dockers":[{"x":15.38461538461539,"y":15},{"x":20.5,"y":20.5}],"target":{"resourceId":"sid-A05AE8AC-4439-4559-810F-7FA78A51314C"}},{"resourceId":"sid-38D8DEC8-5BEE-4F8A-BA66-D8615321DC93","properties":{"overrideid":"","name":"Review Incoming Message","documentation":"","asynchronousdefinition":"false","exclusivedefinition":"false","executionlisteners":"","multiinstance_type":"None","multiinstance_cardinality":"","multiinstance_collection":"","multiinstance_variable":"","multiinstance_condition":"","isforcompensation":"false","usertasksendemail":true,"usertaskassignment":"","formkeydefinition":"","formreference":{"id":4005,"name":"Show SQS Message","referenceId":4004},"fieldstovariables":"","duedatedefinition":"","prioritydefinition":"","categorydefinition":"","formproperties":"","tasklisteners":"","emailtemplate":""},"stencil":{"id":"UserTask"},"childShapes":[],"outgoing":[{"resourceId":"sid-898C9665-CA05-4536-92E3-9B34AE056B9D"}],"bounds":{"lowerRight":{"x":415,"y":218},"upperLeft":{"x":315,"y":138}},"dockers":[]},{"resourceId":"sid-10FACCF5-C82D-4C81-9A70-2FF0058690D6","properties":{"name":"Publish To SQS","documentation":"","asynchronousdefinition":"false","exclusivedefinition":"false","executionlisteners":"","multiinstance_type":"None","multiinstance_cardinality":"","multiinstance_collection":"","multiinstance_variable":"","multiinstance_condition":"","isforcompensation":"false","servicetaskresultvariable":"","formkeydefinition":"","type":"http://b3mn.org/stencilset/bpmn2.0#UserTask","categorydefinition":"","usertasksendemail":true,"formproperties":"","usertaskassignment":"","prioritydefinition":"","duedatedefinition":"","tasklisteners":"","formreference":"","emailtemplate":"","fieldstovariables":"","overrideid":""},"stencil":{"id":"publish_to_sqs"},"childShapes":[],"outgoing":[{"resourceId":"sid-E4E36523-1726-4EEA-860F-66874F1C91CF"}],"bounds":{"lowerRight":{"x":415,"y":395},"upperLeft":{"x":315,"y":315}},"dockers":[]},{"resourceId":"sid-252D1BBC-2969-43A9-87FD-D21ABAD04230","properties":{"overrideid":"","name":"Publish Path End","documentation":"","executionlisteners":""},"stencil":{"id":"EndNoneEvent"},"childShapes":[],"outgoing":[],"bounds":{"lowerRight":{"x":548,"y":369},"upperLeft":{"x":520,"y":341}},"dockers":[]},{"resourceId":"sid-E4E36523-1726-4EEA-860F-66874F1C91CF","properties":{"overrideid":"","name":"","documentation":"","conditionsequenceflow":"","executionlisteners":"","defaultflow":"false"},"stencil":{"id":"SequenceFlow"},"childShapes":[],"outgoing":[{"resourceId":"sid-252D1BBC-2969-43A9-87FD-D21ABAD04230"}],"bounds":{"lowerRight":{"x":519.796875,"y":355},"upperLeft":{"x":415.51171875,"y":355}},"dockers":[{"x":50,"y":40},{"x":14,"y":14}],"target":{"resourceId":"sid-252D1BBC-2969-43A9-87FD-D21ABAD04230"}},{"resourceId":"sid-991D76F2-EF51-4F0C-A2D9-C92E94F98FA5","properties":{"overrideid":"","name":"","documentation":"","conditionsequenceflow":"","executionlisteners":"","defaultflow":true},"stencil":{"id":"SequenceFlow"},"childShapes":[],"outgoing":[{"resourceId":"sid-38D8DEC8-5BEE-4F8A-BA66-D8615321DC93"}],"bounds":{"lowerRight":{"x":314.3418012257865,"y":178.4423626603268},"upperLeft":{"x":215.03905814921347,"y":178.1494342146732}},"dockers":[{"x":20.5,"y":20.5},{"x":50,"y":40}],"target":{"resourceId":"sid-38D8DEC8-5BEE-4F8A-BA66-D8615321DC93"}},{"resourceId":"sid-5294F8AB-DAE7-4178-B731-38F85ECCC330","properties":{"overrideid":"","name":"Review Path End","documentation":"","executionlisteners":""},"stencil":{"id":"EndNoneEvent"},"childShapes":[],"outgoing":[],"bounds":{"lowerRight":{"x":548,"y":192},"upperLeft":{"x":520,"y":164}},"dockers":[]},{"resourceId":"sid-898C9665-CA05-4536-92E3-9B34AE056B9D","properties":{"overrideid":"","name":"","documentation":"","conditionsequenceflow":"","executionlisteners":"","defaultflow":"false"},"stencil":{"id":"SequenceFlow"},"childShapes":[],"outgoing":[{"resourceId":"sid-5294F8AB-DAE7-4178-B731-38F85ECCC330"}],"bounds":{"lowerRight":{"x":519.796875,"y":178},"upperLeft":{"x":415.51171875,"y":178}},"dockers":[{"x":50,"y":40},{"x":14,"y":14}],"target":{"resourceId":"sid-5294F8AB-DAE7-4178-B731-38F85ECCC330"}},{"resourceId":"sid-0D9D904F-BB74-413C-8956-2E3F7CAEA03B","properties":{"overrideid":"","name":"Message = \"Reply Back\"","documentation":"","conditionsequenceflow":{"expression":{"type":"variables","leftRestResponseId":"message","operator":"==","rightValue":"Reply Back"}},"executionlisteners":"","defaultflow":false},"stencil":{"id":"SequenceFlow"},"childShapes":[],"outgoing":[{"resourceId":"sid-10FACCF5-C82D-4C81-9A70-2FF0058690D6"}],"bounds":{"lowerRight":{"x":314.341796875,"y":355},"upperLeft":{"x":195.5,"y":198.8046875}},"dockers":[{"x":20.5,"y":20.5},{"x":195.5,"y":355},{"x":50,"y":40}],"target":{"resourceId":"sid-10FACCF5-C82D-4C81-9A70-2FF0058690D6"}},{"resourceId":"sid-527C3A0C-97D5-4376-B2E2-0952F42D0B3A","properties":{"overrideid":"","name":"Start","documentation":"","executionlisteners":"","initiator":"","formkeydefinition":"","formreference":"","fieldstovariables":"","formproperties":"","type":"http://b3mn.org/stencilset/bpmn2.0#StartNoneEvent","messageref":""},"stencil":{"id":"StartNoneEvent"},"childShapes":[],"outgoing":[{"resourceId":"sid-1A1B8AFA-2536-43D8-967C-07067633566E"}],"bounds":{"lowerRight":{"x":90.375,"y":193},"upperLeft":{"x":60.375,"y":163}},"dockers":[]}],"bounds":{"lowerRight":{"x":1200,"y":1050},"upperLeft":{"x":0,"y":0}},"stencilset":{"url":"stencilsets/bpmn2.0/bpmn2.0.json","namespace":"http://b3mn.org/stencilset/bpmn2.0#"},"ssextensions":[]}