<?xml version='1.0' encoding='UTF-8'?>
<definitions xmlns="http://www.omg.org/spec/BPMN/20100524/MODEL" xmlns:xsi="http://www.w3.org/2001/XMLSchema-instance" xmlns:xsd="http://www.w3.org/2001/XMLSchema" xmlns:activiti="http://activiti.org/bpmn" xmlns:bpmndi="http://www.omg.org/spec/BPMN/20100524/DI" xmlns:omgdc="http://www.omg.org/spec/DD/20100524/DC" xmlns:omgdi="http://www.omg.org/spec/DD/20100524/DI" typeLanguage="http://www.w3.org/2001/XMLSchema" expressionLanguage="http://www.w3.org/1999/XPath" targetNamespace="http://www.activiti.org/processdef" xmlns:modeler="http://activiti.com/modeler" modeler:version="1.0en" modeler:exportDateTime="20170513150940329" modeler:modelId="4004" modeler:modelVersion="3" modeler:modelLastUpdated="1494648983793" modeler:modelStencilSet="2002">
  <process id="sqs-start" name="sqs-start" isExecutable="true">
    <extensionElements>
      <modeler:executionvariables xmlns:modeler="http://activiti.com/modeler" modeler:variableName="message" modeler:variableType="string"/>
    </extensionElements>
    <exclusiveGateway id="sid-A05AE8AC-4439-4559-810F-7FA78A51314C" default="sid-991D76F2-EF51-4F0C-A2D9-C92E94F98FA5">
      <extensionElements>
        <modeler:editor-resource-id><![CDATA[sid-A05AE8AC-4439-4559-810F-7FA78A51314C]]></modeler:editor-resource-id>
      </extensionElements>
    </exclusiveGateway>
    <sequenceFlow id="sid-1A1B8AFA-2536-43D8-967C-07067633566E" sourceRef="sid-527C3A0C-97D5-4376-B2E2-0952F42D0B3A" targetRef="sid-A05AE8AC-4439-4559-810F-7FA78A51314C">
      <extensionElements>
        <modeler:editor-resource-id><![CDATA[sid-1A1B8AFA-2536-43D8-967C-07067633566E]]></modeler:editor-resource-id>
      </extensionElements>
    </sequenceFlow>
    <userTask id="sid-38D8DEC8-5BEE-4F8A-BA66-D8615321DC93" name="Review Incoming Message" activiti:assignee="$INITIATOR" activiti:formKey="4005">
      <extensionElements>
        <modeler:allow-send-email><![CDATA[true]]></modeler:allow-send-email>
        <modeler:form-reference-id><![CDATA[4005]]></modeler:form-reference-id>
        <modeler:form-reference-name><![CDATA[Show SQS Message]]></modeler:form-reference-name>
        <modeler:activiti-idm-initiator><![CDATA[true]]></modeler:activiti-idm-initiator>
        <modeler:editor-resource-id><![CDATA[sid-38D8DEC8-5BEE-4F8A-BA66-D8615321DC93]]></modeler:editor-resource-id>
      </extensionElements>
    </userTask>
    <serviceTask id="sid-10FACCF5-C82D-4C81-9A70-2FF0058690D6" name="Publish To SQS" activiti:delegateExpression="${publishToSQS}" activiti:extensionId="publish_to_sqs">
      <extensionElements>
        <modeler:editor-resource-id><![CDATA[sid-10FACCF5-C82D-4C81-9A70-2FF0058690D6]]></modeler:editor-resource-id>
      </extensionElements>
    </serviceTask>
    <endEvent id="sid-252D1BBC-2969-43A9-87FD-D21ABAD04230" name="Publish Path End">
      <extensionElements>
        <modeler:editor-resource-id><![CDATA[sid-252D1BBC-2969-43A9-87FD-D21ABAD04230]]></modeler:editor-resource-id>
      </extensionElements>
    </endEvent>
    <sequenceFlow id="sid-E4E36523-1726-4EEA-860F-66874F1C91CF" sourceRef="sid-10FACCF5-C82D-4C81-9A70-2FF0058690D6" targetRef="sid-252D1BBC-2969-43A9-87FD-D21ABAD04230">
      <extensionElements>
        <modeler:editor-resource-id><![CDATA[sid-E4E36523-1726-4EEA-860F-66874F1C91CF]]></modeler:editor-resource-id>
      </extensionElements>
    </sequenceFlow>
    <sequenceFlow id="sid-991D76F2-EF51-4F0C-A2D9-C92E94F98FA5" sourceRef="sid-A05AE8AC-4439-4559-810F-7FA78A51314C" targetRef="sid-38D8DEC8-5BEE-4F8A-BA66-D8615321DC93">
      <extensionElements>
        <modeler:editor-resource-id><![CDATA[sid-991D76F2-EF51-4F0C-A2D9-C92E94F98FA5]]></modeler:editor-resource-id>
      </extensionElements>
    </sequenceFlow>
    <endEvent id="sid-5294F8AB-DAE7-4178-B731-38F85ECCC330" name="Review Path End">
      <extensionElements>
        <modeler:editor-resource-id><![CDATA[sid-5294F8AB-DAE7-4178-B731-38F85ECCC330]]></modeler:editor-resource-id>
      </extensionElements>
    </endEvent>
    <sequenceFlow id="sid-898C9665-CA05-4536-92E3-9B34AE056B9D" sourceRef="sid-38D8DEC8-5BEE-4F8A-BA66-D8615321DC93" targetRef="sid-5294F8AB-DAE7-4178-B731-38F85ECCC330">
      <extensionElements>
        <modeler:editor-resource-id><![CDATA[sid-898C9665-CA05-4536-92E3-9B34AE056B9D]]></modeler:editor-resource-id>
      </extensionElements>
    </sequenceFlow>
    <sequenceFlow id="sid-0D9D904F-BB74-413C-8956-2E3F7CAEA03B" name="Message = &quot;Reply Back&quot;" sourceRef="sid-A05AE8AC-4439-4559-810F-7FA78A51314C" targetRef="sid-10FACCF5-C82D-4C81-9A70-2FF0058690D6">
      <extensionElements>
        <modeler:conditionDefinition modeler:index="0" modeler:leftRestResponseId="message" modeler:rightValue="Reply Back" modeler:operator="=="/>
        <modeler:editor-resource-id><![CDATA[sid-0D9D904F-BB74-413C-8956-2E3F7CAEA03B]]></modeler:editor-resource-id>
      </extensionElements>
      <conditionExpression xsi:type="tFormalExpression"><![CDATA[${(activiti_flowConditionsBean.exists(execution, 'message') && message == 'Reply Back')}]]></conditionExpression>
    </sequenceFlow>
    <startEvent id="sid-527C3A0C-97D5-4376-B2E2-0952F42D0B3A" name="Start">
      <extensionElements>
        <modeler:editor-resource-id><![CDATA[sid-527C3A0C-97D5-4376-B2E2-0952F42D0B3A]]></modeler:editor-resource-id>
      </extensionElements>
    </startEvent>
  </process>
  <bpmndi:BPMNDiagram id="BPMNDiagram_sqs-start">
    <bpmndi:BPMNPlane bpmnElement="sqs-start" id="BPMNPlane_sqs-start">
      <bpmndi:BPMNShape bpmnElement="sid-A05AE8AC-4439-4559-810F-7FA78A51314C" id="BPMNShape_sid-A05AE8AC-4439-4559-810F-7FA78A51314C">
        <omgdc:Bounds height="40.0" width="40.0" x="175.0" y="158.0"/>
      </bpmndi:BPMNShape>
      <bpmndi:BPMNShape bpmnElement="sid-38D8DEC8-5BEE-4F8A-BA66-D8615321DC93" id="BPMNShape_sid-38D8DEC8-5BEE-4F8A-BA66-D8615321DC93">
        <omgdc:Bounds height="80.0" width="100.0" x="315.0" y="138.0"/>
      </bpmndi:BPMNShape>
      <bpmndi:BPMNShape bpmnElement="sid-10FACCF5-C82D-4C81-9A70-2FF0058690D6" id="BPMNShape_sid-10FACCF5-C82D-4C81-9A70-2FF0058690D6">
        <omgdc:Bounds height="80.0" width="100.0" x="315.0" y="315.0"/>
      </bpmndi:BPMNShape>
      <bpmndi:BPMNShape bpmnElement="sid-252D1BBC-2969-43A9-87FD-D21ABAD04230" id="BPMNShape_sid-252D1BBC-2969-43A9-87FD-D21ABAD04230">
        <omgdc:Bounds height="28.0" width="28.0" x="520.0" y="341.0"/>
      </bpmndi:BPMNShape>
      <bpmndi:BPMNShape bpmnElement="sid-5294F8AB-DAE7-4178-B731-38F85ECCC330" id="BPMNShape_sid-5294F8AB-DAE7-4178-B731-38F85ECCC330">
        <omgdc:Bounds height="28.0" width="28.0" x="520.0" y="164.0"/>
      </bpmndi:BPMNShape>
      <bpmndi:BPMNShape bpmnElement="sid-527C3A0C-97D5-4376-B2E2-0952F42D0B3A" id="BPMNShape_sid-527C3A0C-97D5-4376-B2E2-0952F42D0B3A">
        <omgdc:Bounds height="30.0" width="30.0" x="60.375" y="163.0"/>
      </bpmndi:BPMNShape>
      <bpmndi:BPMNEdge bpmnElement="sid-E4E36523-1726-4EEA-860F-66874F1C91CF" id="BPMNEdge_sid-E4E36523-1726-4EEA-860F-66874F1C91CF">
        <omgdi:waypoint x="415.0" y="355.0"/>
        <omgdi:waypoint x="520.0" y="355.0"/>
      </bpmndi:BPMNEdge>
      <bpmndi:BPMNEdge bpmnElement="sid-898C9665-CA05-4536-92E3-9B34AE056B9D" id="BPMNEdge_sid-898C9665-CA05-4536-92E3-9B34AE056B9D">
        <omgdi:waypoint x="415.0" y="178.0"/>
        <omgdi:waypoint x="520.0" y="178.0"/>
      </bpmndi:BPMNEdge>
      <bpmndi:BPMNEdge bpmnElement="sid-0D9D904F-BB74-413C-8956-2E3F7CAEA03B" id="BPMNEdge_sid-0D9D904F-BB74-413C-8956-2E3F7CAEA03B">
        <omgdi:waypoint x="195.5" y="197.5"/>
        <omgdi:waypoint x="195.5" y="355.0"/>
        <omgdi:waypoint x="315.0" y="355.0"/>
      </bpmndi:BPMNEdge>
      <bpmndi:BPMNEdge bpmnElement="sid-1A1B8AFA-2536-43D8-967C-07067633566E" id="BPMNEdge_sid-1A1B8AFA-2536-43D8-967C-07067633566E">
        <omgdi:waypoint x="91.14409664424795" y="178.06424098815555"/>
        <omgdi:waypoint x="175.41613579550037" y="178.41613579550037"/>
      </bpmndi:BPMNEdge>
      <bpmndi:BPMNEdge bpmnElement="sid-991D76F2-EF51-4F0C-A2D9-C92E94F98FA5" id="BPMNEdge_sid-991D76F2-EF51-4F0C-A2D9-C92E94F98FA5">
        <omgdi:waypoint x="214.55621301775147" y="178.44378698224853"/>
        <omgdi:waypoint x="315.0" y="178.14749262536873"/>
      </bpmndi:BPMNEdge>
    </bpmndi:BPMNPlane>
  </bpmndi:BPMNDiagram>
</definitions>