<?xml version='1.0' encoding='UTF-8'?>
<definitions xmlns="http://www.omg.org/spec/BPMN/20100524/MODEL" xmlns:xsi="http://www.w3.org/2001/XMLSchema-instance" xmlns:xsd="http://www.w3.org/2001/XMLSchema" xmlns:activiti="http://activiti.org/bpmn" xmlns:bpmndi="http://www.omg.org/spec/BPMN/20100524/DI" xmlns:omgdc="http://www.omg.org/spec/DD/20100524/DC" xmlns:omgdi="http://www.omg.org/spec/DD/20100524/DI" typeLanguage="http://www.w3.org/2001/XMLSchema" expressionLanguage="http://www.w3.org/1999/XPath" targetNamespace="http://www.activiti.org/processdef" xmlns:modeler="http://activiti.com/modeler" modeler:version="1.0en" modeler:exportDateTime="20170723225046824" modeler:modelId="32053" modeler:modelVersion="8" modeler:modelLastUpdated="1500868198625">
  <process id="UserAssignmentRulesDeployment" name="UserAssignmentRulesDeployment" isExecutable="true">
    <startEvent id="startEvent1">
      <extensionElements>
        <modeler:editor-resource-id><![CDATA[startEvent1]]></modeler:editor-resource-id>
      </extensionElements>
    </startEvent>
    <sequenceFlow id="sid-5A589082-579D-46BA-AEBA-3DF57AC3B0ED" sourceRef="startEvent1" targetRef="sid-C6ACE459-2EB3-40A6-884D-BEBD8D04B60C">
      <extensionElements>
        <modeler:editor-resource-id><![CDATA[sid-5A589082-579D-46BA-AEBA-3DF57AC3B0ED]]></modeler:editor-resource-id>
      </extensionElements>
    </sequenceFlow>
    <endEvent id="sid-BEDB4CF7-E10C-40AB-AA87-1471E0DBC7CA">
      <extensionElements>
        <modeler:editor-resource-id><![CDATA[sid-BEDB4CF7-E10C-40AB-AA87-1471E0DBC7CA]]></modeler:editor-resource-id>
      </extensionElements>
    </endEvent>
    <sequenceFlow id="sid-E741EA14-BCE6-4092-B446-98937DACBE37" sourceRef="sid-C6ACE459-2EB3-40A6-884D-BEBD8D04B60C" targetRef="sid-BEDB4CF7-E10C-40AB-AA87-1471E0DBC7CA">
      <extensionElements>
        <modeler:editor-resource-id><![CDATA[sid-E741EA14-BCE6-4092-B446-98937DACBE37]]></modeler:editor-resource-id>
      </extensionElements>
    </sequenceFlow>
    <serviceTask id="sid-C6ACE459-2EB3-40A6-884D-BEBD8D04B60C" name="UserAssignmentRules" activiti:delegateExpression="${activiti_executeDecisionDelegate}">
      <extensionElements>
        <activiti:field name="decisionTableReferenceKey">
          <activiti:string><![CDATA[UserAssignmentRules]]></activiti:string>
        </activiti:field>
        <modeler:decisiontable-reference modeler:decisiontablereferenceid="32052" modeler:decisiontablereferencename="UserAssignmentRules"/>
        <modeler:editor-resource-id><![CDATA[sid-C6ACE459-2EB3-40A6-884D-BEBD8D04B60C]]></modeler:editor-resource-id>
      </extensionElements>
    </serviceTask>
  </process>
  <bpmndi:BPMNDiagram id="BPMNDiagram_UserAssignmentRulesDeployment">
    <bpmndi:BPMNPlane bpmnElement="UserAssignmentRulesDeployment" id="BPMNPlane_UserAssignmentRulesDeployment">
      <bpmndi:BPMNShape bpmnElement="startEvent1" id="BPMNShape_startEvent1">
        <omgdc:Bounds height="30.0" width="30.0" x="100.0" y="163.0"/>
      </bpmndi:BPMNShape>
      <bpmndi:BPMNShape bpmnElement="sid-BEDB4CF7-E10C-40AB-AA87-1471E0DBC7CA" id="BPMNShape_sid-BEDB4CF7-E10C-40AB-AA87-1471E0DBC7CA">
        <omgdc:Bounds height="28.0" width="28.0" x="320.0" y="164.0"/>
      </bpmndi:BPMNShape>
      <bpmndi:BPMNShape bpmnElement="sid-C6ACE459-2EB3-40A6-884D-BEBD8D04B60C" id="BPMNShape_sid-C6ACE459-2EB3-40A6-884D-BEBD8D04B60C">
        <omgdc:Bounds height="80.0" width="100.0" x="165.0" y="135.0"/>
      </bpmndi:BPMNShape>
      <bpmndi:BPMNEdge bpmnElement="sid-5A589082-579D-46BA-AEBA-3DF57AC3B0ED" id="BPMNEdge_sid-5A589082-579D-46BA-AEBA-3DF57AC3B0ED">
        <omgdi:waypoint x="129.9932545528355" y="177.5502023634149"/>
        <omgdi:waypoint x="165.0" y="176.5"/>
      </bpmndi:BPMNEdge>
      <bpmndi:BPMNEdge bpmnElement="sid-E741EA14-BCE6-4092-B446-98937DACBE37" id="BPMNEdge_sid-E741EA14-BCE6-4092-B446-98937DACBE37">
        <omgdi:waypoint x="265.0" y="175.0"/>
        <omgdi:waypoint x="292.5" y="175.0"/>
        <omgdi:waypoint x="292.5" y="178.0"/>
        <omgdi:waypoint x="320.0" y="178.0"/>
      </bpmndi:BPMNEdge>
    </bpmndi:BPMNPlane>
  </bpmndi:BPMNDiagram>
</definitions>