{"resourceId":32053,"properties":{"process_id":"UserAssignmentRulesDeployment","name":"UserAssignmentRulesDeployment","documentation":"","process_author":"","process_version":"","process_namespace":"http://www.activiti.org/processdef","executionlisteners":"","eventlisteners":"","signaldefinitions":"","messagedefinitions":"","executionvariables":"","metadata":""},"stencil":{"id":"BPMNDiagram"},"childShapes":[{"resourceId":"startEvent1","properties":{"overrideid":"","name":"","documentation":"","executionlisteners":"","initiator":"","formkeydefinition":"","formreference":"","fieldstovariables":"","formproperties":""},"stencil":{"id":"StartNoneEvent"},"childShapes":[],"outgoing":[{"resourceId":"sid-5A589082-579D-46BA-AEBA-3DF57AC3B0ED"}],"bounds":{"lowerRight":{"x":130,"y":193},"upperLeft":{"x":100,"y":163}},"dockers":[]},{"resourceId":"sid-5A589082-579D-46BA-AEBA-3DF57AC3B0ED","properties":{"overrideid":"","name":"","documentation":"","conditionsequenceflow":"","executionlisteners":"","defaultflow":"false"},"stencil":{"id":"SequenceFlow"},"childShapes":[],"outgoing":[{"resourceId":"sid-C6ACE459-2EB3-40A6-884D-BEBD8D04B60C"}],"bounds":{"lowerRight":{"x":164.78169969647763,"y":177.54813849089433},"upperLeft":{"x":130.06205030352237,"y":176.50654900910567}},"dockers":[{"x":15,"y":15},{"x":50,"y":40}],"target":{"resourceId":"sid-C6ACE459-2EB3-40A6-884D-BEBD8D04B60C"}},{"resourceId":"sid-BEDB4CF7-E10C-40AB-AA87-1471E0DBC7CA","properties":{"overrideid":"","name":"","documentation":"","executionlisteners":""},"stencil":{"id":"EndNoneEvent"},"childShapes":[],"outgoing":[],"bounds":{"lowerRight":{"x":348,"y":192},"upperLeft":{"x":320,"y":164}},"dockers":[]},{"resourceId":"sid-E741EA14-BCE6-4092-B446-98937DACBE37","properties":{"overrideid":"","name":"","documentation":"","conditionsequenceflow":"","executionlisteners":"","defaultflow":"false"},"stencil":{"id":"SequenceFlow"},"childShapes":[],"outgoing":[{"resourceId":"sid-BEDB4CF7-E10C-40AB-AA87-1471E0DBC7CA"}],"bounds":{"lowerRight":{"x":319.3828125,"y":178},"upperLeft":{"x":265.6484375,"y":175}},"dockers":[{"x":50,"y":40},{"x":292.5,"y":175},{"x":292.5,"y":178},{"x":14,"y":14}],"target":{"resourceId":"sid-BEDB4CF7-E10C-40AB-AA87-1471E0DBC7CA"}},{"resourceId":"sid-C6ACE459-2EB3-40A6-884D-BEBD8D04B60C","properties":{"overrideid":"","name":"UserAssignmentRules","documentation":"","asynchronousdefinition":"false","exclusivedefinition":"false","executionlisteners":"","multiinstance_type":"None","multiinstance_cardinality":"","multiinstance_collection":"","multiinstance_variable":"","multiinstance_condition":"","isforcompensation":"false","decisiontaskdecisiontablereference":{"id":32052,"name":"UserAssignmentRules","referenceId":null,"variablesmapping":[]},"usertaskassignment":"","emailtemplate":"","tasklisteners":"","usertasksendemail":true,"formproperties":"","categorydefinition":"","prioritydefinition":"","duedatedefinition":"","fieldstovariables":"","type":"http://b3mn.org/stencilset/bpmn2.0#UserTask","formreference":"","formkeydefinition":""},"stencil":{"id":"DecisionTask"},"childShapes":[],"outgoing":[{"resourceId":"sid-E741EA14-BCE6-4092-B446-98937DACBE37"}],"bounds":{"lowerRight":{"x":265,"y":215},"upperLeft":{"x":165,"y":135}},"dockers":[]}],"bounds":{"lowerRight":{"x":1200,"y":1050},"upperLeft":{"x":0,"y":0}},"stencilset":{"url":"stencilsets/bpmn2.0/bpmn2.0.json","namespace":"http://b3mn.org/stencilset/bpmn2.0#"},"ssextensions":[]}