{"resourceId":8008,"properties":{"process_id":"MDCTest","name":"MDCTest","documentation":"","process_author":"","process_version":"","process_namespace":"http://www.activiti.org/processdef","executionlisteners":"","eventlisteners":"","signaldefinitions":"","messagedefinitions":"","executionvariables":"","metadata":""},"stencil":{"id":"BPMNDiagram"},"childShapes":[{"resourceId":"startEvent1","properties":{"overrideid":"","name":"","documentation":"","executionlisteners":"","initiator":"","formkeydefinition":"","formreference":"","fieldstovariables":"","formproperties":""},"stencil":{"id":"StartNoneEvent"},"childShapes":[],"outgoing":[{"resourceId":"sid-8638C5F5-A5CB-4B10-89FD-413B42661E9A"}],"bounds":{"lowerRight":{"x":130,"y":193},"upperLeft":{"x":100,"y":163}},"dockers":[]},{"resourceId":"sid-8638C5F5-A5CB-4B10-89FD-413B42661E9A","properties":{"overrideid":"","name":"","documentation":"","conditionsequenceflow":"","executionlisteners":"","defaultflow":"false"},"stencil":{"id":"SequenceFlow"},"childShapes":[],"outgoing":[{"resourceId":"sid-FBFF95C0-8F15-4CF1-B4C6-BFAB4EF94147"}],"bounds":{"lowerRight":{"x":194.2346411658852,"y":177.64880421921274},"upperLeft":{"x":130.2184838341148,"y":176.17150828078732}},"dockers":[{"x":15,"y":15},{"x":49.999999999999986,"y":40}],"target":{"resourceId":"sid-FBFF95C0-8F15-4CF1-B4C6-BFAB4EF94147"}},{"resourceId":"sid-38547950-3A53-4CE5-B588-003562A07F3A","properties":{"overrideid":"","name":"","documentation":"","executionlisteners":""},"stencil":{"id":"EndNoneEvent"},"childShapes":[],"outgoing":[],"bounds":{"lowerRight":{"x":643.0000000000002,"y":189.00000000000009},"upperLeft":{"x":615.0000000000002,"y":161.00000000000009}},"dockers":[]},{"resourceId":"sid-FBFF95C0-8F15-4CF1-B4C6-BFAB4EF94147","properties":{"overrideid":"","name":"Delegate with logger running sync","documentation":"","asynchronousdefinition":"false","exclusivedefinition":"false","executionlisteners":"","multiinstance_type":"None","multiinstance_cardinality":"","multiinstance_collection":"","multiinstance_variable":"","multiinstance_condition":"","isforcompensation":"false","servicetaskclass":"","servicetaskexpression":"","servicetaskdelegateexpression":"${testMDCJavaDelegate}","servicetaskfields":"","servicetaskresultvariable":"","executionvariables":"","duedatedefinition":"","type":"http://b3mn.org/stencilset/bpmn2.0#UserTask","emailtemplate":"","tasklisteners":"","formproperties":"","categorydefinition":"","prioritydefinition":"","usertasksendemail":true,"fieldstovariables":"","formreference":"","formkeydefinition":"","usertaskassignment":""},"stencil":{"id":"ServiceTask"},"childShapes":[],"outgoing":[{"resourceId":"sid-350D2329-514D-4AA1-97E8-94DEBBA71B77"}],"bounds":{"lowerRight":{"x":295,"y":215.00000000000006},"upperLeft":{"x":195.00000000000003,"y":135.00000000000006}},"dockers":[]},{"resourceId":"sid-350D2329-514D-4AA1-97E8-94DEBBA71B77","properties":{"overrideid":"","name":"","documentation":"","conditionsequenceflow":"","executionlisteners":"","defaultflow":"false","showdiamondmarker":false},"stencil":{"id":"SequenceFlow"},"childShapes":[],"outgoing":[{"resourceId":"sid-0C322005-4593-40E3-8994-228E82ED61A0"}],"bounds":{"lowerRight":{"x":389.48262786865234,"y":175.00000000000006},"upperLeft":{"x":295.65993547439575,"y":175.00000000000006}},"dockers":[{"x":49.999999999999986,"y":40},{"x":34.05554199218744,"y":39.99999999999997}],"target":{"resourceId":"sid-0C322005-4593-40E3-8994-228E82ED61A0"}},{"resourceId":"sid-0C322005-4593-40E3-8994-228E82ED61A0","properties":{"overrideid":"","name":"Delegate with logger running async","documentation":"","asynchronousdefinition":true,"exclusivedefinition":"false","executionlisteners":"","multiinstance_type":"None","multiinstance_cardinality":"","multiinstance_collection":"","multiinstance_variable":"","multiinstance_condition":"","isforcompensation":"false","servicetaskclass":"","servicetaskexpression":"","servicetaskdelegateexpression":"${testMDCJavaDelegate}","servicetaskfields":"","servicetaskresultvariable":"","executionvariables":"","prioritydefinition":"","type":"http://b3mn.org/stencilset/bpmn2.0#UserTask","emailtemplate":"","tasklisteners":"","formproperties":"","categorydefinition":"","duedatedefinition":"","usertasksendemail":true,"fieldstovariables":"","formreference":"","formkeydefinition":"","usertaskassignment":""},"stencil":{"id":"ServiceTask"},"childShapes":[],"outgoing":[{"resourceId":"sid-C807500A-A2C3-45DB-99F3-9221F9AEA5E8"}],"bounds":{"lowerRight":{"x":490.0000000000001,"y":215.00000000000009},"upperLeft":{"x":390.0000000000001,"y":135.00000000000009}},"dockers":[]},{"resourceId":"sid-C807500A-A2C3-45DB-99F3-9221F9AEA5E8","properties":{"overrideid":"","name":"","documentation":"","conditionsequenceflow":"","executionlisteners":"","defaultflow":"false"},"stencil":{"id":"SequenceFlow"},"childShapes":[],"outgoing":[{"resourceId":"sid-38547950-3A53-4CE5-B588-003562A07F3A"}],"bounds":{"lowerRight":{"x":614.7109375000002,"y":175.00000000000009},"upperLeft":{"x":490.4648437500002,"y":175.00000000000009}},"dockers":[{"x":50,"y":40},{"x":14,"y":14}],"target":{"resourceId":"sid-38547950-3A53-4CE5-B588-003562A07F3A"}}],"bounds":{"lowerRight":{"x":1200,"y":1050},"upperLeft":{"x":0,"y":0}},"stencilset":{"url":"stencilsets/bpmn2.0/bpmn2.0.json","namespace":"http://b3mn.org/stencilset/bpmn2.0#"},"ssextensions":[]}