<?xml version='1.0' encoding='UTF-8'?>
<definitions xmlns="http://www.omg.org/spec/BPMN/20100524/MODEL" xmlns:xsi="http://www.w3.org/2001/XMLSchema-instance" xmlns:xsd="http://www.w3.org/2001/XMLSchema" xmlns:activiti="http://activiti.org/bpmn" xmlns:bpmndi="http://www.omg.org/spec/BPMN/20100524/DI" xmlns:omgdc="http://www.omg.org/spec/DD/20100524/DC" xmlns:omgdi="http://www.omg.org/spec/DD/20100524/DI" typeLanguage="http://www.w3.org/2001/XMLSchema" expressionLanguage="http://www.w3.org/1999/XPath" targetNamespace="http://www.activiti.org/processdef" xmlns:modeler="http://activiti.com/modeler" modeler:version="1.0en" modeler:exportDateTime="20180521162423950" modeler:modelId="8008" modeler:modelVersion="2" modeler:modelLastUpdated="1526935099500">
  <process id="MDCTest" name="MDCTest" isExecutable="true">
    <startEvent id="startEvent1">
      <extensionElements>
        <modeler:editor-resource-id><![CDATA[startEvent1]]></modeler:editor-resource-id>
      </extensionElements>
    </startEvent>
    <sequenceFlow id="sid-8638C5F5-A5CB-4B10-89FD-413B42661E9A" sourceRef="startEvent1" targetRef="sid-FBFF95C0-8F15-4CF1-B4C6-BFAB4EF94147">
      <extensionElements>
        <modeler:editor-resource-id><![CDATA[sid-8638C5F5-A5CB-4B10-89FD-413B42661E9A]]></modeler:editor-resource-id>
      </extensionElements>
    </sequenceFlow>
    <endEvent id="sid-38547950-3A53-4CE5-B588-003562A07F3A">
      <extensionElements>
        <modeler:editor-resource-id><![CDATA[sid-38547950-3A53-4CE5-B588-003562A07F3A]]></modeler:editor-resource-id>
      </extensionElements>
    </endEvent>
    <serviceTask id="sid-FBFF95C0-8F15-4CF1-B4C6-BFAB4EF94147" name="Delegate with logger running sync" activiti:delegateExpression="${testMDCJavaDelegate}">
      <extensionElements>
        <modeler:editor-resource-id><![CDATA[sid-FBFF95C0-8F15-4CF1-B4C6-BFAB4EF94147]]></modeler:editor-resource-id>
      </extensionElements>
    </serviceTask>
    <sequenceFlow id="sid-350D2329-514D-4AA1-97E8-94DEBBA71B77" sourceRef="sid-FBFF95C0-8F15-4CF1-B4C6-BFAB4EF94147" targetRef="sid-0C322005-4593-40E3-8994-228E82ED61A0">
      <extensionElements>
        <modeler:editor-resource-id><![CDATA[sid-350D2329-514D-4AA1-97E8-94DEBBA71B77]]></modeler:editor-resource-id>
      </extensionElements>
    </sequenceFlow>
    <serviceTask id="sid-0C322005-4593-40E3-8994-228E82ED61A0" name="Delegate with logger running async" activiti:async="true" activiti:exclusive="false" activiti:delegateExpression="${testMDCJavaDelegate}">
      <extensionElements>
        <modeler:editor-resource-id><![CDATA[sid-0C322005-4593-40E3-8994-228E82ED61A0]]></modeler:editor-resource-id>
      </extensionElements>
    </serviceTask>
    <sequenceFlow id="sid-C807500A-A2C3-45DB-99F3-9221F9AEA5E8" sourceRef="sid-0C322005-4593-40E3-8994-228E82ED61A0" targetRef="sid-38547950-3A53-4CE5-B588-003562A07F3A">
      <extensionElements>
        <modeler:editor-resource-id><![CDATA[sid-C807500A-A2C3-45DB-99F3-9221F9AEA5E8]]></modeler:editor-resource-id>
      </extensionElements>
    </sequenceFlow>
  </process>
  <bpmndi:BPMNDiagram id="BPMNDiagram_MDCTest">
    <bpmndi:BPMNPlane bpmnElement="MDCTest" id="BPMNPlane_MDCTest">
      <bpmndi:BPMNShape bpmnElement="startEvent1" id="BPMNShape_startEvent1">
        <omgdc:Bounds height="30.0" width="30.0" x="100.0" y="163.0"/>
      </bpmndi:BPMNShape>
      <bpmndi:BPMNShape bpmnElement="sid-38547950-3A53-4CE5-B588-003562A07F3A" id="BPMNShape_sid-38547950-3A53-4CE5-B588-003562A07F3A">
        <omgdc:Bounds height="28.0" width="28.0" x="615.0000000000002" y="161.00000000000009"/>
      </bpmndi:BPMNShape>
      <bpmndi:BPMNShape bpmnElement="sid-FBFF95C0-8F15-4CF1-B4C6-BFAB4EF94147" id="BPMNShape_sid-FBFF95C0-8F15-4CF1-B4C6-BFAB4EF94147">
        <omgdc:Bounds height="80.0" width="99.99999999999997" x="195.00000000000003" y="135.00000000000006"/>
      </bpmndi:BPMNShape>
      <bpmndi:BPMNShape bpmnElement="sid-0C322005-4593-40E3-8994-228E82ED61A0" id="BPMNShape_sid-0C322005-4593-40E3-8994-228E82ED61A0">
        <omgdc:Bounds height="80.0" width="100.0" x="390.0000000000001" y="135.00000000000009"/>
      </bpmndi:BPMNShape>
      <bpmndi:BPMNEdge bpmnElement="sid-350D2329-514D-4AA1-97E8-94DEBBA71B77" id="BPMNEdge_sid-350D2329-514D-4AA1-97E8-94DEBBA71B77">
        <omgdi:waypoint x="295.0" y="175.00000000000006"/>
        <omgdi:waypoint x="390.0000000000001" y="175.00000000000006"/>
      </bpmndi:BPMNEdge>
      <bpmndi:BPMNEdge bpmnElement="sid-C807500A-A2C3-45DB-99F3-9221F9AEA5E8" id="BPMNEdge_sid-C807500A-A2C3-45DB-99F3-9221F9AEA5E8">
        <omgdi:waypoint x="490.0000000000001" y="175.00000000000009"/>
        <omgdi:waypoint x="615.0000000000002" y="175.00000000000009"/>
      </bpmndi:BPMNEdge>
      <bpmndi:BPMNEdge bpmnElement="sid-8638C5F5-A5CB-4B10-89FD-413B42661E9A" id="BPMNEdge_sid-8638C5F5-A5CB-4B10-89FD-413B42661E9A">
        <omgdi:waypoint x="129.9960075117219" y="177.65393828819103"/>
        <omgdi:waypoint x="195.00000000000003" y="176.1538461538462"/>
      </bpmndi:BPMNEdge>
    </bpmndi:BPMNPlane>
  </bpmndi:BPMNDiagram>
</definitions>