{"resourceId":18,"properties":{"process_id":"VehicleServiceBooking","name":"Vehicle Service Booking","documentation":"","process_author":"","process_version":"","process_namespace":"http://www.activiti.org/processdef","executionlisteners":"{\"executionListeners\":[]}","eventlisteners":"{\"eventListeners\":[]}","signaldefinitions":"[]","messagedefinitions":"[{\"id\":\"Twilio\",\"name\":\"twilio\"},{\"id\":\"Reschedule\",\"name\":\"reschedule\"},{\"id\":\"cancelAppointment\",\"name\":\"cancelAppointment\"},{\"id\":\"Twilio-Transcription-Wait\",\"name\":\"twilio-transcription\"}]","executionvariables":"[{\"variableName\":\"levelOfSatisfaction\",\"variableType\":\"string\",\"$$hashKey\":\"uiGrid-004Y\"},{\"variableName\":\"changeAppointmentBy\",\"variableType\":\"integer\",\"$$hashKey\":\"uiGrid-0050\"},{\"variableName\":\"customerVoiceMessageUrl\",\"variableType\":\"string\",\"$$hashKey\":\"uiGrid-0052\"},{\"variableName\":\"transcriptionText\",\"variableType\":\"string\",\"$$hashKey\":\"uiGrid-0054\"},{\"variableName\":\"transcriptionSuccess\",\"variableType\":\"boolean\",\"$$hashKey\":\"uiGrid-0056\"},{\"variableName\":\"referenceNumber\",\"variableType\":\"string\",\"$$hashKey\":\"uiGrid-0058\"},{\"variableName\":\"registrationNumber\",\"variableType\":\"string\",\"$$hashKey\":\"uiGrid-005C\"},{\"variableName\":\"decoodaResult\",\"variableType\":\"string\",\"$$hashKey\":\"uiGrid-005E\"},{\"variableName\":\"primaryEmotion\",\"variableType\":\"string\",\"$$hashKey\":\"uiGrid-005G\"},{\"variableName\":\"csrAssignee\",\"variableType\":\"string\",\"$$hashKey\":\"uiGrid-005I\"}]","metadata":""},"stencil":{"id":"BPMNDiagram"},"childShapes":[{"resourceId":"startEvent1","properties":{"overrideid":"start","name":"Start","documentation":"","executionlisteners":{"executionListeners":[]},"initiator":"","formkeydefinition":"","formreference":{"id":19,"name":"Start Form","referenceId":18,"variablesmapping":[]},"fieldstovariables":"","formproperties":"","asynchronousdefinition":false,"exclusivedefinition":false},"stencil":{"id":"StartNoneEvent"},"childShapes":[],"outgoing":[{"resourceId":"sid-11698CBB-310F-4C35-A858-84ACBD0D3C11"}],"bounds":{"lowerRight":{"x":60,"y":410},"upperLeft":{"x":30,"y":380}},"dockers":[]},{"resourceId":"sid-11698CBB-310F-4C35-A858-84ACBD0D3C11","properties":{"overrideid":"sid-11698CBB-310F-4C35-A858-84ACBD0D3C11","name":"","documentation":"","conditionsequenceflow":"","executionlisteners":{"executionListeners":[]},"defaultflow":"false","showdiamondmarker":false},"stencil":{"id":"SequenceFlow"},"childShapes":[],"outgoing":[{"resourceId":"sid-B5371A8B-B3FC-4163-B064-40A4738382BC"}],"bounds":{"lowerRight":{"x":104.6533203125,"y":395},"upperLeft":{"x":60.0625,"y":395}},"dockers":[{"x":15,"y":15},{"x":82.5,"y":395},{"x":30.421875,"y":40}],"target":{"resourceId":"sid-B5371A8B-B3FC-4163-B064-40A4738382BC"}},{"resourceId":"sid-9D2CC4FB-1113-4A6C-9A0F-B75389758AB6","properties":{"overrideid":"service-car","name":"Complete Service Report","documentation":"","asynchronousdefinition":false,"exclusivedefinition":false,"executionlisteners":{"executionListeners":[]},"multiinstance_type":"None","multiinstance_cardinality":"","multiinstance_collection":"","multiinstance_variable":"","multiinstance_condition":"","isforcompensation":false,"usertasksendemail":true,"usertaskassignment":{"assignment":{"type":"idm","idm":{"type":"initiator"}}},"formkeydefinition":"","formreference":{"id":2002,"name":"Service Technician Task Form","referenceId":18},"fieldstovariables":"","duedatedefinition":{"duedateExpression":"${appointmentDate}"},"prioritydefinition":"","categorydefinition":"","formproperties":"","tasklisteners":{"taskListeners":[]},"emailtemplate":""},"stencil":{"id":"UserTask"},"childShapes":[],"outgoing":[{"resourceId":"sid-D89AB8FA-5E4F-4D62-9D19-2D76A7F15095"}],"bounds":{"lowerRight":{"x":490,"y":435},"upperLeft":{"x":390,"y":355}},"dockers":[]},{"resourceId":"sid-1A924B0B-9C0E-436E-BEE0-1834F0B359BD","properties":{"overrideid":"satisfied-gateway","name":"Satisfied?","documentation":"","asynchronousdefinition":false,"exclusivedefinition":false,"sequencefloworder":"","executionlisteners":{"executionListeners":[]}},"stencil":{"id":"ExclusiveGateway"},"childShapes":[],"outgoing":[{"resourceId":"sid-FC7A4A51-B806-431A-B15E-37CE5C742F61"},{"resourceId":"sid-495A84D4-4113-4CEB-BA4A-752D45E427D8"}],"bounds":{"lowerRight":{"x":1120.121096774,"y":415.08374193550003},"upperLeft":{"x":1080.121096774,"y":375.08374193550003}},"dockers":[]},{"resourceId":"sid-DD58A4E5-A292-4C9A-864D-003D39A43190","properties":{"overrideid":"call-customer","name":"Call Customer Back","documentation":"","asynchronousdefinition":false,"exclusivedefinition":false,"executionlisteners":{"executionListeners":[]},"multiinstance_type":"None","multiinstance_cardinality":"","multiinstance_collection":"","multiinstance_variable":"","multiinstance_condition":"","isforcompensation":false,"usertasksendemail":true,"usertaskassignment":{"assignment":{"type":"idm","idm":{"type":"initiator"}}},"formkeydefinition":"","formreference":{"id":2003,"name":"CustomerServiceForm","referenceId":18},"fieldstovariables":"","duedatedefinition":"","prioritydefinition":"","categorydefinition":"","formproperties":"","tasklisteners":{"taskListeners":[]},"emailtemplate":""},"stencil":{"id":"UserTask"},"childShapes":[],"outgoing":[{"resourceId":"sid-E863AF71-D3B8-4DDA-9F8A-D9C3C27A3D65"}],"bounds":{"lowerRight":{"x":1330.4394516129998,"y":555.04187096775},"upperLeft":{"x":1230.4394516129998,"y":475.04187096775}},"dockers":[]},{"resourceId":"sid-19356140-7EC7-4E95-BD48-0E98A90181F5","properties":{"overrideid":"satisfied-end","name":"End","documentation":"","executionlisteners":{"executionListeners":[]},"asynchronousdefinition":false,"exclusivedefinition":false},"stencil":{"id":"EndNoneEvent"},"childShapes":[],"outgoing":[],"bounds":{"lowerRight":{"x":1404.4394516129998,"y":409},"upperLeft":{"x":1376.4394516129998,"y":381}},"dockers":[]},{"resourceId":"sid-66DDB451-A859-4CC2-913B-12A4F38E0881","properties":{"overrideid":"unsatisfied-end","name":"Unsatisfied End","documentation":"","executionlisteners":{"executionListeners":[]},"asynchronousdefinition":false,"exclusivedefinition":false},"stencil":{"id":"EndNoneEvent"},"childShapes":[],"outgoing":[],"bounds":{"lowerRight":{"x":1409.3183548389998,"y":529.04187096775},"upperLeft":{"x":1381.3183548389998,"y":501.04187096775}},"dockers":[]},{"resourceId":"sid-BC7D8428-96DC-42B2-91B4-01B64367DB6C","properties":{"overrideid":"twilio-incoming","name":"Twilio-IncomingCall","documentation":"","executionlisteners":{"executionListeners":[]},"messageref":"Twilio","asynchronousdefinition":false,"exclusivedefinition":false},"stencil":{"id":"CatchMessageEvent"},"childShapes":[],"outgoing":[{"resourceId":"sid-AE7E496E-E79B-4ED5-A7D2-131085AB8E43"}],"bounds":{"lowerRight":{"x":885,"y":410.08374193550003},"upperLeft":{"x":855,"y":380.08374193550003}},"dockers":[{"x":870,"y":395.08374193550003}]},{"resourceId":"sid-E863AF71-D3B8-4DDA-9F8A-D9C3C27A3D65","properties":{"overrideid":"sid-E863AF71-D3B8-4DDA-9F8A-D9C3C27A3D65","name":"","documentation":"","conditionsequenceflow":"","executionlisteners":{"executionListeners":[]},"defaultflow":"false"},"stencil":{"id":"SequenceFlow"},"childShapes":[],"outgoing":[{"resourceId":"sid-66DDB451-A859-4CC2-913B-12A4F38E0881"}],"bounds":{"lowerRight":{"x":1380.855983367203,"y":515.04187096775},"upperLeft":{"x":1330.8014803429214,"y":515.04187096775}},"dockers":[{"x":50,"y":40},{"x":14,"y":14}],"target":{"resourceId":"sid-66DDB451-A859-4CC2-913B-12A4F38E0881"}},{"resourceId":"sid-5CD11026-4E24-4FC7-A7CD-A650CABFDF75","properties":{"overrideid":"sid-5CD11026-4E24-4FC7-A7CD-A650CABFDF75","name":"Reschedule?","documentation":"","asynchronousdefinition":false,"exclusivedefinition":false,"sequencefloworder":"","executionlisteners":{"executionListeners":[]}},"stencil":{"id":"ExclusiveGateway"},"childShapes":[],"outgoing":[{"resourceId":"sid-EEB0E3B0-185A-4C1F-AE83-593C852F38B1"},{"resourceId":"sid-89839B04-4686-4186-A210-EECDABB3CA87"}],"bounds":{"lowerRight":{"x":380,"y":285.66625806449997},"upperLeft":{"x":340,"y":245.66625806449997}},"dockers":[]},{"resourceId":"sid-89839B04-4686-4186-A210-EECDABB3CA87","properties":{"overrideid":"sid-89839B04-4686-4186-A210-EECDABB3CA87","name":"No","documentation":"","conditionsequenceflow":{"expression":{"index":"0","leftRestResponseId":"changeAppointmentBy","rightValue":"0","operator":"==","type":"variables"}},"executionlisteners":{"executionListeners":[]},"defaultflow":"false"},"stencil":{"id":"SequenceFlow"},"childShapes":[],"outgoing":[{"resourceId":"sid-9D2CC4FB-1113-4A6C-9A0F-B75389758AB6"}],"bounds":{"lowerRight":{"x":440,"y":354.59362550402733},"upperLeft":{"x":379.75,"y":265.66625806449997}},"dockers":[{"x":20,"y":20},{"x":440,"y":265.66625806449997},{"x":50,"y":40}],"target":{"resourceId":"sid-9D2CC4FB-1113-4A6C-9A0F-B75389758AB6"}},{"resourceId":"sid-BDAC0ECE-4A83-4CA8-A685-13AC8D583809","properties":{"overrideid":"wait-unitil-appointment-day","name":"Wait Till Appointment Date","documentation":"","executionlisteners":{"executionListeners":[]},"timercycledefinition":"","timerdatedefinition":"${appointmentDate}","timerdurationdefinition":"","asynchronousdefinition":false,"exclusivedefinition":false},"stencil":{"id":"CatchTimerEvent"},"childShapes":[],"outgoing":[{"resourceId":"sid-5D06913A-8B1B-4AF0-A311-A147805DFE55"}],"bounds":{"lowerRight":{"x":286,"y":416},"upperLeft":{"x":255,"y":385}},"dockers":[{"x":270.5,"y":400.5}]},{"resourceId":"sid-C0E3018B-CCC7-46A7-9BDE-093F75682B6A","properties":{"overrideid":"sid-C0E3018B-CCC7-46A7-9BDE-093F75682B6A","name":"","documentation":"","conditionsequenceflow":"","executionlisteners":{"executionListeners":[]},"defaultflow":"false"},"stencil":{"id":"SequenceFlow"},"childShapes":[],"outgoing":[{"resourceId":"sid-BDAC0ECE-4A83-4CA8-A685-13AC8D583809"}],"bounds":{"lowerRight":{"x":270.5,"y":504.61753225807814},"upperLeft":{"x":270.5,"y":416.09965725806643}},"dockers":[{"x":20,"y":20},{"x":15.5,"y":15.5}],"target":{"resourceId":"sid-BDAC0ECE-4A83-4CA8-A685-13AC8D583809"}},{"resourceId":"sid-3DECA79B-BC52-4C43-8DF3-4C4C274322F0","properties":{"overrideid":"sid-3DECA79B-BC52-4C43-8DF3-4C4C274322F0","name":"","documentation":"","conditionsequenceflow":"","executionlisteners":{"executionListeners":[]},"defaultflow":"false"},"stencil":{"id":"SequenceFlow"},"childShapes":[],"outgoing":[{"resourceId":"sid-47D7EC2B-748F-40A1-9BD8-0208D4049162"}],"bounds":{"lowerRight":{"x":344.31640625,"y":525.0837419355},"upperLeft":{"x":290.37890625,"y":525.0837419355}},"dockers":[{"x":20,"y":20},{"x":15,"y":15}],"target":{"resourceId":"sid-47D7EC2B-748F-40A1-9BD8-0208D4049162"}},{"resourceId":"sid-5D06913A-8B1B-4AF0-A311-A147805DFE55","properties":{"overrideid":"sid-5D06913A-8B1B-4AF0-A311-A147805DFE55","name":"","documentation":"","conditionsequenceflow":"","executionlisteners":{"executionListeners":[]},"defaultflow":"false"},"stencil":{"id":"SequenceFlow"},"childShapes":[],"outgoing":[{"resourceId":"sid-5CD11026-4E24-4FC7-A7CD-A650CABFDF75"}],"bounds":{"lowerRight":{"x":360,"y":400.5},"upperLeft":{"x":286.8828125,"y":285.6272530241797}},"dockers":[{"x":15.5,"y":15.5},{"x":360,"y":400.5},{"x":20,"y":20}],"target":{"resourceId":"sid-5CD11026-4E24-4FC7-A7CD-A650CABFDF75"}},{"resourceId":"sid-365ABCD5-705E-44DD-BB70-A045FA60FCD3","properties":{"overrideid":"event-gateway","name":"","documentation":"","asynchronousdefinition":false,"exclusivedefinition":false,"sequencefloworder":"","executionlisteners":{"executionListeners":[]}},"stencil":{"id":"EventGateway"},"childShapes":[],"outgoing":[{"resourceId":"sid-ABD1CA80-23CB-4D67-AA02-AD24C9502AF5"},{"resourceId":"sid-3DECA79B-BC52-4C43-8DF3-4C4C274322F0"},{"resourceId":"sid-C0E3018B-CCC7-46A7-9BDE-093F75682B6A"}],"bounds":{"lowerRight":{"x":290.5,"y":545.0837419355},"upperLeft":{"x":250.5,"y":505.08374193550003}},"dockers":[]},{"resourceId":"sid-4E78FB37-2218-4F32-8461-E3316956A8E0","properties":{"overrideid":"sid-4E78FB37-2218-4F32-8461-E3316956A8E0","name":"","documentation":"","conditionsequenceflow":"","executionlisteners":{"executionListeners":[]},"defaultflow":"false"},"stencil":{"id":"SequenceFlow"},"childShapes":[],"outgoing":[{"resourceId":"sid-5CD11026-4E24-4FC7-A7CD-A650CABFDF75"}],"bounds":{"lowerRight":{"x":360,"y":509.89684828630465},"upperLeft":{"x":360,"y":285.91989944555075}},"dockers":[{"x":15,"y":15},{"x":20,"y":20}],"target":{"resourceId":"sid-5CD11026-4E24-4FC7-A7CD-A650CABFDF75"}},{"resourceId":"sid-47D7EC2B-748F-40A1-9BD8-0208D4049162","properties":{"overrideid":"reschedule","name":"Reschedule Message","documentation":"","executionlisteners":{"executionListeners":[]},"messageref":"Reschedule","asynchronousdefinition":false,"exclusivedefinition":false},"stencil":{"id":"CatchMessageEvent"},"childShapes":[],"outgoing":[{"resourceId":"sid-4E78FB37-2218-4F32-8461-E3316956A8E0"}],"bounds":{"lowerRight":{"x":375,"y":540.0837419355},"upperLeft":{"x":345,"y":510.08374193550003}},"dockers":[{"x":360,"y":525.0837419355}]},{"resourceId":"sid-ABD1CA80-23CB-4D67-AA02-AD24C9502AF5","properties":{"overrideid":"sid-ABD1CA80-23CB-4D67-AA02-AD24C9502AF5","name":"","documentation":"","conditionsequenceflow":"","executionlisteners":{"executionListeners":[]},"defaultflow":"false"},"stencil":{"id":"SequenceFlow"},"childShapes":[],"outgoing":[{"resourceId":"sid-D1953543-59F2-43E0-B88B-E424D0FB556F"}],"bounds":{"lowerRight":{"x":270.5,"y":594.819080645164},"upperLeft":{"x":270.5,"y":544.7685483871094}},"dockers":[{"x":20,"y":20},{"x":15,"y":15}],"target":{"resourceId":"sid-D1953543-59F2-43E0-B88B-E424D0FB556F"}},{"resourceId":"sid-D1953543-59F2-43E0-B88B-E424D0FB556F","properties":{"overrideid":"cancel","name":"Cancel Appointment","documentation":"","executionlisteners":{"executionListeners":[]},"messageref":"cancelAppointment","asynchronousdefinition":false,"exclusivedefinition":false},"stencil":{"id":"CatchMessageEvent"},"childShapes":[],"outgoing":[{"resourceId":"sid-3A78EFAF-2E58-4F41-95DD-733A54A9EAC3"}],"bounds":{"lowerRight":{"x":285.5,"y":625.5},"upperLeft":{"x":255.5,"y":595.5}},"dockers":[{"x":270.5,"y":610.5}]},{"resourceId":"sid-3A78EFAF-2E58-4F41-95DD-733A54A9EAC3","properties":{"overrideid":"sid-3A78EFAF-2E58-4F41-95DD-733A54A9EAC3","name":"","documentation":"","conditionsequenceflow":"","executionlisteners":{"executionListeners":[]},"defaultflow":"false"},"stencil":{"id":"SequenceFlow"},"childShapes":[],"outgoing":[{"resourceId":"sid-535BAF61-8767-49B5-B32F-3D80EAC8CDF8"}],"bounds":{"lowerRight":{"x":425.7578125,"y":610.5},"upperLeft":{"x":286.06640625,"y":610.5}},"dockers":[{"x":15,"y":15},{"x":14,"y":14}],"target":{"resourceId":"sid-535BAF61-8767-49B5-B32F-3D80EAC8CDF8"}},{"resourceId":"sid-535BAF61-8767-49B5-B32F-3D80EAC8CDF8","properties":{"overrideid":"appointment-cancelled","name":"Appointment Cancelled","documentation":"","executionlisteners":{"executionListeners":[]},"asynchronousdefinition":false,"exclusivedefinition":false},"stencil":{"id":"EndTerminateEvent"},"childShapes":[],"outgoing":[],"bounds":{"lowerRight":{"x":454,"y":624.5},"upperLeft":{"x":426,"y":596.5}},"dockers":[]},{"resourceId":"sid-8BD1A113-58EA-4523-8495-1082D4E8E04D","properties":{"overrideid":"post-service-parallel-gateway","name":"","documentation":"","asynchronousdefinition":false,"exclusivedefinition":false,"sequencefloworder":"","executionlisteners":{"executionListeners":[]}},"stencil":{"id":"ParallelGateway"},"childShapes":[],"outgoing":[{"resourceId":"sid-3C398F8E-D8EF-4F9D-9440-4B881F890EE4"},{"resourceId":"sid-09521AF5-DD00-4282-B140-EA925C99DF6F"}],"bounds":{"lowerRight":{"x":700.439451613,"y":415.08374193550003},"upperLeft":{"x":660.439451613,"y":375.08374193550003}},"dockers":[]},{"resourceId":"sid-09521AF5-DD00-4282-B140-EA925C99DF6F","properties":{"overrideid":"sid-09521AF5-DD00-4282-B140-EA925C99DF6F","name":"","documentation":"","conditionsequenceflow":"","executionlisteners":{"executionListeners":[]},"defaultflow":"false"},"stencil":{"id":"SequenceFlow"},"childShapes":[],"outgoing":[{"resourceId":"sid-D7A2AE4B-2D6D-4A0F-90C8-7FB67C594544"}],"bounds":{"lowerRight":{"x":680.4394516130001,"y":374.87333417339846},"upperLeft":{"x":680.4394516130001,"y":306.0981476814453}},"dockers":[{"x":20,"y":20},{"x":50.12109677400002,"y":40.08374193550002}],"target":{"resourceId":"sid-D7A2AE4B-2D6D-4A0F-90C8-7FB67C594544"}},{"resourceId":"sid-3C398F8E-D8EF-4F9D-9440-4B881F890EE4","properties":{"overrideid":"sid-3C398F8E-D8EF-4F9D-9440-4B881F890EE4","name":"","documentation":"","conditionsequenceflow":"","executionlisteners":{"executionListeners":[]},"defaultflow":"false"},"stencil":{"id":"SequenceFlow"},"childShapes":[],"outgoing":[{"resourceId":"sid-BF6FD446-6B4D-42D2-AB8B-1730A61F9D2C"}],"bounds":{"lowerRight":{"x":680.439451613,"y":484.47436693550003},"upperLeft":{"x":680.439451613,"y":415.38061693550003}},"dockers":[{"x":20,"y":20},{"x":50,"y":40}],"target":{"resourceId":"sid-BF6FD446-6B4D-42D2-AB8B-1730A61F9D2C"}},{"resourceId":"sid-EDC07B5F-8BFF-4B3B-962C-E25E2954F5BF","properties":{"overrideid":"sid-EDC07B5F-8BFF-4B3B-962C-E25E2954F5BF","name":"","documentation":"","conditionsequenceflow":"","executionlisteners":{"executionListeners":[]},"defaultflow":"false"},"stencil":{"id":"SequenceFlow"},"childShapes":[],"outgoing":[{"resourceId":"sid-CCFBEB97-F851-43BB-8777-390A209B4151"}],"bounds":{"lowerRight":{"x":785,"y":374.87333417339846},"upperLeft":{"x":731.2690879536797,"y":265.66625806449997}},"dockers":[{"x":50.12109677400002,"y":40.08374193550002},{"x":785,"y":265.66625806449997},{"x":20,"y":20}],"target":{"resourceId":"sid-CCFBEB97-F851-43BB-8777-390A209B4151"}},{"resourceId":"sid-D7A2AE4B-2D6D-4A0F-90C8-7FB67C594544","properties":{"overrideid":"sid-D7A2AE4B-2D6D-4A0F-90C8-7FB67C594544","name":"Publish Service Records to Alfresco","documentation":"","alfresco_cloud_content":{"source":"process","documentType":"cmis:document","documentAspects":[{"aspectName":"cm:titled"}]},"alfresco_cloud_destination":{"account":"alfresco-1","site":"service-records","path":"db609c11-9288-4b47-886e-cfb8382fe088","path_title":"documentLibrary","site_title":"Service Records","publish_as_type":"process_initiator","folder":"referenceNumber"},"executionlisteners":{"executionListeners":[]},"isforcompensation":false,"asynchronousdefinition":true,"exclusivedefinition":true},"stencil":{"id":"PublishToAlfrescoCloudTask"},"childShapes":[],"outgoing":[{"resourceId":"sid-EDC07B5F-8BFF-4B3B-962C-E25E2954F5BF"}],"bounds":{"lowerRight":{"x":730.560548387,"y":305.75},"upperLeft":{"x":630.318354839,"y":225.58251612899997}},"dockers":[]},{"resourceId":"sid-E3431620-0C3A-44B8-A512-4911ACFC5681","properties":{"overrideid":"sid-E3431620-0C3A-44B8-A512-4911ACFC5681","name":"Publish Recording To Alfresco","documentation":"","alfresco_cloud_content":{"source":"process","documentType":"cmis:document","documentAspects":[{"aspectName":"cm:titled"}]},"alfresco_cloud_destination":{"account":"alfresco-1","site":"service-records","path":"db609c11-9288-4b47-886e-cfb8382fe088","path_title":"documentLibrary","site_title":"Service Records","publish_as_type":"process_initiator","folder":"referenceNumber"},"executionlisteners":{"executionListeners":[]},"isforcompensation":false,"asynchronousdefinition":true,"exclusivedefinition":true},"stencil":{"id":"PublishToAlfrescoCloudTask"},"childShapes":[],"outgoing":[{"resourceId":"sid-F01F7B81-FF35-4251-BA17-2BD00F1D59EE"}],"bounds":{"lowerRight":{"x":1151.2421935480002,"y":195.16748387100006},"upperLeft":{"x":1051,"y":115}},"dockers":[]},{"resourceId":"sid-0AF42E6E-5F4A-44F5-9138-447A0761E48D","properties":{"overrideid":"sid-0AF42E6E-5F4A-44F5-9138-447A0761E48D","name":"","documentation":"","conditionsequenceflow":"","executionlisteners":{"executionListeners":[]},"defaultflow":"false"},"stencil":{"id":"SequenceFlow"},"childShapes":[],"outgoing":[{"resourceId":"sid-BC7D8428-96DC-42B2-91B4-01B64367DB6C"}],"bounds":{"lowerRight":{"x":854.390625,"y":395.08374193550003},"upperLeft":{"x":804.59375,"y":395.08374193550003}},"dockers":[{"x":20,"y":20},{"x":15,"y":15}],"target":{"resourceId":"sid-BC7D8428-96DC-42B2-91B4-01B64367DB6C"}},{"resourceId":"sid-CCFBEB97-F851-43BB-8777-390A209B4151","properties":{"overrideid":"sid-CCFBEB97-F851-43BB-8777-390A209B4151","name":"","documentation":"","asynchronousdefinition":false,"exclusivedefinition":false,"sequencefloworder":"","executionlisteners":{"executionListeners":[]}},"stencil":{"id":"ParallelGateway"},"childShapes":[],"outgoing":[{"resourceId":"sid-0AF42E6E-5F4A-44F5-9138-447A0761E48D"}],"bounds":{"lowerRight":{"x":805,"y":415.08374193550003},"upperLeft":{"x":765,"y":375.08374193550003}},"dockers":[]},{"resourceId":"sid-06D96304-C1B0-457E-B938-FDCAD64C997E","properties":{"overrideid":"sid-06D96304-C1B0-457E-B938-FDCAD64C997E","name":"","documentation":"","conditionsequenceflow":"","executionlisteners":{"executionListeners":[]},"defaultflow":"false"},"stencil":{"id":"SequenceFlow"},"childShapes":[],"outgoing":[{"resourceId":"sid-CCFBEB97-F851-43BB-8777-390A209B4151"}],"bounds":{"lowerRight":{"x":785,"y":525.0837419355},"upperLeft":{"x":730.4522086694062,"y":415.38061693550003}},"dockers":[{"x":50,"y":40},{"x":785,"y":525.0837419355},{"x":20,"y":20}],"target":{"resourceId":"sid-CCFBEB97-F851-43BB-8777-390A209B4151"}},{"resourceId":"sid-E99F2235-1BFB-4455-B133-AF5F9374B9FB","properties":{"overrideid":"sid-E99F2235-1BFB-4455-B133-AF5F9374B9FB","name":"","documentation":"","conditionsequenceflow":"","executionlisteners":{"executionListeners":[]},"defaultflow":"false"},"stencil":{"id":"SequenceFlow"},"childShapes":[],"outgoing":[{"resourceId":"sid-E3431620-0C3A-44B8-A512-4911ACFC5681"}],"bounds":{"lowerRight":{"x":1050.6165181450315,"y":155.08374193550003},"upperLeft":{"x":1000.7545786289687,"y":155.08374193550003}},"dockers":[{"x":50,"y":40},{"x":50.12109677400008,"y":40.08374193550003}],"target":{"resourceId":"sid-E3431620-0C3A-44B8-A512-4911ACFC5681"}},{"resourceId":"sid-D8E6C572-C9FE-4DB6-8B2C-15C87C1386D8","properties":{"overrideid":"sid-D8E6C572-C9FE-4DB6-8B2C-15C87C1386D8","name":"Recording Available?","documentation":"","asynchronousdefinition":false,"exclusivedefinition":false,"sequencefloworder":"","executionlisteners":{"executionListeners":[]}},"stencil":{"id":"ExclusiveGateway"},"childShapes":[],"outgoing":[{"resourceId":"sid-73CDB7F9-0FC4-4F7D-BEA9-3D21EBA7FE73"},{"resourceId":"sid-266E3217-3C17-4BED-B5B5-B8415A7FD4DE"}],"bounds":{"lowerRight":{"x":970,"y":415},"upperLeft":{"x":930,"y":375}},"dockers":[]},{"resourceId":"sid-AE7E496E-E79B-4ED5-A7D2-131085AB8E43","properties":{"overrideid":"sid-AE7E496E-E79B-4ED5-A7D2-131085AB8E43","name":"","documentation":"","conditionsequenceflow":"","executionlisteners":{"executionListeners":[]},"defaultflow":"false"},"stencil":{"id":"SequenceFlow"},"childShapes":[],"outgoing":[{"resourceId":"sid-D8E6C572-C9FE-4DB6-8B2C-15C87C1386D8"}],"bounds":{"lowerRight":{"x":930.2500005478677,"y":395.06764778284463},"upperLeft":{"x":885.3749994521323,"y":395.02067378975306}},"dockers":[{"x":15,"y":15},{"x":20,"y":20}],"target":{"resourceId":"sid-D8E6C572-C9FE-4DB6-8B2C-15C87C1386D8"}},{"resourceId":"sid-95F304B5-22F2-47E7-9589-6C92A00A7B5C","properties":{"overrideid":"sid-95F304B5-22F2-47E7-9589-6C92A00A7B5C","name":"","documentation":"","conditionsequenceflow":"","executionlisteners":{"executionListeners":[]},"defaultflow":"false"},"stencil":{"id":"SequenceFlow"},"childShapes":[],"outgoing":[{"resourceId":"sid-1DDF4896-DC48-42E1-9360-F8307D3AC80F"}],"bounds":{"lowerRight":{"x":950.25,"y":249.97951764111718},"upperLeft":{"x":950.25,"y":195.8243336693594}},"dockers":[{"x":15,"y":15},{"x":50,"y":40}],"target":{"resourceId":"sid-1DDF4896-DC48-42E1-9360-F8307D3AC80F"}},{"resourceId":"sid-E2C982F7-6ABF-41C9-984C-12CA77133708","properties":{"overrideid":"sid-E2C982F7-6ABF-41C9-984C-12CA77133708","name":"Twilio Transcription Callback","documentation":"","executionlisteners":{"executionListeners":[]},"messageref":"Twilio-Transcription-Wait","asynchronousdefinition":false,"exclusivedefinition":false},"stencil":{"id":"CatchMessageEvent"},"childShapes":[],"outgoing":[{"resourceId":"sid-95F304B5-22F2-47E7-9589-6C92A00A7B5C"}],"bounds":{"lowerRight":{"x":965.25,"y":280.66625806449997},"upperLeft":{"x":935.25,"y":250.66625806449997}},"dockers":[{"x":950.25,"y":265.66625806449997}]},{"resourceId":"sid-73CDB7F9-0FC4-4F7D-BEA9-3D21EBA7FE73","properties":{"overrideid":"sid-73CDB7F9-0FC4-4F7D-BEA9-3D21EBA7FE73","name":"Yes","documentation":"","conditionsequenceflow":{"expression":{"type":"static","staticValue":"${execution.getVariable('recordingUrl')!=null}"}},"executionlisteners":{"executionListeners":[]},"defaultflow":"false"},"stencil":{"id":"SequenceFlow"},"childShapes":[],"outgoing":[{"resourceId":"sid-E2C982F7-6ABF-41C9-984C-12CA77133708"}],"bounds":{"lowerRight":{"x":950.2207232700274,"y":374.8020245496567},"upperLeft":{"x":950.0390423549726,"y":280.8121342204878}},"dockers":[{"x":20,"y":20},{"x":15,"y":15}],"target":{"resourceId":"sid-E2C982F7-6ABF-41C9-984C-12CA77133708"}},{"resourceId":"sid-1DDF4896-DC48-42E1-9360-F8307D3AC80F","properties":{"name":"Attach Voice Message","documentation":"","asynchronousdefinition":false,"exclusivedefinition":false,"executionlisteners":{"executionListeners":[]},"multiinstance_type":"None","multiinstance_cardinality":"","multiinstance_collection":"","multiinstance_variable":"","multiinstance_condition":"","isforcompensation":false,"servicetaskresultvariable":"","type":"http://b3mn.org/stencilset/bpmn2.0#ScriptTask","scripttext":"import com.activiti.domain.runtime.RelatedContent;\nimport java.io.InputStream;\nif(execution.getVariable('recordingUrl')){\n    InputStream inputStream = new URL(recordingUrl).openStream();\n    RelatedContent content = relatedContentService.createRelatedContent(null, 'customerVoiceMessage.mp3', null, null, null, execution.getProcessInstanceId(), null, \"audio/mpeg\", inputStream, null);\n    execution.setVariable(\"customerVoiceMessageUrl\", \"/activiti-app/app/rest/content/\"+content.getId()+\"/raw\")\n}\n\n","executionvariables":"","overrideid":"sid-D19F4349-F064-4053-A6B7-EE9004C17DCB","scriptformat":"groovy"},"stencil":{"id":"attach_voice_message"},"childShapes":[],"outgoing":[{"resourceId":"sid-E99F2235-1BFB-4455-B133-AF5F9374B9FB"}],"bounds":{"lowerRight":{"x":1000.25,"y":195.08374193550003},"upperLeft":{"x":900.25,"y":115.08374193550003}},"dockers":[]},{"resourceId":"sid-D89AB8FA-5E4F-4D62-9D19-2D76A7F15095","properties":{"overrideid":"","name":"","documentation":"","conditionsequenceflow":"","executionlisteners":"","defaultflow":"false"},"stencil":{"id":"SequenceFlow"},"childShapes":[],"outgoing":[{"resourceId":"sid-3AAAB718-547C-442F-9AC7-8892A149ABE8"}],"bounds":{"lowerRight":{"x":524.4296875,"y":395},"upperLeft":{"x":490.5703125,"y":395}},"dockers":[{"x":50,"y":40},{"x":50,"y":40}],"target":{"resourceId":"sid-3AAAB718-547C-442F-9AC7-8892A149ABE8"}},{"resourceId":"sid-A630A0CF-245E-48C6-B346-B19464A5A05D","properties":{"overrideid":"","name":"","documentation":"","conditionsequenceflow":"","executionlisteners":"","defaultflow":"false"},"stencil":{"id":"SequenceFlow"},"childShapes":[],"outgoing":[{"resourceId":"sid-8BD1A113-58EA-4523-8495-1082D4E8E04D"}],"bounds":{"lowerRight":{"x":660.4933004666802,"y":395.06790033847716},"upperLeft":{"x":625.4247426282027,"y":395.04004825025334}},"dockers":[{"x":50,"y":40},{"x":20,"y":20}],"target":{"resourceId":"sid-8BD1A113-58EA-4523-8495-1082D4E8E04D"}},{"resourceId":"sid-3AAAB718-547C-442F-9AC7-8892A149ABE8","properties":{"overrideid":"","name":"Generate Service Report","documentation":"","generatedocumenttemplate":{"id":1002,"name":"Service Report Template.docx"},"generatedocumenttaskoutputformat":"","executionvariable_document":{"variableName":"serviceRecordFile","variableType":"document"},"generatedocumentfilename":"ServiceReport","exclusivedefinition":"false","isforcompensation":"false","emailtemplate":"","multiinstance_cardinality":"","formkeydefinition":"","formreference":"","multiinstance_condition":"","duedatedefinition":"","prioritydefinition":"","usertasksendemail":true,"formproperties":"","tasklisteners":"","categorydefinition":"","asynchronousdefinition":"false","type":"http://b3mn.org/stencilset/bpmn2.0#UserTask","usertaskassignment":"","multiinstance_type":"None","executionlisteners":"","fieldstovariables":"","multiinstance_variable":"","multiinstance_collection":""},"stencil":{"id":"GenerateDocumentTask"},"childShapes":[],"outgoing":[{"resourceId":"sid-A630A0CF-245E-48C6-B346-B19464A5A05D"}],"bounds":{"lowerRight":{"x":625,"y":435},"upperLeft":{"x":525,"y":355}},"dockers":[]},{"resourceId":"sid-495A84D4-4113-4CEB-BA4A-752D45E427D8","properties":{"overrideid":"sid-495A84D4-4113-4CEB-BA4A-752D45E427D8","name":"Yes","documentation":"","conditionsequenceflow":{"expression":{"index":"0","leftRestResponseId":"levelOfSatisfaction","rightValue":"satisfied","operator":"==","type":"advanced","nextConditionOperator":"or","nextCondition":{"operator":"==","rightValue":"positive","nextConditionOperator":"","leftRestResponseId":"decoodaResult"}}},"executionlisteners":{"executionListeners":[]},"defaultflow":"false"},"stencil":{"id":"SequenceFlow"},"childShapes":[],"outgoing":[{"resourceId":"sid-19356140-7EC7-4E95-BD48-0E98A90181F5"}],"bounds":{"lowerRight":{"x":1375.830778771523,"y":395.0778924989647},"upperLeft":{"x":1120.400049983426,"y":395.0042138518576}},"dockers":[{"x":20,"y":20},{"x":14,"y":14}],"target":{"resourceId":"sid-19356140-7EC7-4E95-BD48-0E98A90181F5"}},{"resourceId":"sid-BF6FD446-6B4D-42D2-AB8B-1730A61F9D2C","properties":{"name":"Email and Text Customer","documentation":"","asynchronousdefinition":false,"exclusivedefinition":false,"executionlisteners":{"executionListeners":[]},"multiinstance_type":"None","multiinstance_cardinality":"","multiinstance_collection":"","multiinstance_variable":"","multiinstance_condition":"","isforcompensation":false,"servicetaskresultvariable":"","type":"http://b3mn.org/stencilset/bpmn2.0#ScriptTask","scripttext":"println \"publish to alfresco\"","executionvariables":"","overrideid":"email-customer","scriptformat":"groovy"},"stencil":{"id":"custom-email"},"childShapes":[],"outgoing":[{"resourceId":"sid-06D96304-C1B0-457E-B938-FDCAD64C997E"}],"bounds":{"lowerRight":{"x":730.439451613,"y":565.0837419355},"upperLeft":{"x":630.439451613,"y":485.08374193550003}},"dockers":[]},{"resourceId":"sid-F01F7B81-FF35-4251-BA17-2BD00F1D59EE","properties":{"overrideid":"","name":"","documentation":"","conditionsequenceflow":"","executionlisteners":"","defaultflow":"false"},"stencil":{"id":"SequenceFlow"},"childShapes":[],"outgoing":[{"resourceId":"sid-A01DF875-F0A8-4D28-9E03-372D55975496"}],"bounds":{"lowerRight":{"x":1100.829154132279,"y":224.95581255321147},"upperLeft":{"x":1100.5341361897215,"y":195.87792938228856}},"dockers":[{"x":50.24219354800008,"y":40.16748387100003},{"x":50,"y":40}],"target":{"resourceId":"sid-A01DF875-F0A8-4D28-9E03-372D55975496"}},{"resourceId":"sid-A01DF875-F0A8-4D28-9E03-372D55975496","properties":{"overrideid":"","name":"Run Business Rules","documentation":"","asynchronousdefinition":"false","exclusivedefinition":"false","executionlisteners":"","multiinstance_type":"None","multiinstance_cardinality":"","multiinstance_collection":"","multiinstance_variable":"","multiinstance_condition":"","isforcompensation":"false","decisiontaskdecisiontablereference":{"id":3003,"name":"CustomerSatisfactionBusinessRules","referenceId":18},"type":"http://b3mn.org/stencilset/bpmn2.0#UserTask","usertaskassignment":"","formkeydefinition":"","formreference":"","formproperties":"","categorydefinition":"","prioritydefinition":"","duedatedefinition":"","fieldstovariables":"","usertasksendemail":true,"tasklisteners":"","emailtemplate":""},"stencil":{"id":"DecisionTask"},"childShapes":[],"outgoing":[{"resourceId":"sid-97D1172B-7F89-42D7-A065-1B6FFAC15A1E"}],"bounds":{"lowerRight":{"x":1150.121096774,"y":305.66625806449997},"upperLeft":{"x":1050.121096774,"y":225.66625806449997}},"dockers":[]},{"resourceId":"sid-E8FA1699-0E71-42B1-90BA-CEB4035657D1","properties":{"overrideid":"call-customer-by-manager","name":"Call Customer Back (Manager)","documentation":"","asynchronousdefinition":false,"exclusivedefinition":false,"executionlisteners":{"executionListeners":[]},"multiinstance_type":"None","multiinstance_cardinality":"","multiinstance_collection":"","multiinstance_variable":"","multiinstance_condition":"","isforcompensation":false,"usertasksendemail":true,"usertaskassignment":{"assignment":{"type":"idm","idm":{"type":"initiator"}}},"formkeydefinition":"","formreference":{"id":2003,"name":"CustomerServiceForm","referenceId":18},"fieldstovariables":"","duedatedefinition":"","prioritydefinition":"","categorydefinition":"","formproperties":"","tasklisteners":{"taskListeners":[]},"emailtemplate":""},"stencil":{"id":"UserTask"},"childShapes":[],"outgoing":[{"resourceId":"sid-4103A213-EA86-4829-A6FB-1DCE5563E9E6"}],"bounds":{"lowerRight":{"x":1331.4394516129998,"y":664.95812903225},"upperLeft":{"x":1231.4394516129998,"y":584.95812903225}},"dockers":[]},{"resourceId":"sid-FDFD197B-37E9-49F4-A1EA-EA481A7E47EB","properties":{"overrideid":"","name":"","documentation":"","executionlisteners":""},"stencil":{"id":"EndNoneEvent"},"childShapes":[],"outgoing":[],"bounds":{"lowerRight":{"x":1404.4394516129998,"y":638.95812903225},"upperLeft":{"x":1376.4394516129998,"y":610.95812903225}},"dockers":[]},{"resourceId":"sid-4103A213-EA86-4829-A6FB-1DCE5563E9E6","properties":{"overrideid":"","name":"","documentation":"","conditionsequenceflow":"","executionlisteners":"","defaultflow":"false"},"stencil":{"id":"SequenceFlow"},"childShapes":[],"outgoing":[{"resourceId":"sid-FDFD197B-37E9-49F4-A1EA-EA481A7E47EB"}],"bounds":{"lowerRight":{"x":1375.8144516129998,"y":624.95812903225},"upperLeft":{"x":1331.8300766129998,"y":624.95812903225}},"dockers":[{"x":50,"y":40},{"x":14,"y":14}],"target":{"resourceId":"sid-FDFD197B-37E9-49F4-A1EA-EA481A7E47EB"}},{"resourceId":"sid-7BA8B95F-C5D3-46BF-BC29-8F06E7453251","properties":{"overrideid":"","name":"Manager Task?","documentation":"","asynchronousdefinition":"false","exclusivedefinition":"false","sequencefloworder":""},"stencil":{"id":"ExclusiveGateway"},"childShapes":[],"outgoing":[{"resourceId":"sid-B29E1A69-C9EF-488D-AD40-8D388D728D61"},{"resourceId":"sid-A690AA05-E5B3-47EB-A103-1E736A5B8672"}],"bounds":{"lowerRight":{"x":1120.121096774,"y":535.04187096775},"upperLeft":{"x":1080.121096774,"y":495.04187096775}},"dockers":[]},{"resourceId":"sid-FC7A4A51-B806-431A-B15E-37CE5C742F61","properties":{"overrideid":"sid-FC7A4A51-B806-431A-B15E-37CE5C742F61","name":"No","documentation":"","conditionsequenceflow":"","executionlisteners":{"executionListeners":[]},"defaultflow":true,"showdiamondmarker":false},"stencil":{"id":"SequenceFlow"},"childShapes":[],"outgoing":[{"resourceId":"sid-7BA8B95F-C5D3-46BF-BC29-8F06E7453251"}],"bounds":{"lowerRight":{"x":1100.5349147398501,"y":494.7792177879381},"upperLeft":{"x":1100.20337255815,"y":414.9053159822475}},"dockers":[{"x":20,"y":20},{"x":20.5,"y":20.5}],"target":{"resourceId":"sid-7BA8B95F-C5D3-46BF-BC29-8F06E7453251"}},{"resourceId":"sid-A690AA05-E5B3-47EB-A103-1E736A5B8672","properties":{"overrideid":"","name":"Yes","documentation":"","conditionsequenceflow":{"expression":{"type":"variables","operator":"==","leftRestResponseId":"csrAssignee","rightValue":"Manager"}},"executionlisteners":"","defaultflow":false},"stencil":{"id":"SequenceFlow"},"childShapes":[],"outgoing":[{"resourceId":"sid-E8FA1699-0E71-42B1-90BA-CEB4035657D1"}],"bounds":{"lowerRight":{"x":1230.996932711711,"y":624.95812903225},"upperLeft":{"x":1100.621096774,"y":535.347790322586}},"dockers":[{"x":20.5,"y":20.5},{"x":1100.621096774,"y":624.95812903225},{"x":50,"y":40}],"target":{"resourceId":"sid-E8FA1699-0E71-42B1-90BA-CEB4035657D1"}},{"resourceId":"sid-B29E1A69-C9EF-488D-AD40-8D388D728D61","properties":{"overrideid":"","name":"No","documentation":"","conditionsequenceflow":"","executionlisteners":"","defaultflow":true},"stencil":{"id":"SequenceFlow"},"childShapes":[],"outgoing":[{"resourceId":"sid-DD58A4E5-A292-4C9A-864D-003D39A43190"}],"bounds":{"lowerRight":{"x":1230.2703740775116,"y":515.4863560197238},"upperLeft":{"x":1120.5863100201252,"y":515.1813702907763}},"dockers":[{"x":20.5,"y":20.5},{"x":50,"y":40}],"target":{"resourceId":"sid-DD58A4E5-A292-4C9A-864D-003D39A43190"}},{"resourceId":"sid-2798DFB9-8E91-4E33-83C3-4CF331CD1735","properties":{"overrideid":"sid-2798DFB9-8E91-4E33-83C3-4CF331CD1735","name":"","documentation":"","conditionsequenceflow":"","executionlisteners":{"executionListeners":[]},"defaultflow":"false","showdiamondmarker":false},"stencil":{"id":"SequenceFlow"},"childShapes":[],"outgoing":[{"resourceId":"sid-365ABCD5-705E-44DD-BB70-A045FA60FCD3"}],"bounds":{"lowerRight":{"x":250.55078125,"y":525.0837419355},"upperLeft":{"x":155,"y":435.7115917338711}},"dockers":[{"x":50,"y":79},{"x":155,"y":525.0837419355},{"x":20,"y":20}],"target":{"resourceId":"sid-365ABCD5-705E-44DD-BB70-A045FA60FCD3"}},{"resourceId":"sid-EEB0E3B0-185A-4C1F-AE83-593C852F38B1","properties":{"overrideid":"sid-EEB0E3B0-185A-4C1F-AE83-593C852F38B1","name":"Yes","documentation":"","conditionsequenceflow":"","executionlisteners":{"executionListeners":[]},"defaultflow":true,"showdiamondmarker":false},"stencil":{"id":"SequenceFlow"},"childShapes":[],"outgoing":[{"resourceId":"sid-B5371A8B-B3FC-4163-B064-40A4738382BC"}],"bounds":{"lowerRight":{"x":339.78125,"y":355},"upperLeft":{"x":155,"y":265.66625806449997}},"dockers":[{"x":20,"y":20},{"x":155,"y":265.66625806449997},{"x":50,"y":1}],"target":{"resourceId":"sid-B5371A8B-B3FC-4163-B064-40A4738382BC"}},{"resourceId":"sid-B5371A8B-B3FC-4163-B064-40A4738382BC","properties":{"name":"Schedule Appointment","documentation":"","asynchronousdefinition":"false","exclusivedefinition":"false","executionlisteners":"","multiinstance_type":"None","multiinstance_cardinality":"","multiinstance_collection":"","multiinstance_variable":"","multiinstance_condition":"","isforcompensation":"false","servicetaskresultvariable":"","type":"http://b3mn.org/stencilset/bpmn2.0#new_item","scriptformat":"groovy","scripttext":"asf","executionvariables":"","overrideid":""},"stencil":{"id":"new_item"},"childShapes":[],"outgoing":[{"resourceId":"sid-2798DFB9-8E91-4E33-83C3-4CF331CD1735"}],"bounds":{"lowerRight":{"x":205,"y":435},"upperLeft":{"x":105,"y":355}},"dockers":[]},{"resourceId":"sid-97D1172B-7F89-42D7-A065-1B6FFAC15A1E","properties":{"overrideid":"","name":"","documentation":"","conditionsequenceflow":"","executionlisteners":"","defaultflow":"false"},"stencil":{"id":"SequenceFlow"},"childShapes":[],"outgoing":[{"resourceId":"sid-1A924B0B-9C0E-436E-BEE0-1834F0B359BD"}],"bounds":{"lowerRight":{"x":1100.121096774,"y":374.87333417339846},"upperLeft":{"x":1100.121096774,"y":306.0981476814453}},"dockers":[{"x":50,"y":40},{"x":20,"y":20}],"target":{"resourceId":"sid-1A924B0B-9C0E-436E-BEE0-1834F0B359BD"}},{"resourceId":"sid-266E3217-3C17-4BED-B5B5-B8415A7FD4DE","properties":{"overrideid":"sid-266E3217-3C17-4BED-B5B5-B8415A7FD4DE","name":"No","documentation":"","conditionsequenceflow":"","executionlisteners":{"executionListeners":[]},"defaultflow":true},"stencil":{"id":"SequenceFlow"},"childShapes":[],"outgoing":[{"resourceId":"sid-1A924B0B-9C0E-436E-BEE0-1834F0B359BD"}],"bounds":{"lowerRight":{"x":1080.3559598328368,"y":395.0727163644214},"upperLeft":{"x":969.7651369411633,"y":395.0110255710786}},"dockers":[{"x":20,"y":20},{"x":20,"y":20}],"target":{"resourceId":"sid-1A924B0B-9C0E-436E-BEE0-1834F0B359BD"}}],"bounds":{"lowerRight":{"x":1509.3183548389998,"y":1050},"upperLeft":{"x":0,"y":0}},"stencilset":{"url":"stencilsets/bpmn2.0/bpmn2.0.json","namespace":"http://b3mn.org/stencilset/bpmn2.0#"},"ssextensions":[]}