<?xml version='1.0' encoding='UTF-8'?>
<definitions xmlns="http://www.omg.org/spec/BPMN/20100524/MODEL" xmlns:xsi="http://www.w3.org/2001/XMLSchema-instance" xmlns:xsd="http://www.w3.org/2001/XMLSchema" xmlns:activiti="http://activiti.org/bpmn" xmlns:bpmndi="http://www.omg.org/spec/BPMN/20100524/DI" xmlns:omgdc="http://www.omg.org/spec/DD/20100524/DC" xmlns:omgdi="http://www.omg.org/spec/DD/20100524/DI" typeLanguage="http://www.w3.org/2001/XMLSchema" expressionLanguage="http://www.w3.org/1999/XPath" targetNamespace="http://www.activiti.org/processdef" xmlns:modeler="http://activiti.com/modeler" modeler:version="1.0en" modeler:exportDateTime="20170223190846543" modeler:modelId="18" modeler:modelVersion="64" modeler:modelLastUpdated="1487876302715" modeler:modelStencilSet="1">
  <message id="Twilio" name="twilio"/>
  <message id="Reschedule" name="reschedule"/>
  <message id="cancelAppointment" name="cancelAppointment"/>
  <message id="Twilio-Transcription-Wait" name="twilio-transcription"/>
  <process id="VehicleServiceBooking" name="Vehicle Service Booking" isExecutable="true">
    <extensionElements>
      <modeler:executionvariables xmlns:modeler="http://activiti.com/modeler" modeler:variableName="levelOfSatisfaction" modeler:variableType="string"/>
      <modeler:executionvariables xmlns:modeler="http://activiti.com/modeler" modeler:variableName="changeAppointmentBy" modeler:variableType="integer"/>
      <modeler:executionvariables xmlns:modeler="http://activiti.com/modeler" modeler:variableName="customerVoiceMessageUrl" modeler:variableType="string"/>
      <modeler:executionvariables xmlns:modeler="http://activiti.com/modeler" modeler:variableName="transcriptionText" modeler:variableType="string"/>
      <modeler:executionvariables xmlns:modeler="http://activiti.com/modeler" modeler:variableName="transcriptionSuccess" modeler:variableType="boolean"/>
      <modeler:executionvariables xmlns:modeler="http://activiti.com/modeler" modeler:variableName="referenceNumber" modeler:variableType="string"/>
      <modeler:executionvariables xmlns:modeler="http://activiti.com/modeler" modeler:variableName="registrationNumber" modeler:variableType="string"/>
      <modeler:executionvariables xmlns:modeler="http://activiti.com/modeler" modeler:variableName="decoodaResult" modeler:variableType="string"/>
      <modeler:executionvariables xmlns:modeler="http://activiti.com/modeler" modeler:variableName="primaryEmotion" modeler:variableType="string"/>
      <modeler:executionvariables xmlns:modeler="http://activiti.com/modeler" modeler:variableName="csrAssignee" modeler:variableType="string"/>
    </extensionElements>
    <startEvent id="start" name="Start" activiti:formKey="19">
      <extensionElements>
        <modeler:form-reference-id><![CDATA[19]]></modeler:form-reference-id>
        <modeler:form-reference-name><![CDATA[Start Form]]></modeler:form-reference-name>
        <modeler:editor-resource-id><![CDATA[startEvent1]]></modeler:editor-resource-id>
      </extensionElements>
    </startEvent>
    <sequenceFlow id="sid-11698CBB-310F-4C35-A858-84ACBD0D3C11" sourceRef="start" targetRef="sid-B5371A8B-B3FC-4163-B064-40A4738382BC">
      <extensionElements>
        <modeler:editor-resource-id><![CDATA[sid-11698CBB-310F-4C35-A858-84ACBD0D3C11]]></modeler:editor-resource-id>
      </extensionElements>
    </sequenceFlow>
    <userTask id="service-car" name="Complete Service Report" activiti:assignee="$INITIATOR" activiti:dueDate="${appointmentDate}" activiti:formKey="2002">
      <extensionElements>
        <modeler:allow-send-email><![CDATA[true]]></modeler:allow-send-email>
        <modeler:form-reference-id><![CDATA[2002]]></modeler:form-reference-id>
        <modeler:form-reference-name><![CDATA[Service Technician Task Form]]></modeler:form-reference-name>
        <modeler:activiti-idm-initiator><![CDATA[true]]></modeler:activiti-idm-initiator>
        <modeler:initiator-can-complete><![CDATA[false]]></modeler:initiator-can-complete>
        <modeler:editor-resource-id><![CDATA[sid-9D2CC4FB-1113-4A6C-9A0F-B75389758AB6]]></modeler:editor-resource-id>
      </extensionElements>
    </userTask>
    <exclusiveGateway id="satisfied-gateway" name="Satisfied?" default="sid-FC7A4A51-B806-431A-B15E-37CE5C742F61">
      <extensionElements>
        <modeler:editor-resource-id><![CDATA[sid-1A924B0B-9C0E-436E-BEE0-1834F0B359BD]]></modeler:editor-resource-id>
      </extensionElements>
    </exclusiveGateway>
    <userTask id="call-customer" name="Call Customer Back" activiti:assignee="$INITIATOR" activiti:formKey="2003">
      <extensionElements>
        <modeler:allow-send-email><![CDATA[true]]></modeler:allow-send-email>
        <modeler:form-reference-id><![CDATA[2003]]></modeler:form-reference-id>
        <modeler:form-reference-name><![CDATA[CustomerServiceForm]]></modeler:form-reference-name>
        <modeler:activiti-idm-initiator><![CDATA[true]]></modeler:activiti-idm-initiator>
        <modeler:initiator-can-complete><![CDATA[false]]></modeler:initiator-can-complete>
        <modeler:editor-resource-id><![CDATA[sid-DD58A4E5-A292-4C9A-864D-003D39A43190]]></modeler:editor-resource-id>
      </extensionElements>
    </userTask>
    <endEvent id="satisfied-end" name="End">
      <extensionElements>
        <modeler:editor-resource-id><![CDATA[sid-19356140-7EC7-4E95-BD48-0E98A90181F5]]></modeler:editor-resource-id>
      </extensionElements>
    </endEvent>
    <endEvent id="unsatisfied-end" name="Unsatisfied End">
      <extensionElements>
        <modeler:editor-resource-id><![CDATA[sid-66DDB451-A859-4CC2-913B-12A4F38E0881]]></modeler:editor-resource-id>
      </extensionElements>
    </endEvent>
    <intermediateCatchEvent id="twilio-incoming" name="Twilio-IncomingCall">
      <extensionElements>
        <modeler:editor-resource-id><![CDATA[sid-BC7D8428-96DC-42B2-91B4-01B64367DB6C]]></modeler:editor-resource-id>
      </extensionElements>
      <messageEventDefinition messageRef="Twilio"/>
    </intermediateCatchEvent>
    <sequenceFlow id="sid-E863AF71-D3B8-4DDA-9F8A-D9C3C27A3D65" sourceRef="call-customer" targetRef="unsatisfied-end">
      <extensionElements>
        <modeler:editor-resource-id><![CDATA[sid-E863AF71-D3B8-4DDA-9F8A-D9C3C27A3D65]]></modeler:editor-resource-id>
      </extensionElements>
    </sequenceFlow>
    <exclusiveGateway id="sid-5CD11026-4E24-4FC7-A7CD-A650CABFDF75" name="Reschedule?" default="sid-EEB0E3B0-185A-4C1F-AE83-593C852F38B1">
      <extensionElements>
        <modeler:editor-resource-id><![CDATA[sid-5CD11026-4E24-4FC7-A7CD-A650CABFDF75]]></modeler:editor-resource-id>
      </extensionElements>
    </exclusiveGateway>
    <sequenceFlow id="sid-89839B04-4686-4186-A210-EECDABB3CA87" name="No" sourceRef="sid-5CD11026-4E24-4FC7-A7CD-A650CABFDF75" targetRef="service-car">
      <extensionElements>
        <modeler:conditionDefinition modeler:index="0" modeler:leftRestResponseId="changeAppointmentBy" modeler:rightValue="0" modeler:operator="=="/>
        <modeler:editor-resource-id><![CDATA[sid-89839B04-4686-4186-A210-EECDABB3CA87]]></modeler:editor-resource-id>
      </extensionElements>
      <conditionExpression xsi:type="tFormalExpression"><![CDATA[${(activiti_flowConditionsBean.exists(execution, 'changeAppointmentBy') && changeAppointmentBy == 0)}]]></conditionExpression>
    </sequenceFlow>
    <intermediateCatchEvent id="wait-unitil-appointment-day" name="Wait Till Appointment Date">
      <extensionElements>
        <modeler:editor-resource-id><![CDATA[sid-BDAC0ECE-4A83-4CA8-A685-13AC8D583809]]></modeler:editor-resource-id>
      </extensionElements>
      <timerEventDefinition>
        <timeDate>${appointmentDate}</timeDate>
      </timerEventDefinition>
    </intermediateCatchEvent>
    <sequenceFlow id="sid-C0E3018B-CCC7-46A7-9BDE-093F75682B6A" sourceRef="event-gateway" targetRef="wait-unitil-appointment-day">
      <extensionElements>
        <modeler:editor-resource-id><![CDATA[sid-C0E3018B-CCC7-46A7-9BDE-093F75682B6A]]></modeler:editor-resource-id>
      </extensionElements>
    </sequenceFlow>
    <sequenceFlow id="sid-3DECA79B-BC52-4C43-8DF3-4C4C274322F0" sourceRef="event-gateway" targetRef="reschedule">
      <extensionElements>
        <modeler:editor-resource-id><![CDATA[sid-3DECA79B-BC52-4C43-8DF3-4C4C274322F0]]></modeler:editor-resource-id>
      </extensionElements>
    </sequenceFlow>
    <sequenceFlow id="sid-5D06913A-8B1B-4AF0-A311-A147805DFE55" sourceRef="wait-unitil-appointment-day" targetRef="sid-5CD11026-4E24-4FC7-A7CD-A650CABFDF75">
      <extensionElements>
        <modeler:editor-resource-id><![CDATA[sid-5D06913A-8B1B-4AF0-A311-A147805DFE55]]></modeler:editor-resource-id>
      </extensionElements>
    </sequenceFlow>
    <eventBasedGateway id="event-gateway">
      <extensionElements>
        <modeler:editor-resource-id><![CDATA[sid-365ABCD5-705E-44DD-BB70-A045FA60FCD3]]></modeler:editor-resource-id>
      </extensionElements>
    </eventBasedGateway>
    <sequenceFlow id="sid-4E78FB37-2218-4F32-8461-E3316956A8E0" sourceRef="reschedule" targetRef="sid-5CD11026-4E24-4FC7-A7CD-A650CABFDF75">
      <extensionElements>
        <modeler:editor-resource-id><![CDATA[sid-4E78FB37-2218-4F32-8461-E3316956A8E0]]></modeler:editor-resource-id>
      </extensionElements>
    </sequenceFlow>
    <intermediateCatchEvent id="reschedule" name="Reschedule Message">
      <extensionElements>
        <modeler:editor-resource-id><![CDATA[sid-47D7EC2B-748F-40A1-9BD8-0208D4049162]]></modeler:editor-resource-id>
      </extensionElements>
      <messageEventDefinition messageRef="Reschedule"/>
    </intermediateCatchEvent>
    <sequenceFlow id="sid-ABD1CA80-23CB-4D67-AA02-AD24C9502AF5" sourceRef="event-gateway" targetRef="cancel">
      <extensionElements>
        <modeler:editor-resource-id><![CDATA[sid-ABD1CA80-23CB-4D67-AA02-AD24C9502AF5]]></modeler:editor-resource-id>
      </extensionElements>
    </sequenceFlow>
    <intermediateCatchEvent id="cancel" name="Cancel Appointment">
      <extensionElements>
        <modeler:editor-resource-id><![CDATA[sid-D1953543-59F2-43E0-B88B-E424D0FB556F]]></modeler:editor-resource-id>
      </extensionElements>
      <messageEventDefinition messageRef="cancelAppointment"/>
    </intermediateCatchEvent>
    <sequenceFlow id="sid-3A78EFAF-2E58-4F41-95DD-733A54A9EAC3" sourceRef="cancel" targetRef="appointment-cancelled">
      <extensionElements>
        <modeler:editor-resource-id><![CDATA[sid-3A78EFAF-2E58-4F41-95DD-733A54A9EAC3]]></modeler:editor-resource-id>
      </extensionElements>
    </sequenceFlow>
    <endEvent id="appointment-cancelled" name="Appointment Cancelled">
      <extensionElements>
        <modeler:editor-resource-id><![CDATA[sid-535BAF61-8767-49B5-B32F-3D80EAC8CDF8]]></modeler:editor-resource-id>
      </extensionElements>
      <terminateEventDefinition/>
    </endEvent>
    <parallelGateway id="post-service-parallel-gateway">
      <extensionElements>
        <modeler:editor-resource-id><![CDATA[sid-8BD1A113-58EA-4523-8495-1082D4E8E04D]]></modeler:editor-resource-id>
      </extensionElements>
    </parallelGateway>
    <sequenceFlow id="sid-09521AF5-DD00-4282-B140-EA925C99DF6F" sourceRef="post-service-parallel-gateway" targetRef="sid-D7A2AE4B-2D6D-4A0F-90C8-7FB67C594544">
      <extensionElements>
        <modeler:editor-resource-id><![CDATA[sid-09521AF5-DD00-4282-B140-EA925C99DF6F]]></modeler:editor-resource-id>
      </extensionElements>
    </sequenceFlow>
    <sequenceFlow id="sid-3C398F8E-D8EF-4F9D-9440-4B881F890EE4" sourceRef="post-service-parallel-gateway" targetRef="email-customer">
      <extensionElements>
        <modeler:editor-resource-id><![CDATA[sid-3C398F8E-D8EF-4F9D-9440-4B881F890EE4]]></modeler:editor-resource-id>
      </extensionElements>
    </sequenceFlow>
    <sequenceFlow id="sid-EDC07B5F-8BFF-4B3B-962C-E25E2954F5BF" sourceRef="sid-D7A2AE4B-2D6D-4A0F-90C8-7FB67C594544" targetRef="sid-CCFBEB97-F851-43BB-8777-390A209B4151">
      <extensionElements>
        <modeler:editor-resource-id><![CDATA[sid-EDC07B5F-8BFF-4B3B-962C-E25E2954F5BF]]></modeler:editor-resource-id>
      </extensionElements>
    </sequenceFlow>
    <serviceTask id="sid-D7A2AE4B-2D6D-4A0F-90C8-7FB67C594544" name="Publish Service Records to Alfresco" activiti:async="true" activiti:class="com.activiti.runtime.activiti.KickstartAlfrescoPublishDelegate">
      <extensionElements>
        <activiti:field name="relatedContentService">
          <activiti:expression><![CDATA[${relatedContentService}]]></activiti:expression>
        </activiti:field>
        <activiti:field name="relatedContentProcessor">
          <activiti:expression><![CDATA[${relatedContentProcessor}]]></activiti:expression>
        </activiti:field>
        <activiti:field name="historyService">
          <activiti:expression><![CDATA[${historyService}]]></activiti:expression>
        </activiti:field>
        <activiti:field name="alfrescoMetadataProcessor">
          <activiti:expression><![CDATA[${alfrescoMetadataProcessor}]]></activiti:expression>
        </activiti:field>
        <activiti:field name="contentSource">
          <activiti:string><![CDATA[process]]></activiti:string>
        </activiti:field>
        <activiti:field name="documentType">
          <activiti:string><![CDATA[cmis:document]]></activiti:string>
        </activiti:field>
        <activiti:field name="documentAspects">
          <activiti:string><![CDATA[[{"aspectName":"cm:titled"}]]]></activiti:string>
        </activiti:field>
        <activiti:field name="account">
          <activiti:string><![CDATA[alfresco-1]]></activiti:string>
        </activiti:field>
        <activiti:field name="site">
          <activiti:string><![CDATA[service-records]]></activiti:string>
        </activiti:field>
        <activiti:field name="publishAsType">
          <activiti:string><![CDATA[process_initiator]]></activiti:string>
        </activiti:field>
        <activiti:field name="path">
          <activiti:string><![CDATA[db609c11-9288-4b47-886e-cfb8382fe088]]></activiti:string>
        </activiti:field>
        <activiti:field name="createFolder">
          <activiti:expression><![CDATA[${referenceNumber}]]></activiti:expression>
        </activiti:field>
        <modeler:site_title><![CDATA[Service Records]]></modeler:site_title>
        <modeler:path_title><![CDATA[documentLibrary]]></modeler:path_title>
        <modeler:editor-resource-id><![CDATA[sid-D7A2AE4B-2D6D-4A0F-90C8-7FB67C594544]]></modeler:editor-resource-id>
      </extensionElements>
    </serviceTask>
    <serviceTask id="sid-E3431620-0C3A-44B8-A512-4911ACFC5681" name="Publish Recording To Alfresco" activiti:async="true" activiti:class="com.activiti.runtime.activiti.KickstartAlfrescoPublishDelegate">
      <extensionElements>
        <activiti:field name="relatedContentService">
          <activiti:expression><![CDATA[${relatedContentService}]]></activiti:expression>
        </activiti:field>
        <activiti:field name="relatedContentProcessor">
          <activiti:expression><![CDATA[${relatedContentProcessor}]]></activiti:expression>
        </activiti:field>
        <activiti:field name="historyService">
          <activiti:expression><![CDATA[${historyService}]]></activiti:expression>
        </activiti:field>
        <activiti:field name="alfrescoMetadataProcessor">
          <activiti:expression><![CDATA[${alfrescoMetadataProcessor}]]></activiti:expression>
        </activiti:field>
        <activiti:field name="contentSource">
          <activiti:string><![CDATA[process]]></activiti:string>
        </activiti:field>
        <activiti:field name="documentType">
          <activiti:string><![CDATA[cmis:document]]></activiti:string>
        </activiti:field>
        <activiti:field name="documentAspects">
          <activiti:string><![CDATA[[{"aspectName":"cm:titled"}]]]></activiti:string>
        </activiti:field>
        <activiti:field name="account">
          <activiti:string><![CDATA[alfresco-1]]></activiti:string>
        </activiti:field>
        <activiti:field name="site">
          <activiti:string><![CDATA[service-records]]></activiti:string>
        </activiti:field>
        <activiti:field name="publishAsType">
          <activiti:string><![CDATA[process_initiator]]></activiti:string>
        </activiti:field>
        <activiti:field name="path">
          <activiti:string><![CDATA[db609c11-9288-4b47-886e-cfb8382fe088]]></activiti:string>
        </activiti:field>
        <activiti:field name="createFolder">
          <activiti:expression><![CDATA[${referenceNumber}]]></activiti:expression>
        </activiti:field>
        <modeler:site_title><![CDATA[Service Records]]></modeler:site_title>
        <modeler:path_title><![CDATA[documentLibrary]]></modeler:path_title>
        <modeler:editor-resource-id><![CDATA[sid-E3431620-0C3A-44B8-A512-4911ACFC5681]]></modeler:editor-resource-id>
      </extensionElements>
    </serviceTask>
    <sequenceFlow id="sid-0AF42E6E-5F4A-44F5-9138-447A0761E48D" sourceRef="sid-CCFBEB97-F851-43BB-8777-390A209B4151" targetRef="twilio-incoming">
      <extensionElements>
        <modeler:editor-resource-id><![CDATA[sid-0AF42E6E-5F4A-44F5-9138-447A0761E48D]]></modeler:editor-resource-id>
      </extensionElements>
    </sequenceFlow>
    <parallelGateway id="sid-CCFBEB97-F851-43BB-8777-390A209B4151">
      <extensionElements>
        <modeler:editor-resource-id><![CDATA[sid-CCFBEB97-F851-43BB-8777-390A209B4151]]></modeler:editor-resource-id>
      </extensionElements>
    </parallelGateway>
    <sequenceFlow id="sid-06D96304-C1B0-457E-B938-FDCAD64C997E" sourceRef="email-customer" targetRef="sid-CCFBEB97-F851-43BB-8777-390A209B4151">
      <extensionElements>
        <modeler:editor-resource-id><![CDATA[sid-06D96304-C1B0-457E-B938-FDCAD64C997E]]></modeler:editor-resource-id>
      </extensionElements>
    </sequenceFlow>
    <sequenceFlow id="sid-E99F2235-1BFB-4455-B133-AF5F9374B9FB" sourceRef="sid-D19F4349-F064-4053-A6B7-EE9004C17DCB" targetRef="sid-E3431620-0C3A-44B8-A512-4911ACFC5681">
      <extensionElements>
        <modeler:editor-resource-id><![CDATA[sid-E99F2235-1BFB-4455-B133-AF5F9374B9FB]]></modeler:editor-resource-id>
      </extensionElements>
    </sequenceFlow>
    <exclusiveGateway id="sid-D8E6C572-C9FE-4DB6-8B2C-15C87C1386D8" name="Recording Available?" default="sid-266E3217-3C17-4BED-B5B5-B8415A7FD4DE">
      <extensionElements>
        <modeler:editor-resource-id><![CDATA[sid-D8E6C572-C9FE-4DB6-8B2C-15C87C1386D8]]></modeler:editor-resource-id>
      </extensionElements>
    </exclusiveGateway>
    <sequenceFlow id="sid-AE7E496E-E79B-4ED5-A7D2-131085AB8E43" sourceRef="twilio-incoming" targetRef="sid-D8E6C572-C9FE-4DB6-8B2C-15C87C1386D8">
      <extensionElements>
        <modeler:editor-resource-id><![CDATA[sid-AE7E496E-E79B-4ED5-A7D2-131085AB8E43]]></modeler:editor-resource-id>
      </extensionElements>
    </sequenceFlow>
    <sequenceFlow id="sid-95F304B5-22F2-47E7-9589-6C92A00A7B5C" sourceRef="sid-E2C982F7-6ABF-41C9-984C-12CA77133708" targetRef="sid-D19F4349-F064-4053-A6B7-EE9004C17DCB">
      <extensionElements>
        <modeler:editor-resource-id><![CDATA[sid-95F304B5-22F2-47E7-9589-6C92A00A7B5C]]></modeler:editor-resource-id>
      </extensionElements>
    </sequenceFlow>
    <intermediateCatchEvent id="sid-E2C982F7-6ABF-41C9-984C-12CA77133708" name="Twilio Transcription Callback">
      <extensionElements>
        <modeler:editor-resource-id><![CDATA[sid-E2C982F7-6ABF-41C9-984C-12CA77133708]]></modeler:editor-resource-id>
      </extensionElements>
      <messageEventDefinition messageRef="Twilio-Transcription-Wait"/>
    </intermediateCatchEvent>
    <sequenceFlow id="sid-73CDB7F9-0FC4-4F7D-BEA9-3D21EBA7FE73" name="Yes" sourceRef="sid-D8E6C572-C9FE-4DB6-8B2C-15C87C1386D8" targetRef="sid-E2C982F7-6ABF-41C9-984C-12CA77133708">
      <extensionElements>
        <modeler:editor-resource-id><![CDATA[sid-73CDB7F9-0FC4-4F7D-BEA9-3D21EBA7FE73]]></modeler:editor-resource-id>
      </extensionElements>
      <conditionExpression xsi:type="tFormalExpression"><![CDATA[${execution.getVariable('recordingUrl')!=null}]]></conditionExpression>
    </sequenceFlow>
    <scriptTask id="sid-D19F4349-F064-4053-A6B7-EE9004C17DCB" name="Attach Voice Message" scriptFormat="groovy" activiti:autoStoreVariables="false">
      <extensionElements>
        <modeler:activiti-extension-id><![CDATA[attach_voice_message]]></modeler:activiti-extension-id>
        <modeler:editor-resource-id><![CDATA[sid-1DDF4896-DC48-42E1-9360-F8307D3AC80F]]></modeler:editor-resource-id>
      </extensionElements>
      <script><![CDATA[import com.activiti.domain.runtime.RelatedContent;
import java.io.InputStream;
if(execution.getVariable('recordingUrl')){
    InputStream inputStream = new URL(recordingUrl).openStream();
    RelatedContent content = relatedContentService.createRelatedContent(userInfoBean.getUser(2, execution), 'customerVoiceMessage.mp3', null, null, null, execution.getProcessInstanceId(), "attach", "audio/mpeg", inputStream, null);
    execution.setVariable("customerVoiceMessageUrl", "/activiti-app/app/rest/content/"+content.getId()+"/raw")
}]]></script>
    </scriptTask>
    <sequenceFlow id="sid-D89AB8FA-5E4F-4D62-9D19-2D76A7F15095" sourceRef="service-car" targetRef="sid-3AAAB718-547C-442F-9AC7-8892A149ABE8">
      <extensionElements>
        <modeler:editor-resource-id><![CDATA[sid-D89AB8FA-5E4F-4D62-9D19-2D76A7F15095]]></modeler:editor-resource-id>
      </extensionElements>
    </sequenceFlow>
    <sequenceFlow id="sid-A630A0CF-245E-48C6-B346-B19464A5A05D" sourceRef="sid-3AAAB718-547C-442F-9AC7-8892A149ABE8" targetRef="post-service-parallel-gateway">
      <extensionElements>
        <modeler:editor-resource-id><![CDATA[sid-A630A0CF-245E-48C6-B346-B19464A5A05D]]></modeler:editor-resource-id>
      </extensionElements>
    </sequenceFlow>
    <serviceTask id="sid-3AAAB718-547C-442F-9AC7-8892A149ABE8" name="Generate Service Report" activiti:async="true" activiti:delegateExpression="${activiti_generateDocumentDelegate}">
      <extensionElements>
        <activiti:field name="outputFormat">
          <activiti:string><![CDATA[pdf]]></activiti:string>
        </activiti:field>
        <activiti:field name="templateId">
          <activiti:string><![CDATA[1002]]></activiti:string>
        </activiti:field>
        <activiti:field name="templateName">
          <activiti:string><![CDATA[Service Report Template.docx]]></activiti:string>
        </activiti:field>
        <activiti:field name="fileName">
          <activiti:string><![CDATA[ServiceReport]]></activiti:string>
        </activiti:field>
        <activiti:field name="variableName">
          <activiti:string><![CDATA[serviceRecordFile]]></activiti:string>
        </activiti:field>
        <activiti:executionListener event="start" class="com.activiti.runtime.activiti.ContentProcessorExecutionListener">
          <activiti:field name="externalContentHandler">
            <activiti:expression><![CDATA[${externalContentHandler}]]></activiti:expression>
          </activiti:field>
        </activiti:executionListener>
        <modeler:executionvariables modeler:variableName="serviceRecordFile" modeler:variableType="document"/>
        <modeler:editor-resource-id><![CDATA[sid-3AAAB718-547C-442F-9AC7-8892A149ABE8]]></modeler:editor-resource-id>
        <modeler:ignore-listener-on-import><![CDATA[com.activiti.runtime.activiti.ContentProcessorExecutionListener]]></modeler:ignore-listener-on-import>
      </extensionElements>
    </serviceTask>
    <sequenceFlow id="sid-495A84D4-4113-4CEB-BA4A-752D45E427D8" name="Yes" sourceRef="satisfied-gateway" targetRef="satisfied-end">
      <extensionElements>
        <modeler:conditionDefinition modeler:index="0" modeler:leftRestResponseId="levelOfSatisfaction" modeler:rightValue="satisfied" modeler:operator="==" modeler:nextConditionOperator="or"/>
        <modeler:conditionDefinition modeler:index="1" modeler:leftRestResponseId="decoodaResult" modeler:rightValue="positive" modeler:operator="=="/>
        <modeler:editor-resource-id><![CDATA[sid-495A84D4-4113-4CEB-BA4A-752D45E427D8]]></modeler:editor-resource-id>
      </extensionElements>
      <conditionExpression xsi:type="tFormalExpression"><![CDATA[${(activiti_flowConditionsBean.exists(execution, 'levelOfSatisfaction') && levelOfSatisfaction == 'satisfied')or(activiti_flowConditionsBean.exists(execution, 'decoodaResult') && decoodaResult == 'positive')}]]></conditionExpression>
    </sequenceFlow>
    <serviceTask id="email-customer" name="Email and Text Customer" activiti:async="true" activiti:exclusive="false" activiti:delegateExpression="${customEmailSender}" activiti:extensionId="custom-email">
      <extensionElements>
        <modeler:editor-resource-id><![CDATA[sid-BF6FD446-6B4D-42D2-AB8B-1730A61F9D2C]]></modeler:editor-resource-id>
      </extensionElements>
    </serviceTask>
    <sequenceFlow id="sid-F01F7B81-FF35-4251-BA17-2BD00F1D59EE" sourceRef="sid-E3431620-0C3A-44B8-A512-4911ACFC5681" targetRef="sid-A01DF875-F0A8-4D28-9E03-372D55975496">
      <extensionElements>
        <modeler:editor-resource-id><![CDATA[sid-F01F7B81-FF35-4251-BA17-2BD00F1D59EE]]></modeler:editor-resource-id>
      </extensionElements>
    </sequenceFlow>
    <serviceTask id="sid-A01DF875-F0A8-4D28-9E03-372D55975496" name="Run Business Rules" activiti:delegateExpression="${activiti_executeDecisionDelegate}">
      <extensionElements>
        <activiti:field name="decisionTableReferenceKey">
          <activiti:string><![CDATA[CustomerSatisfactionBusinessRules]]></activiti:string>
        </activiti:field>
        <modeler:decisiontable-reference modeler:decisiontablereferenceid="3003" modeler:decisiontablereferencename="CustomerSatisfactionBusinessRules"/>
        <modeler:editor-resource-id><![CDATA[sid-A01DF875-F0A8-4D28-9E03-372D55975496]]></modeler:editor-resource-id>
      </extensionElements>
    </serviceTask>
    <userTask id="call-customer-by-manager" name="Call Customer Back (Manager)" activiti:assignee="$INITIATOR" activiti:formKey="2003">
      <extensionElements>
        <modeler:allow-send-email><![CDATA[true]]></modeler:allow-send-email>
        <modeler:form-reference-id><![CDATA[2003]]></modeler:form-reference-id>
        <modeler:form-reference-name><![CDATA[CustomerServiceForm]]></modeler:form-reference-name>
        <modeler:activiti-idm-initiator><![CDATA[true]]></modeler:activiti-idm-initiator>
        <modeler:initiator-can-complete><![CDATA[false]]></modeler:initiator-can-complete>
        <modeler:editor-resource-id><![CDATA[sid-E8FA1699-0E71-42B1-90BA-CEB4035657D1]]></modeler:editor-resource-id>
      </extensionElements>
    </userTask>
    <endEvent id="sid-FDFD197B-37E9-49F4-A1EA-EA481A7E47EB">
      <extensionElements>
        <modeler:editor-resource-id><![CDATA[sid-FDFD197B-37E9-49F4-A1EA-EA481A7E47EB]]></modeler:editor-resource-id>
      </extensionElements>
    </endEvent>
    <sequenceFlow id="sid-4103A213-EA86-4829-A6FB-1DCE5563E9E6" sourceRef="call-customer-by-manager" targetRef="sid-FDFD197B-37E9-49F4-A1EA-EA481A7E47EB">
      <extensionElements>
        <modeler:editor-resource-id><![CDATA[sid-4103A213-EA86-4829-A6FB-1DCE5563E9E6]]></modeler:editor-resource-id>
      </extensionElements>
    </sequenceFlow>
    <exclusiveGateway id="sid-7BA8B95F-C5D3-46BF-BC29-8F06E7453251" name="Manager Task?" default="sid-B29E1A69-C9EF-488D-AD40-8D388D728D61">
      <extensionElements>
        <modeler:editor-resource-id><![CDATA[sid-7BA8B95F-C5D3-46BF-BC29-8F06E7453251]]></modeler:editor-resource-id>
      </extensionElements>
    </exclusiveGateway>
    <sequenceFlow id="sid-FC7A4A51-B806-431A-B15E-37CE5C742F61" name="No" sourceRef="satisfied-gateway" targetRef="sid-7BA8B95F-C5D3-46BF-BC29-8F06E7453251">
      <extensionElements>
        <modeler:editor-resource-id><![CDATA[sid-FC7A4A51-B806-431A-B15E-37CE5C742F61]]></modeler:editor-resource-id>
      </extensionElements>
    </sequenceFlow>
    <sequenceFlow id="sid-A690AA05-E5B3-47EB-A103-1E736A5B8672" name="Yes" sourceRef="sid-7BA8B95F-C5D3-46BF-BC29-8F06E7453251" targetRef="call-customer-by-manager">
      <extensionElements>
        <modeler:conditionDefinition modeler:index="0" modeler:leftRestResponseId="csrAssignee" modeler:rightValue="Manager" modeler:operator="=="/>
        <modeler:editor-resource-id><![CDATA[sid-A690AA05-E5B3-47EB-A103-1E736A5B8672]]></modeler:editor-resource-id>
      </extensionElements>
      <conditionExpression xsi:type="tFormalExpression"><![CDATA[${(activiti_flowConditionsBean.exists(execution, 'csrAssignee') && csrAssignee == 'Manager')}]]></conditionExpression>
    </sequenceFlow>
    <sequenceFlow id="sid-B29E1A69-C9EF-488D-AD40-8D388D728D61" name="No" sourceRef="sid-7BA8B95F-C5D3-46BF-BC29-8F06E7453251" targetRef="call-customer">
      <extensionElements>
        <modeler:editor-resource-id><![CDATA[sid-B29E1A69-C9EF-488D-AD40-8D388D728D61]]></modeler:editor-resource-id>
      </extensionElements>
    </sequenceFlow>
    <sequenceFlow id="sid-2798DFB9-8E91-4E33-83C3-4CF331CD1735" sourceRef="sid-B5371A8B-B3FC-4163-B064-40A4738382BC" targetRef="event-gateway">
      <extensionElements>
        <modeler:editor-resource-id><![CDATA[sid-2798DFB9-8E91-4E33-83C3-4CF331CD1735]]></modeler:editor-resource-id>
      </extensionElements>
    </sequenceFlow>
    <sequenceFlow id="sid-EEB0E3B0-185A-4C1F-AE83-593C852F38B1" name="Yes" sourceRef="sid-5CD11026-4E24-4FC7-A7CD-A650CABFDF75" targetRef="sid-B5371A8B-B3FC-4163-B064-40A4738382BC">
      <extensionElements>
        <modeler:editor-resource-id><![CDATA[sid-EEB0E3B0-185A-4C1F-AE83-593C852F38B1]]></modeler:editor-resource-id>
      </extensionElements>
    </sequenceFlow>
    <scriptTask id="sid-B5371A8B-B3FC-4163-B064-40A4738382BC" name="Schedule Appointment" scriptFormat="groovy" activiti:autoStoreVariables="false">
      <extensionElements>
        <modeler:activiti-extension-id><![CDATA[new_item]]></modeler:activiti-extension-id>
        <modeler:editor-resource-id><![CDATA[sid-B5371A8B-B3FC-4163-B064-40A4738382BC]]></modeler:editor-resource-id>
      </extensionElements>
      <script><![CDATA[import org.joda.time.DateTime

DateTime dateTime;

if(execution.getVariable('changeAppointmentBy')!=null && changeAppointmentBy!=0){
    //Change appointment date by the requested number of days
    dateTime = (new DateTime(appointmentDate)).plusDays(changeAppointmentBy);
} else{
    //By default set 1 minute from now as appointment date
    dateTime = (new DateTime(new Date())).plusMinutes(1);
}

//Reset changeAppointmentBy to zero
execution.setVariable('changeAppointmentBy',0)
//Set appointment date
execution.setVariable('appointmentDate',dateTime.toDate())
// Default the date completed to appointment date
execution.setVariable("dateservicecompleted", dateTime.toDate());

//Set this only the first time
if(execution.getVariable('referenceNumber')==null){
    execution.setVariable("referenceNumber", "SVC-"+execution.getProcessInstanceId());
    execution.setVariable("registrationNumber", "ABC123");
    execution.setVariable("additionalservicenotescomments", "");
}]]></script>
    </scriptTask>
    <sequenceFlow id="sid-97D1172B-7F89-42D7-A065-1B6FFAC15A1E" sourceRef="sid-A01DF875-F0A8-4D28-9E03-372D55975496" targetRef="satisfied-gateway">
      <extensionElements>
        <modeler:editor-resource-id><![CDATA[sid-97D1172B-7F89-42D7-A065-1B6FFAC15A1E]]></modeler:editor-resource-id>
      </extensionElements>
    </sequenceFlow>
    <sequenceFlow id="sid-266E3217-3C17-4BED-B5B5-B8415A7FD4DE" name="No" sourceRef="sid-D8E6C572-C9FE-4DB6-8B2C-15C87C1386D8" targetRef="satisfied-gateway">
      <extensionElements>
        <modeler:editor-resource-id><![CDATA[sid-266E3217-3C17-4BED-B5B5-B8415A7FD4DE]]></modeler:editor-resource-id>
      </extensionElements>
    </sequenceFlow>
  </process>
  <bpmndi:BPMNDiagram id="BPMNDiagram_VehicleServiceBooking">
    <bpmndi:BPMNPlane bpmnElement="VehicleServiceBooking" id="BPMNPlane_VehicleServiceBooking">
      <bpmndi:BPMNShape bpmnElement="start" id="BPMNShape_start">
        <omgdc:Bounds height="30.0" width="30.0" x="30.0" y="380.0"/>
      </bpmndi:BPMNShape>
      <bpmndi:BPMNShape bpmnElement="service-car" id="BPMNShape_service-car">
        <omgdc:Bounds height="80.0" width="100.0" x="390.0" y="355.0"/>
      </bpmndi:BPMNShape>
      <bpmndi:BPMNShape bpmnElement="satisfied-gateway" id="BPMNShape_satisfied-gateway">
        <omgdc:Bounds height="40.0" width="40.0" x="1080.121096774" y="375.08374193550003"/>
      </bpmndi:BPMNShape>
      <bpmndi:BPMNShape bpmnElement="call-customer" id="BPMNShape_call-customer">
        <omgdc:Bounds height="80.0" width="100.0" x="1230.4394516129998" y="475.04187096775"/>
      </bpmndi:BPMNShape>
      <bpmndi:BPMNShape bpmnElement="satisfied-end" id="BPMNShape_satisfied-end">
        <omgdc:Bounds height="28.0" width="28.0" x="1376.4394516129998" y="381.0"/>
      </bpmndi:BPMNShape>
      <bpmndi:BPMNShape bpmnElement="unsatisfied-end" id="BPMNShape_unsatisfied-end">
        <omgdc:Bounds height="28.0" width="28.0" x="1381.3183548389998" y="501.04187096775"/>
      </bpmndi:BPMNShape>
      <bpmndi:BPMNShape bpmnElement="twilio-incoming" id="BPMNShape_twilio-incoming">
        <omgdc:Bounds height="30.0" width="30.0" x="855.0" y="380.08374193550003"/>
      </bpmndi:BPMNShape>
      <bpmndi:BPMNShape bpmnElement="sid-5CD11026-4E24-4FC7-A7CD-A650CABFDF75" id="BPMNShape_sid-5CD11026-4E24-4FC7-A7CD-A650CABFDF75">
        <omgdc:Bounds height="40.0" width="40.0" x="340.0" y="245.66625806449997"/>
      </bpmndi:BPMNShape>
      <bpmndi:BPMNShape bpmnElement="wait-unitil-appointment-day" id="BPMNShape_wait-unitil-appointment-day">
        <omgdc:Bounds height="31.0" width="31.0" x="255.0" y="385.0"/>
      </bpmndi:BPMNShape>
      <bpmndi:BPMNShape bpmnElement="event-gateway" id="BPMNShape_event-gateway">
        <omgdc:Bounds height="40.0" width="40.0" x="250.5" y="505.08374193550003"/>
      </bpmndi:BPMNShape>
      <bpmndi:BPMNShape bpmnElement="reschedule" id="BPMNShape_reschedule">
        <omgdc:Bounds height="30.0" width="30.0" x="345.0" y="510.08374193550003"/>
      </bpmndi:BPMNShape>
      <bpmndi:BPMNShape bpmnElement="cancel" id="BPMNShape_cancel">
        <omgdc:Bounds height="30.0" width="30.0" x="255.5" y="595.5"/>
      </bpmndi:BPMNShape>
      <bpmndi:BPMNShape bpmnElement="appointment-cancelled" id="BPMNShape_appointment-cancelled">
        <omgdc:Bounds height="28.0" width="28.0" x="426.0" y="596.5"/>
      </bpmndi:BPMNShape>
      <bpmndi:BPMNShape bpmnElement="post-service-parallel-gateway" id="BPMNShape_post-service-parallel-gateway">
        <omgdc:Bounds height="40.0" width="40.0" x="660.439451613" y="375.08374193550003"/>
      </bpmndi:BPMNShape>
      <bpmndi:BPMNShape bpmnElement="sid-D7A2AE4B-2D6D-4A0F-90C8-7FB67C594544" id="BPMNShape_sid-D7A2AE4B-2D6D-4A0F-90C8-7FB67C594544">
        <omgdc:Bounds height="80.16748387100003" width="100.24219354800005" x="630.318354839" y="225.58251612899997"/>
      </bpmndi:BPMNShape>
      <bpmndi:BPMNShape bpmnElement="sid-E3431620-0C3A-44B8-A512-4911ACFC5681" id="BPMNShape_sid-E3431620-0C3A-44B8-A512-4911ACFC5681">
        <omgdc:Bounds height="80.16748387100006" width="100.24219354800016" x="1051.0" y="115.0"/>
      </bpmndi:BPMNShape>
      <bpmndi:BPMNShape bpmnElement="sid-CCFBEB97-F851-43BB-8777-390A209B4151" id="BPMNShape_sid-CCFBEB97-F851-43BB-8777-390A209B4151">
        <omgdc:Bounds height="40.0" width="40.0" x="765.0" y="375.08374193550003"/>
      </bpmndi:BPMNShape>
      <bpmndi:BPMNShape bpmnElement="sid-D8E6C572-C9FE-4DB6-8B2C-15C87C1386D8" id="BPMNShape_sid-D8E6C572-C9FE-4DB6-8B2C-15C87C1386D8">
        <omgdc:Bounds height="40.0" width="40.0" x="930.0" y="375.0"/>
      </bpmndi:BPMNShape>
      <bpmndi:BPMNShape bpmnElement="sid-E2C982F7-6ABF-41C9-984C-12CA77133708" id="BPMNShape_sid-E2C982F7-6ABF-41C9-984C-12CA77133708">
        <omgdc:Bounds height="30.0" width="30.0" x="935.25" y="250.66625806449997"/>
      </bpmndi:BPMNShape>
      <bpmndi:BPMNShape bpmnElement="sid-D19F4349-F064-4053-A6B7-EE9004C17DCB" id="BPMNShape_sid-D19F4349-F064-4053-A6B7-EE9004C17DCB">
        <omgdc:Bounds height="80.0" width="100.0" x="900.25" y="115.08374193550003"/>
      </bpmndi:BPMNShape>
      <bpmndi:BPMNShape bpmnElement="sid-3AAAB718-547C-442F-9AC7-8892A149ABE8" id="BPMNShape_sid-3AAAB718-547C-442F-9AC7-8892A149ABE8">
        <omgdc:Bounds height="80.0" width="100.0" x="525.0" y="355.0"/>
      </bpmndi:BPMNShape>
      <bpmndi:BPMNShape bpmnElement="email-customer" id="BPMNShape_email-customer">
        <omgdc:Bounds height="80.0" width="100.0" x="630.439451613" y="485.08374193550003"/>
      </bpmndi:BPMNShape>
      <bpmndi:BPMNShape bpmnElement="sid-A01DF875-F0A8-4D28-9E03-372D55975496" id="BPMNShape_sid-A01DF875-F0A8-4D28-9E03-372D55975496">
        <omgdc:Bounds height="80.0" width="100.0" x="1050.121096774" y="225.66625806449997"/>
      </bpmndi:BPMNShape>
      <bpmndi:BPMNShape bpmnElement="call-customer-by-manager" id="BPMNShape_call-customer-by-manager">
        <omgdc:Bounds height="80.0" width="100.0" x="1231.4394516129998" y="584.95812903225"/>
      </bpmndi:BPMNShape>
      <bpmndi:BPMNShape bpmnElement="sid-FDFD197B-37E9-49F4-A1EA-EA481A7E47EB" id="BPMNShape_sid-FDFD197B-37E9-49F4-A1EA-EA481A7E47EB">
        <omgdc:Bounds height="28.0" width="28.0" x="1376.4394516129998" y="610.95812903225"/>
      </bpmndi:BPMNShape>
      <bpmndi:BPMNShape bpmnElement="sid-7BA8B95F-C5D3-46BF-BC29-8F06E7453251" id="BPMNShape_sid-7BA8B95F-C5D3-46BF-BC29-8F06E7453251">
        <omgdc:Bounds height="40.0" width="40.0" x="1080.121096774" y="495.04187096775"/>
      </bpmndi:BPMNShape>
      <bpmndi:BPMNShape bpmnElement="sid-B5371A8B-B3FC-4163-B064-40A4738382BC" id="BPMNShape_sid-B5371A8B-B3FC-4163-B064-40A4738382BC">
        <omgdc:Bounds height="80.0" width="100.0" x="105.0" y="355.0"/>
      </bpmndi:BPMNShape>
      <bpmndi:BPMNEdge bpmnElement="sid-06D96304-C1B0-457E-B938-FDCAD64C997E" id="BPMNEdge_sid-06D96304-C1B0-457E-B938-FDCAD64C997E">
        <omgdi:waypoint x="730.439451613" y="525.0837419355"/>
        <omgdi:waypoint x="785.0" y="525.0837419355"/>
        <omgdi:waypoint x="785.0" y="415.08374193550003"/>
      </bpmndi:BPMNEdge>
      <bpmndi:BPMNEdge bpmnElement="sid-5D06913A-8B1B-4AF0-A311-A147805DFE55" id="BPMNEdge_sid-5D06913A-8B1B-4AF0-A311-A147805DFE55">
        <omgdi:waypoint x="286.0" y="400.5"/>
        <omgdi:waypoint x="360.0" y="400.5"/>
        <omgdi:waypoint x="360.0" y="285.66625806449997"/>
      </bpmndi:BPMNEdge>
      <bpmndi:BPMNEdge bpmnElement="sid-95F304B5-22F2-47E7-9589-6C92A00A7B5C" id="BPMNEdge_sid-95F304B5-22F2-47E7-9589-6C92A00A7B5C">
        <omgdi:waypoint x="950.25" y="250.66625806449997"/>
        <omgdi:waypoint x="950.25" y="195.08374193550003"/>
      </bpmndi:BPMNEdge>
      <bpmndi:BPMNEdge bpmnElement="sid-495A84D4-4113-4CEB-BA4A-752D45E427D8" id="BPMNEdge_sid-495A84D4-4113-4CEB-BA4A-752D45E427D8">
        <omgdi:waypoint x="1120.115329464712" y="395.077974626212"/>
        <omgdi:waypoint x="1376.4394521954182" y="395.00403828083444"/>
      </bpmndi:BPMNEdge>
      <bpmndi:BPMNEdge bpmnElement="sid-FC7A4A51-B806-431A-B15E-37CE5C742F61" id="BPMNEdge_sid-FC7A4A51-B806-431A-B15E-37CE5C742F61">
        <omgdi:waypoint x="1100.2037700104333" y="415.0010686990668"/>
        <omgdi:waypoint x="1100.5377343534565" y="495.4585085472065"/>
      </bpmndi:BPMNEdge>
      <bpmndi:BPMNEdge bpmnElement="sid-3C398F8E-D8EF-4F9D-9440-4B881F890EE4" id="BPMNEdge_sid-3C398F8E-D8EF-4F9D-9440-4B881F890EE4">
        <omgdi:waypoint x="680.439451613" y="415.08374193550003"/>
        <omgdi:waypoint x="680.439451613" y="485.08374193550003"/>
      </bpmndi:BPMNEdge>
      <bpmndi:BPMNEdge bpmnElement="sid-4103A213-EA86-4829-A6FB-1DCE5563E9E6" id="BPMNEdge_sid-4103A213-EA86-4829-A6FB-1DCE5563E9E6">
        <omgdi:waypoint x="1331.4394516129998" y="624.95812903225"/>
        <omgdi:waypoint x="1376.4394516129998" y="624.95812903225"/>
      </bpmndi:BPMNEdge>
      <bpmndi:BPMNEdge bpmnElement="sid-89839B04-4686-4186-A210-EECDABB3CA87" id="BPMNEdge_sid-89839B04-4686-4186-A210-EECDABB3CA87">
        <omgdi:waypoint x="380.0" y="265.66625806449997"/>
        <omgdi:waypoint x="440.0" y="265.66625806449997"/>
        <omgdi:waypoint x="440.0" y="355.0"/>
      </bpmndi:BPMNEdge>
      <bpmndi:BPMNEdge bpmnElement="sid-E863AF71-D3B8-4DDA-9F8A-D9C3C27A3D65" id="BPMNEdge_sid-E863AF71-D3B8-4DDA-9F8A-D9C3C27A3D65">
        <omgdi:waypoint x="1330.4394516129998" y="515.04187096775"/>
        <omgdi:waypoint x="1381.3183548389998" y="515.04187096775"/>
      </bpmndi:BPMNEdge>
      <bpmndi:BPMNEdge bpmnElement="sid-ABD1CA80-23CB-4D67-AA02-AD24C9502AF5" id="BPMNEdge_sid-ABD1CA80-23CB-4D67-AA02-AD24C9502AF5">
        <omgdi:waypoint x="270.5" y="545.0837419355"/>
        <omgdi:waypoint x="270.5" y="595.5"/>
      </bpmndi:BPMNEdge>
      <bpmndi:BPMNEdge bpmnElement="sid-A690AA05-E5B3-47EB-A103-1E736A5B8672" id="BPMNEdge_sid-A690AA05-E5B3-47EB-A103-1E736A5B8672">
        <omgdi:waypoint x="1100.621096774" y="534.54187096775"/>
        <omgdi:waypoint x="1100.621096774" y="624.95812903225"/>
        <omgdi:waypoint x="1231.4394516129998" y="624.95812903225"/>
      </bpmndi:BPMNEdge>
      <bpmndi:BPMNEdge bpmnElement="sid-3DECA79B-BC52-4C43-8DF3-4C4C274322F0" id="BPMNEdge_sid-3DECA79B-BC52-4C43-8DF3-4C4C274322F0">
        <omgdi:waypoint x="290.5" y="525.0837419355"/>
        <omgdi:waypoint x="345.0" y="525.0837419355"/>
      </bpmndi:BPMNEdge>
      <bpmndi:BPMNEdge bpmnElement="sid-09521AF5-DD00-4282-B140-EA925C99DF6F" id="BPMNEdge_sid-09521AF5-DD00-4282-B140-EA925C99DF6F">
        <omgdi:waypoint x="680.439451613" y="375.08374193550003"/>
        <omgdi:waypoint x="680.4394516130001" y="305.75"/>
      </bpmndi:BPMNEdge>
      <bpmndi:BPMNEdge bpmnElement="sid-0AF42E6E-5F4A-44F5-9138-447A0761E48D" id="BPMNEdge_sid-0AF42E6E-5F4A-44F5-9138-447A0761E48D">
        <omgdi:waypoint x="805.0" y="395.08374193550003"/>
        <omgdi:waypoint x="855.0" y="395.08374193550003"/>
      </bpmndi:BPMNEdge>
      <bpmndi:BPMNEdge bpmnElement="sid-D89AB8FA-5E4F-4D62-9D19-2D76A7F15095" id="BPMNEdge_sid-D89AB8FA-5E4F-4D62-9D19-2D76A7F15095">
        <omgdi:waypoint x="490.0" y="395.0"/>
        <omgdi:waypoint x="525.0" y="395.0"/>
      </bpmndi:BPMNEdge>
      <bpmndi:BPMNEdge bpmnElement="sid-B29E1A69-C9EF-488D-AD40-8D388D728D61" id="BPMNEdge_sid-B29E1A69-C9EF-488D-AD40-8D388D728D61">
        <omgdi:waypoint x="1119.674075176621" y="515.4888925651289"/>
        <omgdi:waypoint x="1230.4394516129998" y="515.1809001565243"/>
      </bpmndi:BPMNEdge>
      <bpmndi:BPMNEdge bpmnElement="sid-4E78FB37-2218-4F32-8461-E3316956A8E0" id="BPMNEdge_sid-4E78FB37-2218-4F32-8461-E3316956A8E0">
        <omgdi:waypoint x="360.0" y="510.08374193550003"/>
        <omgdi:waypoint x="360.0" y="285.66625806449997"/>
      </bpmndi:BPMNEdge>
      <bpmndi:BPMNEdge bpmnElement="sid-A630A0CF-245E-48C6-B346-B19464A5A05D" id="BPMNEdge_sid-A630A0CF-245E-48C6-B346-B19464A5A05D">
        <omgdi:waypoint x="625.0" y="395.0397109119115"/>
        <omgdi:waypoint x="660.455323372124" y="395.067870176376"/>
      </bpmndi:BPMNEdge>
      <bpmndi:BPMNEdge bpmnElement="sid-266E3217-3C17-4BED-B5B5-B8415A7FD4DE" id="BPMNEdge_sid-266E3217-3C17-4BED-B5B5-B8415A7FD4DE">
        <omgdi:waypoint x="969.9888496354419" y="395.0111503645581"/>
        <omgdi:waypoint x="1080.1322471385581" y="395.07259157094194"/>
      </bpmndi:BPMNEdge>
      <bpmndi:BPMNEdge bpmnElement="sid-EDC07B5F-8BFF-4B3B-962C-E25E2954F5BF" id="BPMNEdge_sid-EDC07B5F-8BFF-4B3B-962C-E25E2954F5BF">
        <omgdi:waypoint x="730.560548387" y="265.66625806449997"/>
        <omgdi:waypoint x="785.0" y="265.66625806449997"/>
        <omgdi:waypoint x="785.0" y="375.08374193550003"/>
      </bpmndi:BPMNEdge>
      <bpmndi:BPMNEdge bpmnElement="sid-F01F7B81-FF35-4251-BA17-2BD00F1D59EE" id="BPMNEdge_sid-F01F7B81-FF35-4251-BA17-2BD00F1D59EE">
        <omgdi:waypoint x="1100.8363621594865" y="195.16748387100006"/>
        <omgdi:waypoint x="1100.5269281625137" y="225.66625806449997"/>
      </bpmndi:BPMNEdge>
      <bpmndi:BPMNEdge bpmnElement="sid-C0E3018B-CCC7-46A7-9BDE-093F75682B6A" id="BPMNEdge_sid-C0E3018B-CCC7-46A7-9BDE-093F75682B6A">
        <omgdi:waypoint x="270.5" y="505.08374193550003"/>
        <omgdi:waypoint x="270.5" y="416.0"/>
      </bpmndi:BPMNEdge>
      <bpmndi:BPMNEdge bpmnElement="sid-3A78EFAF-2E58-4F41-95DD-733A54A9EAC3" id="BPMNEdge_sid-3A78EFAF-2E58-4F41-95DD-733A54A9EAC3">
        <omgdi:waypoint x="285.5" y="610.5"/>
        <omgdi:waypoint x="426.0" y="610.5"/>
      </bpmndi:BPMNEdge>
      <bpmndi:BPMNEdge bpmnElement="sid-73CDB7F9-0FC4-4F7D-BEA9-3D21EBA7FE73" id="BPMNEdge_sid-73CDB7F9-0FC4-4F7D-BEA9-3D21EBA7FE73">
        <omgdi:waypoint x="950.0385850873367" y="375.03858508733674"/>
        <omgdi:waypoint x="950.2210053004104" y="280.666230041387"/>
      </bpmndi:BPMNEdge>
      <bpmndi:BPMNEdge bpmnElement="sid-AE7E496E-E79B-4ED5-A7D2-131085AB8E43" id="BPMNEdge_sid-AE7E496E-E79B-4ED5-A7D2-131085AB8E43">
        <omgdi:waypoint x="884.9999917819852" y="395.0680403311962"/>
        <omgdi:waypoint x="930.0209135920666" y="395.02091359206656"/>
      </bpmndi:BPMNEdge>
      <bpmndi:BPMNEdge bpmnElement="sid-97D1172B-7F89-42D7-A065-1B6FFAC15A1E" id="BPMNEdge_sid-97D1172B-7F89-42D7-A065-1B6FFAC15A1E">
        <omgdi:waypoint x="1100.121096774" y="305.66625806449997"/>
        <omgdi:waypoint x="1100.121096774" y="375.08374193550003"/>
      </bpmndi:BPMNEdge>
      <bpmndi:BPMNEdge bpmnElement="sid-EEB0E3B0-185A-4C1F-AE83-593C852F38B1" id="BPMNEdge_sid-EEB0E3B0-185A-4C1F-AE83-593C852F38B1">
        <omgdi:waypoint x="340.0" y="265.66625806449997"/>
        <omgdi:waypoint x="155.0" y="265.66625806449997"/>
        <omgdi:waypoint x="155.0" y="355.0"/>
      </bpmndi:BPMNEdge>
      <bpmndi:BPMNEdge bpmnElement="sid-2798DFB9-8E91-4E33-83C3-4CF331CD1735" id="BPMNEdge_sid-2798DFB9-8E91-4E33-83C3-4CF331CD1735">
        <omgdi:waypoint x="155.0" y="435.0"/>
        <omgdi:waypoint x="155.0" y="525.0837419355"/>
        <omgdi:waypoint x="250.5" y="525.0837419355"/>
      </bpmndi:BPMNEdge>
      <bpmndi:BPMNEdge bpmnElement="sid-E99F2235-1BFB-4455-B133-AF5F9374B9FB" id="BPMNEdge_sid-E99F2235-1BFB-4455-B133-AF5F9374B9FB">
        <omgdi:waypoint x="1000.25" y="155.08374193550003"/>
        <omgdi:waypoint x="1051.0" y="155.08374193550003"/>
      </bpmndi:BPMNEdge>
      <bpmndi:BPMNEdge bpmnElement="sid-11698CBB-310F-4C35-A858-84ACBD0D3C11" id="BPMNEdge_sid-11698CBB-310F-4C35-A858-84ACBD0D3C11">
        <omgdi:waypoint x="60.0" y="395.0"/>
        <omgdi:waypoint x="82.5" y="395.0"/>
        <omgdi:waypoint x="105.0" y="395.0"/>
      </bpmndi:BPMNEdge>
    </bpmndi:BPMNPlane>
  </bpmndi:BPMNDiagram>
</definitions>