{"referenceId":69073,"name":"Customer Form","description":"","editorJson":{"tabs":[],"fields":[{"fieldType":"ContainerRepresentation","id":"1509650322645","name":"Label","type":"container","value":null,"required":false,"readOnly":false,"overrideId":false,"colspan":1,"placeholder":null,"minLength":0,"maxLength":0,"minValue":null,"maxValue":null,"regexPattern":null,"optionType":null,"hasEmptyValue":null,"options":null,"restUrl":null,"restResponsePath":null,"restIdProperty":null,"restLabelProperty":null,"tab":null,"className":null,"dateDisplayFormat":null,"layout":null,"sizeX":2,"sizeY":1,"row":-1,"col":-1,"visibilityCondition":null,"numberOfColumns":2,"fields":{"1":[{"fieldType":"RestFieldRepresentation","id":"custTypCD","name":"CustomerTypeCode","type":"dropdown","value":"Choose one...","required":true,"readOnly":false,"overrideId":true,"colspan":1,"placeholder":null,"minLength":0,"maxLength":0,"minValue":null,"maxValue":null,"regexPattern":null,"optionType":null,"hasEmptyValue":true,"options":[{"id":"empty","name":"Choose one..."},{"id":"Retail","name":"Retail"},{"id":"Wholesale","name":"Wholesale"},{"id":"Other","name":"Other"},{"id":"Unknown","name":"Unknown"}],"restUrl":null,"restResponsePath":null,"restIdProperty":null,"restLabelProperty":null,"tab":null,"className":null,"params":{"existingColspan":1,"maxColspan":2},"dateDisplayFormat":null,"layout":{"row":-1,"column":-1,"colspan":1},"sizeX":1,"sizeY":1,"row":-1,"col":-1,"visibilityCondition":null,"endpoint":null,"requestHeaders":null}],"2":[]}}],"outcomes":[],"javascriptEvents":[],"className":"","style":"","customFieldTemplates":{},"metadata":{},"variables":[],"customFieldsValueInfo":{},"gridsterForm":false}}