{"referenceId":null,"name":"Salesforce Entities","description":null,"editorJson":{"id":17021,"name":"Salesforce Entities","dataSourceType":"custom","entities":[{"name":"Account","description":"","attributes":[{"name":"AccountNumber","type":"string","description":"","primaryKey":false,"generatedValue":false,"identity":false,"required":false},{"name":"AnnualRevenue","type":"string","description":"","primaryKey":false,"generatedValue":false,"identity":false,"required":false},{"name":"BillingCity","type":"string","description":"","primaryKey":false,"generatedValue":false,"identity":false,"required":false},{"name":"BillingState","type":"string","description":"","primaryKey":false,"generatedValue":false,"identity":false,"required":false},{"name":"BillingCountry","type":"string","description":"","primaryKey":false,"generatedValue":false,"identity":false,"required":false},{"name":"BillingPostalCode","type":"string","description":"","primaryKey":false,"generatedValue":false,"identity":false,"required":false},{"name":"Id","type":"string","description":"","primaryKey":false,"generatedValue":false,"identity":false,"required":false}]},{"name":"Case","description":"","attributes":[{"name":"AccountId","type":"string","description":"","primaryKey":false,"generatedValue":false,"identity":false,"required":false},{"name":"CaseNumber","type":"string","description":"","primaryKey":false,"generatedValue":false,"identity":false,"required":false},{"name":"Description","type":"string","description":"","primaryKey":false,"generatedValue":false,"identity":false,"required":false},{"name":"Subject","type":"string","description":"","primaryKey":false,"generatedValue":false,"identity":false,"required":false},{"name":"Id","type":"string","description":"","primaryKey":false,"generatedValue":false,"identity":false,"required":false}]}]}}