<?xml version='1.0' encoding='UTF-8'?>
<definitions xmlns="http://www.omg.org/spec/BPMN/20100524/MODEL" xmlns:xsi="http://www.w3.org/2001/XMLSchema-instance" xmlns:xsd="http://www.w3.org/2001/XMLSchema" xmlns:activiti="http://activiti.org/bpmn" xmlns:bpmndi="http://www.omg.org/spec/BPMN/20100524/DI" xmlns:omgdc="http://www.omg.org/spec/DD/20100524/DC" xmlns:omgdi="http://www.omg.org/spec/DD/20100524/DI" typeLanguage="http://www.w3.org/2001/XMLSchema" expressionLanguage="http://www.w3.org/1999/XPath" targetNamespace="http://www.activiti.org/processdef" xmlns:modeler="http://activiti.com/modeler" modeler:version="1.0en" modeler:exportDateTime="20170830102422895" modeler:modelId="46047" modeler:modelVersion="21" modeler:modelLastUpdated="1504106637258">
  <process id="AsposeExcelParser" name="Aspose Excel Parser" isExecutable="true">
    <startEvent id="startEvent1" activiti:formKey="47047">
      <extensionElements>
        <modeler:form-reference-id><![CDATA[47047]]></modeler:form-reference-id>
        <modeler:form-reference-name><![CDATA[test-start-form]]></modeler:form-reference-name>
        <modeler:editor-resource-id><![CDATA[startEvent1]]></modeler:editor-resource-id>
      </extensionElements>
    </startEvent>
    <sequenceFlow id="sid-DEF51849-34E1-4851-977B-D4BABAE1B793" sourceRef="startEvent1" targetRef="sid-25E59596-D708-4129-922F-4036AF049397">
      <extensionElements>
        <modeler:editor-resource-id><![CDATA[sid-DEF51849-34E1-4851-977B-D4BABAE1B793]]></modeler:editor-resource-id>
      </extensionElements>
    </sequenceFlow>
    <endEvent id="sid-E58AF3DE-DA90-45CA-A0DA-4176C6193B24">
      <extensionElements>
        <modeler:editor-resource-id><![CDATA[sid-E58AF3DE-DA90-45CA-A0DA-4176C6193B24]]></modeler:editor-resource-id>
      </extensionElements>
    </endEvent>
    <scriptTask id="sid-25E59596-D708-4129-922F-4036AF049397" name="Parse Workbook" activiti:async="true" activiti:exclusive="false" scriptFormat="groovy" activiti:autoStoreVariables="false">
      <extensionElements>
        <activiti:executionListener event="start" class="com.activiti.runtime.activiti.ContentProcessorExecutionListener">
          <activiti:field name="externalContentHandler">
            <activiti:expression><![CDATA[${externalContentHandler}]]></activiti:expression>
          </activiti:field>
        </activiti:executionListener>
        <modeler:editor-resource-id><![CDATA[sid-25E59596-D708-4129-922F-4036AF049397]]></modeler:editor-resource-id>
        <modeler:ignore-listener-on-import><![CDATA[com.activiti.runtime.activiti.ContentProcessorExecutionListener]]></modeler:ignore-listener-on-import>
      </extensionElements>
      <script><![CDATA[import com.aspose.cells.Workbook;

//Thanks to the Aspose example available in https://github.com/aspose-cells/Aspose.Cells-for-Java/blob/master/Examples/src/AsposeCellsExamples/Data/ExportingDataFromWorksheets.java

//Upload field name
def fileVariableName = "myFile"; 

def contentList = relatedContentService
		.getFieldContentForProcessInstance(execution.getProcessInstanceId(), fileVariableName, 1, 0)
		.getContent();
def content = contentList.get(0);
def inputStream = relatedContentStreamProvider.getContentStream(content);

// Instantiating Workbook object
def workbook = new Workbook(inputStream);

// Accessing the first worksheet in the Excel file
def worksheet = workbook.getWorksheets().get(0);

// Exporting the contents of 8 rows and 4 columns starting from 4th row & 1st cell to Array.
def dataTable = worksheet.getCells().exportArray(3, 0, 8, 4);

// Printing cell values and length
println "No. Of Rows Imported: " + dataTable.length;
println "Datatable Value" + dataTable.toString();

//copying the data to a list of maps so that it can be converted and shown in a table
def header = dataTable[0];
def table = [];
dataTable.eachWithIndex { item, index ->
    def map = [:]
    if(index > 0){
        map[header[0]] = item[0];
        map[header[1]] = item[1];
        map[header[2]] = item[2];
        map[header[3]] = item[3];
        table.add(map);
    }
}
execution.setVariable('exceltable', objectMapper.writeValueAsString(table));
// Closing the stream
inputStream.close();]]></script>
    </scriptTask>
    <userTask id="sid-D56FF875-89F4-4798-90D9-968F1EEEBC9E" name="Show Parsed Data In Table" activiti:assignee="$INITIATOR" activiti:formKey="47049">
      <extensionElements>
        <modeler:allow-send-email><![CDATA[true]]></modeler:allow-send-email>
        <modeler:form-reference-id><![CDATA[47049]]></modeler:form-reference-id>
        <modeler:form-reference-name><![CDATA[Show Parsed Table]]></modeler:form-reference-name>
        <modeler:activiti-idm-initiator><![CDATA[true]]></modeler:activiti-idm-initiator>
        <modeler:editor-resource-id><![CDATA[sid-D56FF875-89F4-4798-90D9-968F1EEEBC9E]]></modeler:editor-resource-id>
      </extensionElements>
    </userTask>
    <sequenceFlow id="sid-7D664594-32AE-4BF2-AB5E-A9C7046F6C46" sourceRef="sid-25E59596-D708-4129-922F-4036AF049397" targetRef="sid-D56FF875-89F4-4798-90D9-968F1EEEBC9E">
      <extensionElements>
        <modeler:editor-resource-id><![CDATA[sid-7D664594-32AE-4BF2-AB5E-A9C7046F6C46]]></modeler:editor-resource-id>
      </extensionElements>
    </sequenceFlow>
    <sequenceFlow id="sid-4865D5E8-1AE5-411F-B918-DD6C5652CED6" sourceRef="sid-D56FF875-89F4-4798-90D9-968F1EEEBC9E" targetRef="sid-E58AF3DE-DA90-45CA-A0DA-4176C6193B24">
      <extensionElements>
        <modeler:editor-resource-id><![CDATA[sid-4865D5E8-1AE5-411F-B918-DD6C5652CED6]]></modeler:editor-resource-id>
      </extensionElements>
    </sequenceFlow>
  </process>
  <bpmndi:BPMNDiagram id="BPMNDiagram_AsposeExcelParser">
    <bpmndi:BPMNPlane bpmnElement="AsposeExcelParser" id="BPMNPlane_AsposeExcelParser">
      <bpmndi:BPMNShape bpmnElement="startEvent1" id="BPMNShape_startEvent1">
        <omgdc:Bounds height="30.0" width="30.0" x="90.0" y="150.0"/>
      </bpmndi:BPMNShape>
      <bpmndi:BPMNShape bpmnElement="sid-E58AF3DE-DA90-45CA-A0DA-4176C6193B24" id="BPMNShape_sid-E58AF3DE-DA90-45CA-A0DA-4176C6193B24">
        <omgdc:Bounds height="28.0" width="28.0" x="570.0" y="151.0"/>
      </bpmndi:BPMNShape>
      <bpmndi:BPMNShape bpmnElement="sid-25E59596-D708-4129-922F-4036AF049397" id="BPMNShape_sid-25E59596-D708-4129-922F-4036AF049397">
        <omgdc:Bounds height="80.0" width="100.0" x="180.0" y="125.0"/>
      </bpmndi:BPMNShape>
      <bpmndi:BPMNShape bpmnElement="sid-D56FF875-89F4-4798-90D9-968F1EEEBC9E" id="BPMNShape_sid-D56FF875-89F4-4798-90D9-968F1EEEBC9E">
        <omgdc:Bounds height="80.0" width="100.0" x="340.0" y="125.0"/>
      </bpmndi:BPMNShape>
      <bpmndi:BPMNEdge bpmnElement="sid-7D664594-32AE-4BF2-AB5E-A9C7046F6C46" id="BPMNEdge_sid-7D664594-32AE-4BF2-AB5E-A9C7046F6C46">
        <omgdi:waypoint x="280.0" y="165.0"/>
        <omgdi:waypoint x="340.0" y="165.0"/>
      </bpmndi:BPMNEdge>
      <bpmndi:BPMNEdge bpmnElement="sid-4865D5E8-1AE5-411F-B918-DD6C5652CED6" id="BPMNEdge_sid-4865D5E8-1AE5-411F-B918-DD6C5652CED6">
        <omgdi:waypoint x="440.0" y="165.0"/>
        <omgdi:waypoint x="570.0" y="165.0"/>
      </bpmndi:BPMNEdge>
      <bpmndi:BPMNEdge bpmnElement="sid-DEF51849-34E1-4851-977B-D4BABAE1B793" id="BPMNEdge_sid-DEF51849-34E1-4851-977B-D4BABAE1B793">
        <omgdi:waypoint x="120.0" y="165.0"/>
        <omgdi:waypoint x="180.0" y="165.0"/>
      </bpmndi:BPMNEdge>
    </bpmndi:BPMNPlane>
  </bpmndi:BPMNDiagram>
</definitions>