{"resourceId":46047,"properties":{"process_id":"AsposeExcelParser","name":"Aspose Excel Parser","documentation":"","process_author":"","process_version":"","process_namespace":"http://www.activiti.org/processdef","executionlisteners":"","eventlisteners":"","signaldefinitions":"","messagedefinitions":"","executionvariables":"","metadata":""},"stencil":{"id":"BPMNDiagram"},"childShapes":[{"resourceId":"startEvent1","properties":{"overrideid":"","name":"","documentation":"","executionlisteners":"","initiator":"","formkeydefinition":"","formreference":{"id":47047,"name":"test-start-form","referenceId":null},"fieldstovariables":"","formproperties":""},"stencil":{"id":"StartNoneEvent"},"childShapes":[],"outgoing":[{"resourceId":"sid-DEF51849-34E1-4851-977B-D4BABAE1B793"}],"bounds":{"lowerRight":{"x":120,"y":180},"upperLeft":{"x":90,"y":150}},"dockers":[]},{"resourceId":"sid-DEF51849-34E1-4851-977B-D4BABAE1B793","properties":{"overrideid":"","name":"","documentation":"","conditionsequenceflow":"","executionlisteners":"","defaultflow":"false"},"stencil":{"id":"SequenceFlow"},"childShapes":[],"outgoing":[{"resourceId":"sid-25E59596-D708-4129-922F-4036AF049397"}],"bounds":{"lowerRight":{"x":179.1953125,"y":165},"upperLeft":{"x":120.6484375,"y":165}},"dockers":[{"x":15,"y":15},{"x":50,"y":40}],"target":{"resourceId":"sid-25E59596-D708-4129-922F-4036AF049397"}},{"resourceId":"sid-E58AF3DE-DA90-45CA-A0DA-4176C6193B24","properties":{"overrideid":"","name":"","documentation":"","executionlisteners":""},"stencil":{"id":"EndNoneEvent"},"childShapes":[],"outgoing":[],"bounds":{"lowerRight":{"x":598,"y":179},"upperLeft":{"x":570,"y":151}},"dockers":[]},{"resourceId":"sid-25E59596-D708-4129-922F-4036AF049397","properties":{"scriptformat":"groovy","scripttext":"import com.aspose.cells.Workbook;\n\n//Thanks to the Aspose example available in https://github.com/aspose-cells/Aspose.Cells-for-Java/blob/master/Examples/src/AsposeCellsExamples/Data/ExportingDataFromWorksheets.java\n\n//Upload field name\ndef fileVariableName = \"myFile\"; \n\ndef contentList = relatedContentService\n\t\t.getFieldContentForProcessInstance(execution.getProcessInstanceId(), fileVariableName, 1, 0)\n\t\t.getContent();\ndef content = contentList.get(0);\ndef inputStream = relatedContentStreamProvider.getContentStream(content);\n\n// Instantiating Workbook object\ndef workbook = new Workbook(inputStream);\n\n// Accessing the first worksheet in the Excel file\ndef worksheet = workbook.getWorksheets().get(0);\n\n// Exporting the contents of 8 rows and 4 columns starting from 4th row & 1st cell to Array.\ndef dataTable = worksheet.getCells().exportArray(3, 0, 8, 4);\n\n// Printing cell values and length\nprintln \"No. Of Rows Imported: \" + dataTable.length;\nprintln \"Datatable Value\" + dataTable.toString();\n\n//copying the data to a list of maps so that it can be converted and shown in a table\ndef header = dataTable[0];\ndef table = [];\ndataTable.eachWithIndex { item, index ->\n    def map = [:]\n    if(index > 0){\n        map[header[0]] = item[0];\n        map[header[1]] = item[1];\n        map[header[2]] = item[2];\n        map[header[3]] = item[3];\n        table.add(map);\n    }\n}\nexecution.setVariable('exceltable', objectMapper.writeValueAsString(table));\n// Closing the stream\ninputStream.close();","executionvariables":"","overrideid":"","name":"Parse Workbook","documentation":"","asynchronousdefinition":"false","exclusivedefinition":"false","executionlisteners":"","multiinstance_type":"None","multiinstance_cardinality":"","multiinstance_collection":"","multiinstance_variable":"","multiinstance_condition":"","isforcompensation":"false","duedatedefinition":"","servicetaskfields":"","usertasksendemail":true,"servicetaskresultvariable":"","servicetaskexpression":"","servicetaskclass":"","formproperties":"","usertaskassignment":"","formkeydefinition":"","formreference":"","fieldstovariables":"","servicetaskdelegateexpression":"${workbookParser}","prioritydefinition":"","categorydefinition":"","type":"http://b3mn.org/stencilset/bpmn2.0#UserTask","tasklisteners":"","emailtemplate":""},"stencil":{"id":"ScriptTask"},"childShapes":[],"outgoing":[{"resourceId":"sid-7D664594-32AE-4BF2-AB5E-A9C7046F6C46"}],"bounds":{"lowerRight":{"x":280,"y":205},"upperLeft":{"x":180,"y":125}},"dockers":[]},{"resourceId":"sid-D56FF875-89F4-4798-90D9-968F1EEEBC9E","properties":{"overrideid":"","name":"Show Parsed Data In Table","documentation":"","asynchronousdefinition":"false","exclusivedefinition":"false","executionlisteners":"","multiinstance_type":"None","multiinstance_cardinality":"","multiinstance_collection":"","multiinstance_variable":"","multiinstance_condition":"","isforcompensation":"false","usertasksendemail":true,"usertaskassignment":"","formkeydefinition":"","formreference":{"id":47049,"name":"Show Parsed Table","referenceId":46047},"fieldstovariables":"","duedatedefinition":"","prioritydefinition":"","categorydefinition":"","formproperties":"","tasklisteners":"","emailtemplate":""},"stencil":{"id":"UserTask"},"childShapes":[],"outgoing":[{"resourceId":"sid-4865D5E8-1AE5-411F-B918-DD6C5652CED6"}],"bounds":{"lowerRight":{"x":440,"y":205},"upperLeft":{"x":340,"y":125}},"dockers":[]},{"resourceId":"sid-7D664594-32AE-4BF2-AB5E-A9C7046F6C46","properties":{"overrideid":"","name":"","documentation":"","conditionsequenceflow":"","executionlisteners":"","defaultflow":"false"},"stencil":{"id":"SequenceFlow"},"childShapes":[],"outgoing":[{"resourceId":"sid-D56FF875-89F4-4798-90D9-968F1EEEBC9E"}],"bounds":{"lowerRight":{"x":339.625,"y":165},"upperLeft":{"x":281,"y":165}},"dockers":[{"x":50,"y":40},{"x":50,"y":40}],"target":{"resourceId":"sid-D56FF875-89F4-4798-90D9-968F1EEEBC9E"}},{"resourceId":"sid-4865D5E8-1AE5-411F-B918-DD6C5652CED6","properties":{"overrideid":"","name":"","documentation":"","conditionsequenceflow":"","executionlisteners":"","defaultflow":"false"},"stencil":{"id":"SequenceFlow"},"childShapes":[],"outgoing":[{"resourceId":"sid-E58AF3DE-DA90-45CA-A0DA-4176C6193B24"}],"bounds":{"lowerRight":{"x":569.359375,"y":165},"upperLeft":{"x":440.2578125,"y":165}},"dockers":[{"x":50,"y":40},{"x":14,"y":14}],"target":{"resourceId":"sid-E58AF3DE-DA90-45CA-A0DA-4176C6193B24"}}],"bounds":{"lowerRight":{"x":1200,"y":1050},"upperLeft":{"x":0,"y":0}},"stencilset":{"url":"stencilsets/bpmn2.0/bpmn2.0.json","namespace":"http://b3mn.org/stencilset/bpmn2.0#"},"ssextensions":[]}