<?xml version='1.0' encoding='UTF-8'?>
<definitions xmlns="http://www.omg.org/spec/BPMN/20100524/MODEL" xmlns:xsi="http://www.w3.org/2001/XMLSchema-instance" xmlns:xsd="http://www.w3.org/2001/XMLSchema" xmlns:activiti="http://activiti.org/bpmn" xmlns:bpmndi="http://www.omg.org/spec/BPMN/20100524/DI" xmlns:omgdc="http://www.omg.org/spec/DD/20100524/DC" xmlns:omgdi="http://www.omg.org/spec/DD/20100524/DI" typeLanguage="http://www.w3.org/2001/XMLSchema" expressionLanguage="http://www.w3.org/1999/XPath" targetNamespace="http://www.activiti.org/processdef" xmlns:modeler="http://activiti.com/modeler" modeler:version="1.0en" modeler:exportDateTime="20170723225139359" modeler:modelId="32055" modeler:modelVersion="8" modeler:modelLastUpdated="1500868090618">
  <process id="UserLookupExample" name="UserLookupExample" isExecutable="true">
    <startEvent id="startEvent1" activiti:formKey="32056">
      <extensionElements>
        <modeler:form-reference-id><![CDATA[32056]]></modeler:form-reference-id>
        <modeler:form-reference-name><![CDATA[start-form]]></modeler:form-reference-name>
        <modeler:editor-resource-id><![CDATA[startEvent1]]></modeler:editor-resource-id>
      </extensionElements>
    </startEvent>
    <userTask id="sid-CD4E67F8-E7C1-4466-B56A-598E371AA704" name="User Task Based On Lookup" activiti:assignee="${userService.findUserByEmail(dmnRuleService.executeDecisionByKey('UserAssignmentRules', execution.getVariables()).getResultVariables().get('assignee')).getId()}">
      <extensionElements>
        <modeler:allow-send-email><![CDATA[true]]></modeler:allow-send-email>
        <modeler:initiator-can-complete><![CDATA[false]]></modeler:initiator-can-complete>
        <modeler:editor-resource-id><![CDATA[sid-CD4E67F8-E7C1-4466-B56A-598E371AA704]]></modeler:editor-resource-id>
      </extensionElements>
    </userTask>
    <sequenceFlow id="sid-E75AD0CD-8EF2-401E-A405-45CE9A359666" sourceRef="startEvent1" targetRef="sid-CD4E67F8-E7C1-4466-B56A-598E371AA704">
      <extensionElements>
        <modeler:editor-resource-id><![CDATA[sid-E75AD0CD-8EF2-401E-A405-45CE9A359666]]></modeler:editor-resource-id>
      </extensionElements>
    </sequenceFlow>
    <endEvent id="sid-52D52B26-7909-4E4A-919E-94341D852F9B">
      <extensionElements>
        <modeler:editor-resource-id><![CDATA[sid-52D52B26-7909-4E4A-919E-94341D852F9B]]></modeler:editor-resource-id>
      </extensionElements>
    </endEvent>
    <sequenceFlow id="sid-1AC4F7C2-7D9C-476C-B6F1-698787C48C30" sourceRef="sid-CD4E67F8-E7C1-4466-B56A-598E371AA704" targetRef="sid-52D52B26-7909-4E4A-919E-94341D852F9B">
      <extensionElements>
        <modeler:editor-resource-id><![CDATA[sid-1AC4F7C2-7D9C-476C-B6F1-698787C48C30]]></modeler:editor-resource-id>
      </extensionElements>
    </sequenceFlow>
  </process>
  <bpmndi:BPMNDiagram id="BPMNDiagram_UserLookupExample">
    <bpmndi:BPMNPlane bpmnElement="UserLookupExample" id="BPMNPlane_UserLookupExample">
      <bpmndi:BPMNShape bpmnElement="startEvent1" id="BPMNShape_startEvent1">
        <omgdc:Bounds height="30.0" width="30.0" x="75.0" y="160.0"/>
      </bpmndi:BPMNShape>
      <bpmndi:BPMNShape bpmnElement="sid-CD4E67F8-E7C1-4466-B56A-598E371AA704" id="BPMNShape_sid-CD4E67F8-E7C1-4466-B56A-598E371AA704">
        <omgdc:Bounds height="80.0" width="100.0" x="225.0" y="135.0"/>
      </bpmndi:BPMNShape>
      <bpmndi:BPMNShape bpmnElement="sid-52D52B26-7909-4E4A-919E-94341D852F9B" id="BPMNShape_sid-52D52B26-7909-4E4A-919E-94341D852F9B">
        <omgdc:Bounds height="28.0" width="28.0" x="465.0" y="161.0"/>
      </bpmndi:BPMNShape>
      <bpmndi:BPMNEdge bpmnElement="sid-1AC4F7C2-7D9C-476C-B6F1-698787C48C30" id="BPMNEdge_sid-1AC4F7C2-7D9C-476C-B6F1-698787C48C30">
        <omgdi:waypoint x="325.0" y="175.0"/>
        <omgdi:waypoint x="465.0" y="175.0"/>
      </bpmndi:BPMNEdge>
      <bpmndi:BPMNEdge bpmnElement="sid-E75AD0CD-8EF2-401E-A405-45CE9A359666" id="BPMNEdge_sid-E75AD0CD-8EF2-401E-A405-45CE9A359666">
        <omgdi:waypoint x="105.0" y="175.0"/>
        <omgdi:waypoint x="225.0" y="175.0"/>
      </bpmndi:BPMNEdge>
    </bpmndi:BPMNPlane>
  </bpmndi:BPMNDiagram>
</definitions>