{"resourceId":32055,"properties":{"process_id":"UserLookupExample","name":"UserLookupExample","documentation":"","process_author":"","process_version":"","process_namespace":"http://www.activiti.org/processdef","executionlisteners":"","eventlisteners":"","signaldefinitions":"","messagedefinitions":"","executionvariables":"","metadata":""},"stencil":{"id":"BPMNDiagram"},"childShapes":[{"resourceId":"startEvent1","properties":{"overrideid":"","name":"","documentation":"","executionlisteners":"","initiator":"","formkeydefinition":"","formreference":{"id":32056,"name":"start-form","referenceId":32055},"fieldstovariables":"","formproperties":""},"stencil":{"id":"StartNoneEvent"},"childShapes":[],"outgoing":[{"resourceId":"sid-E75AD0CD-8EF2-401E-A405-45CE9A359666"}],"bounds":{"lowerRight":{"x":105,"y":190},"upperLeft":{"x":75,"y":160}},"dockers":[]},{"resourceId":"sid-CD4E67F8-E7C1-4466-B56A-598E371AA704","properties":{"overrideid":"","name":"User Task Based On Lookup","documentation":"","asynchronousdefinition":"false","exclusivedefinition":"false","executionlisteners":"","multiinstance_type":"None","multiinstance_cardinality":"","multiinstance_collection":"","multiinstance_variable":"","multiinstance_condition":"","isforcompensation":"false","usertasksendemail":true,"usertaskassignment":{"assignment":{"type":"static","assignee":"${userService.findUserByEmail(dmnRuleService.executeDecisionByKey('UserAssignmentRules', execution.getVariables()).getResultVariables().get('assignee')).getId()}"}},"formkeydefinition":"","formreference":"","fieldstovariables":"","duedatedefinition":"","prioritydefinition":"","categorydefinition":"","formproperties":"","tasklisteners":"","emailtemplate":""},"stencil":{"id":"UserTask"},"childShapes":[],"outgoing":[{"resourceId":"sid-1AC4F7C2-7D9C-476C-B6F1-698787C48C30"}],"bounds":{"lowerRight":{"x":325,"y":215},"upperLeft":{"x":225,"y":135}},"dockers":[]},{"resourceId":"sid-E75AD0CD-8EF2-401E-A405-45CE9A359666","properties":{"overrideid":"","name":"","documentation":"","conditionsequenceflow":"","executionlisteners":"","defaultflow":"false"},"stencil":{"id":"SequenceFlow"},"childShapes":[],"outgoing":[{"resourceId":"sid-CD4E67F8-E7C1-4466-B56A-598E371AA704"}],"bounds":{"lowerRight":{"x":224.859375,"y":175},"upperLeft":{"x":105.453125,"y":175}},"dockers":[{"x":15,"y":15},{"x":50,"y":40}],"target":{"resourceId":"sid-CD4E67F8-E7C1-4466-B56A-598E371AA704"}},{"resourceId":"sid-52D52B26-7909-4E4A-919E-94341D852F9B","properties":{"overrideid":"","name":"","documentation":"","executionlisteners":""},"stencil":{"id":"EndNoneEvent"},"childShapes":[],"outgoing":[],"bounds":{"lowerRight":{"x":493,"y":189},"upperLeft":{"x":465,"y":161}},"dockers":[]},{"resourceId":"sid-1AC4F7C2-7D9C-476C-B6F1-698787C48C30","properties":{"overrideid":"","name":"","documentation":"","conditionsequenceflow":"","executionlisteners":"","defaultflow":"false","showdiamondmarker":false},"stencil":{"id":"SequenceFlow"},"childShapes":[],"outgoing":[{"resourceId":"sid-52D52B26-7909-4E4A-919E-94341D852F9B"}],"bounds":{"lowerRight":{"x":464.453125,"y":175},"upperLeft":{"x":325.40625,"y":175}},"dockers":[{"x":50,"y":40},{"x":14,"y":14}],"target":{"resourceId":"sid-52D52B26-7909-4E4A-919E-94341D852F9B"}}],"bounds":{"lowerRight":{"x":1200,"y":1050},"upperLeft":{"x":0,"y":0}},"stencilset":{"url":"stencilsets/bpmn2.0/bpmn2.0.json","namespace":"http://b3mn.org/stencilset/bpmn2.0#"},"ssextensions":[]}