{"referenceId":null,"name":"UserAssignmentRules","description":null,"editorJson":{"id":32052,"name":"UserAssignmentRules","key":"UserAssignmentRules","hitIndicator":"FIRST","inputExpressions":[{"id":"3","variableId":"processName","variableType":"variable","type":"string","label":"ProcessName","entries":null,"newVariable":true},{"id":"7","variableId":"environment","variableType":"variable","type":"string","label":"Environment","entries":null,"newVariable":true}],"outputExpressions":[{"id":"6","variableId":"assignee","variableType":"variable","type":"string","label":"Assignee","entries":null,"newVariable":true}],"rules":[{"3":"== \"process-1\"","6":"\"admin@app.activiti.com\"","7":"== \"prod\""},{"3":"","6":"\"devuser@example.com\"","7":""}],"executionVariables":[{"processVariableName":"processName","processVariableType":"string"},{"processVariableName":"environment","processVariableType":"string"}]}}