{"resourceId":17022,"properties":{"process_id":"DemoSFDCDataModelIntegration","name":"Demo SFDC Data Model Integration","documentation":"","process_author":"","process_version":"","process_namespace":"http://www.activiti.org/processdef","executionlisteners":"","eventlisteners":"","signaldefinitions":"","messagedefinitions":"","executionvariables":"","metadata":""},"stencil":{"id":"BPMNDiagram"},"childShapes":[{"resourceId":"startEvent1","properties":{"overrideid":"","name":"","documentation":"","executionlisteners":"","initiator":"","formkeydefinition":"","formreference":{"id":17023,"name":"Start Form","referenceId":17022},"fieldstovariables":[{"$$hashKey":"uiGrid-003D","mappedDataModel":17021,"formField":{"fieldType":"FormFieldRepresentation","id":"accountnumber","name":"Account Number","type":"text","value":null,"required":true,"readOnly":false,"overrideId":false,"colspan":1,"placeholder":null,"minLength":0,"maxLength":0,"minValue":null,"maxValue":null,"regexPattern":null,"optionType":null,"hasEmptyValue":null,"options":null,"restUrl":null,"restResponsePath":null,"restIdProperty":null,"restLabelProperty":null,"tab":null,"className":null,"params":{"existingColspan":1,"maxColspan":2},"dateDisplayFormat":null,"layout":{"row":-1,"column":-1,"colspan":1},"sizeX":1,"sizeY":1,"row":-1,"col":-1,"visibilityCondition":null,"$$hashKey":"object:2057"},"mappedColumn":"AccountNumber","mappedEntity":"Account","mappedVariableName":"currentAccount"}],"formproperties":""},"stencil":{"id":"StartNoneEvent"},"childShapes":[],"outgoing":[{"resourceId":"sid-DC87C767-F833-4936-9F6B-A45E9CD5E427"}],"bounds":{"lowerRight":{"x":130,"y":193},"upperLeft":{"x":100,"y":163}},"dockers":[]},{"resourceId":"sid-A6F2F595-30FC-40BC-A072-869A4BE1FBA6","properties":{"overrideid":"","name":"Show Details and Collect Case Details","documentation":"","asynchronousdefinition":"false","exclusivedefinition":"false","executionlisteners":"","multiinstance_type":"None","multiinstance_cardinality":"","multiinstance_collection":"","multiinstance_variable":"","multiinstance_condition":"","isforcompensation":"false","usertasksendemail":true,"usertaskassignment":"","formkeydefinition":"","formreference":{"id":17024,"name":"Review Form","referenceId":17022},"fieldstovariables":"","duedatedefinition":"","prioritydefinition":"","categorydefinition":"","formproperties":"","tasklisteners":"","emailtemplate":""},"stencil":{"id":"UserTask"},"childShapes":[],"outgoing":[{"resourceId":"sid-A71B22C2-7547-4004-AD0E-31AAD0D31744"}],"bounds":{"lowerRight":{"x":275,"y":218},"upperLeft":{"x":175,"y":138}},"dockers":[]},{"resourceId":"sid-DC87C767-F833-4936-9F6B-A45E9CD5E427","properties":{"overrideid":"","name":"","documentation":"","conditionsequenceflow":"","executionlisteners":"","defaultflow":"false"},"stencil":{"id":"SequenceFlow"},"childShapes":[],"outgoing":[{"resourceId":"sid-A6F2F595-30FC-40BC-A072-869A4BE1FBA6"}],"bounds":{"lowerRight":{"x":174.15625,"y":178},"upperLeft":{"x":130.609375,"y":178}},"dockers":[{"x":15,"y":15},{"x":50,"y":40}],"target":{"resourceId":"sid-A6F2F595-30FC-40BC-A072-869A4BE1FBA6"}},{"resourceId":"sid-A71B22C2-7547-4004-AD0E-31AAD0D31744","properties":{"overrideid":"","name":"","documentation":"","conditionsequenceflow":"","executionlisteners":"","defaultflow":"false"},"stencil":{"id":"SequenceFlow"},"childShapes":[],"outgoing":[{"resourceId":"sid-317FE862-7902-4D67-B1C7-34430F6DDCE6"}],"bounds":{"lowerRight":{"x":319.15625,"y":178},"upperLeft":{"x":275.84375,"y":178}},"dockers":[{"x":50,"y":40},{"x":50,"y":40}],"target":{"resourceId":"sid-317FE862-7902-4D67-B1C7-34430F6DDCE6"}},{"resourceId":"sid-02B38C5D-AA5C-4D34-9449-37B46EB75246","properties":{"overrideid":"","name":"","documentation":"","executionlisteners":""},"stencil":{"id":"EndNoneEvent"},"childShapes":[],"outgoing":[],"bounds":{"lowerRight":{"x":493,"y":192},"upperLeft":{"x":465,"y":164}},"dockers":[]},{"resourceId":"sid-283A9E61-2DD1-4B96-BBD2-F305448E54A5","properties":{"overrideid":"","name":"","documentation":"","conditionsequenceflow":"","executionlisteners":"","defaultflow":"false"},"stencil":{"id":"SequenceFlow"},"childShapes":[],"outgoing":[{"resourceId":"sid-02B38C5D-AA5C-4D34-9449-37B46EB75246"}],"bounds":{"lowerRight":{"x":464.375,"y":178},"upperLeft":{"x":420.390625,"y":178}},"dockers":[{"x":50,"y":40},{"x":14,"y":14}],"target":{"resourceId":"sid-02B38C5D-AA5C-4D34-9449-37B46EB75246"}},{"resourceId":"sid-317FE862-7902-4D67-B1C7-34430F6DDCE6","properties":{"overrideid":"","name":"Create Case","documentation":"","alfrescoactiontask_publish_as_type":"","entityattributemapping":{"mappedDataModel":17021,"mappedEntity":"Case","attributeMappings":[{"attributeName":"AccountId","attributeType":"string","attributePrimaryKey":false,"attributeIdentity":false,"attributeRequired":false,"$$hashKey":"uiGrid-006V","variable":{"id":"currentAccount.Id","name":"currentAccount.Id","type":"string","$$hashKey":"object:3706"},"formField":null,"staticValue":null,"valueType":"variable"},{"attributeName":"CaseNumber","attributeType":"string","attributePrimaryKey":false,"attributeIdentity":false,"attributeRequired":false,"$$hashKey":"uiGrid-006X"},{"attributeName":"Description","attributeType":"string","attributePrimaryKey":false,"attributeIdentity":false,"attributeRequired":false,"$$hashKey":"uiGrid-006Z","variable":null,"formField":{"id":"description","name":"Description","type":"text","$$hashKey":"object:3695"},"staticValue":null,"valueType":"field"},{"attributeName":"Subject","attributeType":"string","attributePrimaryKey":false,"attributeIdentity":false,"attributeRequired":false,"$$hashKey":"uiGrid-0071","variable":null,"formField":{"id":"subject","name":"Subject","type":"text","$$hashKey":"object:3730"},"staticValue":null,"valueType":"field"},{"attributeName":"Id","attributeType":"string","attributePrimaryKey":false,"attributeIdentity":false,"attributeRequired":false,"$$hashKey":"uiGrid-0073"}],"newVariableName":"currentCase"},"usertasksendemail":true,"type":"http://b3mn.org/stencilset/bpmn2.0#UserTask","asynchronousdefinition":"false","exclusivedefinition":"false","executionlisteners":"","multiinstance_type":"None","multiinstance_cardinality":"","multiinstance_collection":"","multiinstance_variable":"","multiinstance_condition":"","isforcompensation":"false","emailtemplate":"","usertaskassignment":"","formkeydefinition":"","formreference":"","fieldstovariables":"","duedatedefinition":"","prioritydefinition":"","categorydefinition":"","formproperties":"","tasklisteners":""},"stencil":{"id":"StoreEntityTask"},"childShapes":[],"outgoing":[{"resourceId":"sid-283A9E61-2DD1-4B96-BBD2-F305448E54A5"}],"bounds":{"lowerRight":{"x":420,"y":218},"upperLeft":{"x":320,"y":138}},"dockers":[]}],"bounds":{"lowerRight":{"x":1200,"y":1050},"upperLeft":{"x":0,"y":0}},"stencilset":{"url":"stencilsets/bpmn2.0/bpmn2.0.json","namespace":"http://b3mn.org/stencilset/bpmn2.0#"},"ssextensions":[]}