<?xml version='1.0' encoding='UTF-8'?>
<definitions xmlns="http://www.omg.org/spec/BPMN/20100524/MODEL" xmlns:xsi="http://www.w3.org/2001/XMLSchema-instance" xmlns:xsd="http://www.w3.org/2001/XMLSchema" xmlns:activiti="http://activiti.org/bpmn" xmlns:bpmndi="http://www.omg.org/spec/BPMN/20100524/DI" xmlns:omgdc="http://www.omg.org/spec/DD/20100524/DC" xmlns:omgdi="http://www.omg.org/spec/DD/20100524/DI" typeLanguage="http://www.w3.org/2001/XMLSchema" expressionLanguage="http://www.w3.org/1999/XPath" targetNamespace="http://www.activiti.org/processdef" xmlns:modeler="http://activiti.com/modeler" modeler:version="1.0en" modeler:exportDateTime="20180103143543223" modeler:modelId="17022" modeler:modelVersion="2" modeler:modelLastUpdated="1515011613224">
  <process id="DemoSFDCDataModelIntegration" name="Demo SFDC Data Model Integration" isExecutable="true">
    <startEvent id="startEvent1" activiti:formKey="17023">
      <extensionElements>
        <modeler:form-reference-id><![CDATA[17023]]></modeler:form-reference-id>
        <modeler:form-reference-name><![CDATA[Start Form]]></modeler:form-reference-name>
        <modeler:field-to-variable-mapping modeler:mappedDataModel="17021" modeler:mappedEntity="Account" modeler:formFieldId="accountnumber" modeler:formFieldName="Account Number" modeler:mappedColumn="AccountNumber" modeler:mappedVariableName="currentAccount"/>
        <modeler:editor-resource-id><![CDATA[startEvent1]]></modeler:editor-resource-id>
      </extensionElements>
    </startEvent>
    <userTask id="sid-A6F2F595-30FC-40BC-A072-869A4BE1FBA6" name="Show Details and Collect Case Details" activiti:assignee="$INITIATOR" activiti:formKey="17024">
      <extensionElements>
        <modeler:allow-send-email><![CDATA[true]]></modeler:allow-send-email>
        <modeler:form-reference-id><![CDATA[17024]]></modeler:form-reference-id>
        <modeler:form-reference-name><![CDATA[Review Form]]></modeler:form-reference-name>
        <modeler:activiti-idm-initiator><![CDATA[true]]></modeler:activiti-idm-initiator>
        <modeler:editor-resource-id><![CDATA[sid-A6F2F595-30FC-40BC-A072-869A4BE1FBA6]]></modeler:editor-resource-id>
      </extensionElements>
    </userTask>
    <sequenceFlow id="sid-DC87C767-F833-4936-9F6B-A45E9CD5E427" sourceRef="startEvent1" targetRef="sid-A6F2F595-30FC-40BC-A072-869A4BE1FBA6">
      <extensionElements>
        <modeler:editor-resource-id><![CDATA[sid-DC87C767-F833-4936-9F6B-A45E9CD5E427]]></modeler:editor-resource-id>
      </extensionElements>
    </sequenceFlow>
    <sequenceFlow id="sid-A71B22C2-7547-4004-AD0E-31AAD0D31744" sourceRef="sid-A6F2F595-30FC-40BC-A072-869A4BE1FBA6" targetRef="sid-317FE862-7902-4D67-B1C7-34430F6DDCE6">
      <extensionElements>
        <modeler:editor-resource-id><![CDATA[sid-A71B22C2-7547-4004-AD0E-31AAD0D31744]]></modeler:editor-resource-id>
      </extensionElements>
    </sequenceFlow>
    <endEvent id="sid-02B38C5D-AA5C-4D34-9449-37B46EB75246">
      <extensionElements>
        <modeler:editor-resource-id><![CDATA[sid-02B38C5D-AA5C-4D34-9449-37B46EB75246]]></modeler:editor-resource-id>
      </extensionElements>
    </endEvent>
    <sequenceFlow id="sid-283A9E61-2DD1-4B96-BBD2-F305448E54A5" sourceRef="sid-317FE862-7902-4D67-B1C7-34430F6DDCE6" targetRef="sid-02B38C5D-AA5C-4D34-9449-37B46EB75246">
      <extensionElements>
        <modeler:editor-resource-id><![CDATA[sid-283A9E61-2DD1-4B96-BBD2-F305448E54A5]]></modeler:editor-resource-id>
      </extensionElements>
    </sequenceFlow>
    <serviceTask id="sid-317FE862-7902-4D67-B1C7-34430F6DDCE6" name="Create Case" activiti:delegateExpression="${activiti_storeEntityDelegate}">
      <extensionElements>
        <activiti:field name="publishAsType">
          <activiti:string><![CDATA[process_initiator]]></activiti:string>
        </activiti:field>
        <modeler:entity-attribute-mapping modeler:mappedDataModel="17021" modeler:mappedEntity="Case" modeler:newVariableName="currentCase">
          <modeler:attribute-element-mapping modeler:attribute-name="AccountId" modeler:variable-id="currentAccount.Id" modeler:variable-name="currentAccount.Id" modeler:variable-type="string"/>
          <modeler:attribute-element-mapping modeler:attribute-name="Description" modeler:form-field-id="description" modeler:form-field-name="Description" modeler:form-field-type="text"/>
          <modeler:attribute-element-mapping modeler:attribute-name="Subject" modeler:form-field-id="subject" modeler:form-field-name="Subject" modeler:form-field-type="text"/>
        </modeler:entity-attribute-mapping>
        <modeler:editor-resource-id><![CDATA[sid-317FE862-7902-4D67-B1C7-34430F6DDCE6]]></modeler:editor-resource-id>
      </extensionElements>
    </serviceTask>
  </process>
  <bpmndi:BPMNDiagram id="BPMNDiagram_DemoSFDCDataModelIntegration">
    <bpmndi:BPMNPlane bpmnElement="DemoSFDCDataModelIntegration" id="BPMNPlane_DemoSFDCDataModelIntegration">
      <bpmndi:BPMNShape bpmnElement="startEvent1" id="BPMNShape_startEvent1">
        <omgdc:Bounds height="30.0" width="30.0" x="100.0" y="163.0"/>
      </bpmndi:BPMNShape>
      <bpmndi:BPMNShape bpmnElement="sid-A6F2F595-30FC-40BC-A072-869A4BE1FBA6" id="BPMNShape_sid-A6F2F595-30FC-40BC-A072-869A4BE1FBA6">
        <omgdc:Bounds height="80.0" width="100.0" x="175.0" y="138.0"/>
      </bpmndi:BPMNShape>
      <bpmndi:BPMNShape bpmnElement="sid-02B38C5D-AA5C-4D34-9449-37B46EB75246" id="BPMNShape_sid-02B38C5D-AA5C-4D34-9449-37B46EB75246">
        <omgdc:Bounds height="28.0" width="28.0" x="465.0" y="164.0"/>
      </bpmndi:BPMNShape>
      <bpmndi:BPMNShape bpmnElement="sid-317FE862-7902-4D67-B1C7-34430F6DDCE6" id="BPMNShape_sid-317FE862-7902-4D67-B1C7-34430F6DDCE6">
        <omgdc:Bounds height="80.0" width="100.0" x="320.0" y="138.0"/>
      </bpmndi:BPMNShape>
      <bpmndi:BPMNEdge bpmnElement="sid-DC87C767-F833-4936-9F6B-A45E9CD5E427" id="BPMNEdge_sid-DC87C767-F833-4936-9F6B-A45E9CD5E427">
        <omgdi:waypoint x="130.0" y="178.0"/>
        <omgdi:waypoint x="175.0" y="178.0"/>
      </bpmndi:BPMNEdge>
      <bpmndi:BPMNEdge bpmnElement="sid-283A9E61-2DD1-4B96-BBD2-F305448E54A5" id="BPMNEdge_sid-283A9E61-2DD1-4B96-BBD2-F305448E54A5">
        <omgdi:waypoint x="420.0" y="178.0"/>
        <omgdi:waypoint x="465.0" y="178.0"/>
      </bpmndi:BPMNEdge>
      <bpmndi:BPMNEdge bpmnElement="sid-A71B22C2-7547-4004-AD0E-31AAD0D31744" id="BPMNEdge_sid-A71B22C2-7547-4004-AD0E-31AAD0D31744">
        <omgdi:waypoint x="275.0" y="178.0"/>
        <omgdi:waypoint x="320.0" y="178.0"/>
      </bpmndi:BPMNEdge>
    </bpmndi:BPMNPlane>
  </bpmndi:BPMNDiagram>
</definitions>