{"referenceId":18,"name":"CustomerSatisfactionBusinessRules","description":null,"editorJson":{"id":3003,"name":"CustomerSatisfactionBusinessRules","key":"CustomerSatisfactionBusinessRules","hitIndicator":"FIRST","inputExpressions":[{"id":"3","variableId":"primaryEmotion","variableType":"variable","type":"string","label":"CustomerSatisfaction","entries":null,"newVariable":false},{"id":"5","variableId":"decoodaResult","variableType":"variable","type":"string","label":"ValenceDirection","entries":null,"newVariable":false}],"outputExpressions":[{"id":"6","variableId":"customerExperienceText","variableType":"variable","type":"string","label":"SatifactionResult","entries":null,"newVariable":true},{"id":"12","variableId":"csrAssignee","variableType":"variable","type":"string","label":"","entries":null,"newVariable":false}],"rules":[{"3":"== \"anger\"","5":"","6":"\"Customer is angry with the service provided to them. Please talk to them and see what went wrong\"","12":"\"Manager\""},{"3":"== \"disappointment\"","5":"","6":"\"We have a disappointed customer here. Please talk to them and see what went wrong\"","12":""},{"3":"== \"frustration\"","5":"","6":"\"We have a frustrated customer here. Please talk to them and see what went wrong\"","12":"\"Manager\""},{"3":"== \"unclassified\"","5":"== \"negative\"","6":"\"It looks like the customer is not happy with the service provided to them. System was unable to identify the customer emotion from voice message.  Please listen to the voice mail and talk to the customer accordingly. Assign this task to a supervisor if you judge that customer is either angry or frustrated from the voicemessage \"","12":""},{"3":"== \"unclassified\"","5":"== \"neutral\"","6":"\"System was unable to identify the customer emotion from voice message. Please have a word with the customer and find out if everything was alright\"","12":""},{"3":"== \"happiness\"","5":"== \"neutral\"","6":"\"Please have a word with the customer and make sure everything was OK\"","12":""},{"3":"== \"gratitude\"","5":"== \"neutral\"","6":"\"Please have a word with the customer and make sure everything was OK\"","12":""},{"3":"== \"excitement\"","5":"== \"neutral\"","6":"\"Please have a word with the customer and make sure everything was OK\"","12":""}],"executionVariables":[]}}