<?xml version='1.0' encoding='UTF-8'?>
<definitions xmlns="http://www.omg.org/spec/BPMN/20100524/MODEL" xmlns:xsi="http://www.w3.org/2001/XMLSchema-instance" xmlns:xsd="http://www.w3.org/2001/XMLSchema" xmlns:activiti="http://activiti.org/bpmn" xmlns:bpmndi="http://www.omg.org/spec/BPMN/20100524/DI" xmlns:omgdc="http://www.omg.org/spec/DD/20100524/DC" xmlns:omgdi="http://www.omg.org/spec/DD/20100524/DI" typeLanguage="http://www.w3.org/2001/XMLSchema" expressionLanguage="http://www.w3.org/1999/XPath" targetNamespace="http://www.activiti.org/processdef" xmlns:modeler="http://activiti.com/modeler" modeler:version="1.0en" modeler:exportDateTime="20171102131552570" modeler:modelId="68077" modeler:modelVersion="1" modeler:modelLastUpdated="1509646539591">
  <process id="DroolsTest" name="DroolsTest" isExecutable="true">
    <extensionElements>
      <modeler:executionvariables xmlns:modeler="http://activiti.com/modeler" modeler:variableName="ruleOutput" modeler:variableType="boolean"/>
    </extensionElements>
    <startEvent id="startEvent1">
      <extensionElements>
        <modeler:editor-resource-id><![CDATA[startEvent1]]></modeler:editor-resource-id>
      </extensionElements>
    </startEvent>
    <endEvent id="sid-9615FB43-8E2F-46AA-AA6C-F5311E7C8367">
      <extensionElements>
        <modeler:editor-resource-id><![CDATA[sid-9615FB43-8E2F-46AA-AA6C-F5311E7C8367]]></modeler:editor-resource-id>
      </extensionElements>
    </endEvent>
    <sequenceFlow id="sid-9B8EE8DB-C882-43C1-9D3E-FE4F1E797A3C" sourceRef="sid-39BEEEA3-92FD-4347-9879-24F3E4C3D2F9" targetRef="sid-17ED9A93-3E5A-4A2A-9E68-089624B176B7">
      <extensionElements>
        <modeler:editor-resource-id><![CDATA[sid-9B8EE8DB-C882-43C1-9D3E-FE4F1E797A3C]]></modeler:editor-resource-id>
      </extensionElements>
    </sequenceFlow>
    <businessRuleTask id="sid-39BEEEA3-92FD-4347-9879-24F3E4C3D2F9" name="Run Rules" activiti:ruleVariablesInput="${customer}" activiti:rules="CustomerTypeContainsRule" activiti:resultVariable="output">
      <extensionElements>
        <modeler:editor-resource-id><![CDATA[sid-39BEEEA3-92FD-4347-9879-24F3E4C3D2F9]]></modeler:editor-resource-id>
      </extensionElements>
    </businessRuleTask>
    <sequenceFlow id="sid-BC528D90-E0E4-407E-AB76-84BC315E4EF1" sourceRef="startEvent1" targetRef="sid-DBEC79EB-A8AD-488C-A8EC-EB8D3A5B97DD">
      <extensionElements>
        <modeler:editor-resource-id><![CDATA[sid-BC528D90-E0E4-407E-AB76-84BC315E4EF1]]></modeler:editor-resource-id>
      </extensionElements>
    </sequenceFlow>
    <sequenceFlow id="sid-7EFA113C-8841-4AE2-964C-277541957379" sourceRef="sid-DBEC79EB-A8AD-488C-A8EC-EB8D3A5B97DD" targetRef="sid-39BEEEA3-92FD-4347-9879-24F3E4C3D2F9">
      <extensionElements>
        <modeler:editor-resource-id><![CDATA[sid-7EFA113C-8841-4AE2-964C-277541957379]]></modeler:editor-resource-id>
      </extensionElements>
    </sequenceFlow>
    <scriptTask id="sid-DBEC79EB-A8AD-488C-A8EC-EB8D3A5B97DD" name="Set Customer" scriptFormat="groovy" activiti:autoStoreVariables="false">
      <extensionElements>
        <modeler:editor-resource-id><![CDATA[sid-DBEC79EB-A8AD-488C-A8EC-EB8D3A5B97DD]]></modeler:editor-resource-id>
      </extensionElements>
      <script><![CDATA[import com.alfresco.rules.CustomerRepresentation

CustomerRepresentation customer = new CustomerRepresentation();
customer.setCustTypCD(execution.getVariable("custTypCD"));
execution.setVariable("customer", customer);]]></script>
    </scriptTask>
    <scriptTask id="sid-17ED9A93-3E5A-4A2A-9E68-089624B176B7" name="Print Output" scriptFormat="groovy" activiti:autoStoreVariables="false">
      <extensionElements>
        <modeler:editor-resource-id><![CDATA[sid-17ED9A93-3E5A-4A2A-9E68-089624B176B7]]></modeler:editor-resource-id>
      </extensionElements>
      <script><![CDATA[println customer.getCustomerRuleOutput()]]></script>
    </scriptTask>
    <sequenceFlow id="sid-8C911F86-7853-4540-80CB-EFED1775A5E5" sourceRef="sid-17ED9A93-3E5A-4A2A-9E68-089624B176B7" targetRef="sid-9615FB43-8E2F-46AA-AA6C-F5311E7C8367">
      <extensionElements>
        <modeler:editor-resource-id><![CDATA[sid-8C911F86-7853-4540-80CB-EFED1775A5E5]]></modeler:editor-resource-id>
      </extensionElements>
    </sequenceFlow>
  </process>
  <bpmndi:BPMNDiagram id="BPMNDiagram_DroolsTest">
    <bpmndi:BPMNPlane bpmnElement="DroolsTest" id="BPMNPlane_DroolsTest">
      <bpmndi:BPMNShape bpmnElement="startEvent1" id="BPMNShape_startEvent1">
        <omgdc:Bounds height="30.0" width="29.999999999999996" x="30.000000000000004" y="150.00000000000003"/>
      </bpmndi:BPMNShape>
      <bpmndi:BPMNShape bpmnElement="sid-9615FB43-8E2F-46AA-AA6C-F5311E7C8367" id="BPMNShape_sid-9615FB43-8E2F-46AA-AA6C-F5311E7C8367">
        <omgdc:Bounds height="28.0" width="28.0" x="735.0000000000002" y="151.00000000000009"/>
      </bpmndi:BPMNShape>
      <bpmndi:BPMNShape bpmnElement="sid-39BEEEA3-92FD-4347-9879-24F3E4C3D2F9" id="BPMNShape_sid-39BEEEA3-92FD-4347-9879-24F3E4C3D2F9">
        <omgdc:Bounds height="80.00000000000001" width="99.99999999999994" x="345.00000000000006" y="125.0000000000001"/>
      </bpmndi:BPMNShape>
      <bpmndi:BPMNShape bpmnElement="sid-DBEC79EB-A8AD-488C-A8EC-EB8D3A5B97DD" id="BPMNShape_sid-DBEC79EB-A8AD-488C-A8EC-EB8D3A5B97DD">
        <omgdc:Bounds height="80.00000000000001" width="99.99999999999997" x="165.00000000000003" y="125.00000000000004"/>
      </bpmndi:BPMNShape>
      <bpmndi:BPMNShape bpmnElement="sid-17ED9A93-3E5A-4A2A-9E68-089624B176B7" id="BPMNShape_sid-17ED9A93-3E5A-4A2A-9E68-089624B176B7">
        <omgdc:Bounds height="79.99999999999999" width="100.0" x="525.0000000000002" y="125.00000000000013"/>
      </bpmndi:BPMNShape>
      <bpmndi:BPMNEdge bpmnElement="sid-8C911F86-7853-4540-80CB-EFED1775A5E5" id="BPMNEdge_sid-8C911F86-7853-4540-80CB-EFED1775A5E5">
        <omgdi:waypoint x="625.0000000000002" y="165.0000000000001"/>
        <omgdi:waypoint x="735.0000000000002" y="165.00000000000009"/>
      </bpmndi:BPMNEdge>
      <bpmndi:BPMNEdge bpmnElement="sid-9B8EE8DB-C882-43C1-9D3E-FE4F1E797A3C" id="BPMNEdge_sid-9B8EE8DB-C882-43C1-9D3E-FE4F1E797A3C">
        <omgdi:waypoint x="445.0" y="165.00000000000009"/>
        <omgdi:waypoint x="525.0000000000002" y="165.0000000000001"/>
      </bpmndi:BPMNEdge>
      <bpmndi:BPMNEdge bpmnElement="sid-BC528D90-E0E4-407E-AB76-84BC315E4EF1" id="BPMNEdge_sid-BC528D90-E0E4-407E-AB76-84BC315E4EF1">
        <omgdi:waypoint x="60.0" y="165.00000000000003"/>
        <omgdi:waypoint x="165.00000000000003" y="165.00000000000006"/>
      </bpmndi:BPMNEdge>
      <bpmndi:BPMNEdge bpmnElement="sid-7EFA113C-8841-4AE2-964C-277541957379" id="BPMNEdge_sid-7EFA113C-8841-4AE2-964C-277541957379">
        <omgdi:waypoint x="265.0" y="165.00000000000009"/>
        <omgdi:waypoint x="345.00000000000006" y="165.0000000000001"/>
      </bpmndi:BPMNEdge>
    </bpmndi:BPMNPlane>
  </bpmndi:BPMNDiagram>
</definitions>