{"referenceId":null,"name":"Insurance Process Suite Data Model","description":null,"editorJson":{"id":9,"name":"Insurance Process Suite Data Model","dataSourceType":"custom","entities":[{"name":"Policy","description":"","attributes":[{"name":"policyId","type":"string","description":"","primaryKey":false,"generatedValue":false,"identity":false,"required":true},{"name":"customerName","type":"string","description":"","primaryKey":false,"generatedValue":false,"identity":false,"required":false},{"name":"contactNumber","type":"string","description":"","primaryKey":false,"generatedValue":false,"identity":false,"required":false},{"name":"customerId","type":"string","description":"","primaryKey":false,"generatedValue":false,"identity":false,"required":false},{"name":"dateOfBirth","type":"string","description":"","primaryKey":false,"generatedValue":false,"identity":false,"required":false},{"name":"customerEmail","type":"string","description":"","primaryKey":false,"generatedValue":false,"identity":false,"required":false},{"name":"contactAddress","type":"string","description":"","primaryKey":false,"generatedValue":false,"identity":false,"required":false},{"name":"insuranceType","type":"string","description":"","primaryKey":false,"generatedValue":false,"identity":false,"required":false},{"name":"policyCoverage","type":"string","description":"","primaryKey":false,"generatedValue":false,"identity":false,"required":false},{"name":"startDate","type":"string","description":"","primaryKey":false,"generatedValue":false,"identity":false,"required":false},{"name":"endDate","type":"string","description":"","primaryKey":false,"generatedValue":false,"identity":false,"required":false},{"name":"insuranceAmount","type":"string","description":"","primaryKey":false,"generatedValue":false,"identity":false,"required":false},{"name":"deductibleAmount","type":"string","description":"","primaryKey":false,"generatedValue":false,"identity":false,"required":false},{"name":"addressToInsure","type":"string","description":"","primaryKey":false,"generatedValue":false,"identity":false,"required":false},{"name":"ageOfProperty","type":"string","description":"","primaryKey":false,"generatedValue":false,"identity":false,"required":false}]},{"name":"Claim","description":"","attributes":[{"name":"claimId","type":"string","description":"","primaryKey":false,"generatedValue":false,"identity":false,"required":false},{"name":"policyId","type":"string","description":"","primaryKey":false,"generatedValue":false,"identity":false,"required":false},{"name":"customerId","type":"string","description":"","primaryKey":false,"generatedValue":false,"identity":false,"required":false},{"name":"claimStatus","type":"string","description":"","primaryKey":false,"generatedValue":false,"identity":false,"required":false},{"name":"lastUpdated","type":"string","description":"","primaryKey":false,"generatedValue":false,"identity":false,"required":false},{"name":"customerName","type":"string","description":"","primaryKey":false,"generatedValue":false,"identity":false,"required":false},{"name":"contactNumber","type":"string","description":"","primaryKey":false,"generatedValue":false,"identity":false,"required":false},{"name":"contactAddress","type":"string","description":"","primaryKey":false,"generatedValue":false,"identity":false,"required":false},{"name":"contactEmail","type":"string","description":"","primaryKey":false,"generatedValue":false,"identity":false,"required":false},{"name":"dateOfIncident","type":"string","description":"","primaryKey":false,"generatedValue":false,"identity":false,"required":false},{"name":"placeOfIncident","type":"string","description":"","primaryKey":false,"generatedValue":false,"identity":false,"required":false},{"name":"responsiblePersons","type":"string","description":"","primaryKey":false,"generatedValue":false,"identity":false,"required":false},{"name":"incidentDescription","type":"string","description":"","primaryKey":false,"generatedValue":false,"identity":false,"required":false},{"name":"eyeWitnesses","type":"string","description":"","primaryKey":false,"generatedValue":false,"identity":false,"required":false},{"name":"currentTotalValueOfAllPropertyInsured","type":"string","description":"","primaryKey":false,"generatedValue":false,"identity":false,"required":false}]}]}}