{"referenceId":10010,"name":"DiscountRules","description":null,"editorJson":{"id":10013,"name":"DiscountRules","key":"DiscountRules","hitIndicator":"FIRST","inputExpressions":[{"id":"3","variableId":"discountrequested","variableType":"formfield","type":"number","label":"Discount %","entries":null,"newVariable":false}],"outputExpressions":[{"id":"6","variableId":"autoApproved","variableType":"variable","type":"boolean","label":"Auto Approved","entries":null,"newVariable":true}],"rules":[{"3":"> 20","6":"false"},{"3":"<= 20","6":"true"}],"executionVariables":[]}}