<?xml version='1.0' encoding='UTF-8'?>
<definitions xmlns="http://www.omg.org/spec/BPMN/20100524/MODEL" xmlns:xsi="http://www.w3.org/2001/XMLSchema-instance" xmlns:xsd="http://www.w3.org/2001/XMLSchema" xmlns:activiti="http://activiti.org/bpmn" xmlns:bpmndi="http://www.omg.org/spec/BPMN/20100524/DI" xmlns:omgdc="http://www.omg.org/spec/DD/20100524/DC" xmlns:omgdi="http://www.omg.org/spec/DD/20100524/DI" typeLanguage="http://www.w3.org/2001/XMLSchema" expressionLanguage="http://www.w3.org/1999/XPath" targetNamespace="http://www.activiti.org/processdef" xmlns:modeler="http://activiti.com/modeler" modeler:version="1.0en" modeler:exportDateTime="20180111091356575" modeler:modelId="22022" modeler:modelVersion="3" modeler:modelLastUpdated="1515683301274" modeler:modelStencilSet="6006">
  <process id="SaveDocstoFileSystem" name="Save Docs to File System" isExecutable="true">
    <startEvent id="startEvent1" activiti:formKey="22023">
      <extensionElements>
        <modeler:form-reference-id><![CDATA[22023]]></modeler:form-reference-id>
        <modeler:form-reference-name><![CDATA[Form with Attachments]]></modeler:form-reference-name>
        <modeler:editor-resource-id><![CDATA[startEvent1]]></modeler:editor-resource-id>
      </extensionElements>
    </startEvent>
    <serviceTask id="sid-5534E516-7A28-435C-A086-CBB0209BD726" name="Save All Documents" activiti:async="true" activiti:exclusive="false" activiti:delegateExpression="${saveDocuments}" activiti:extensionId="save_documents">
      <extensionElements>
        <activiti:field name="path">
          <activiti:string><![CDATA[/tmp/all]]></activiti:string>
        </activiti:field>
        <activiti:executionListener event="start" class="com.activiti.runtime.activiti.ContentProcessorExecutionListener">
          <activiti:field name="externalContentHandler">
            <activiti:expression><![CDATA[${externalContentHandler}]]></activiti:expression>
          </activiti:field>
        </activiti:executionListener>
        <modeler:editor-resource-id><![CDATA[sid-5534E516-7A28-435C-A086-CBB0209BD726]]></modeler:editor-resource-id>
        <modeler:ignore-listener-on-import><![CDATA[com.activiti.runtime.activiti.ContentProcessorExecutionListener]]></modeler:ignore-listener-on-import>
      </extensionElements>
    </serviceTask>
    <serviceTask id="sid-78C2B701-FF25-4098-8314-8DDF84C8BC0E" name="Save Field 1" activiti:async="true" activiti:exclusive="false" activiti:delegateExpression="${saveDocuments}" activiti:extensionId="save_documents">
      <extensionElements>
        <activiti:field name="path">
          <activiti:string><![CDATA[/tmp/${field1location}]]></activiti:string>
        </activiti:field>
        <activiti:field name="contentField">
          <activiti:string><![CDATA[field1]]></activiti:string>
        </activiti:field>
        <modeler:editor-resource-id><![CDATA[sid-78C2B701-FF25-4098-8314-8DDF84C8BC0E]]></modeler:editor-resource-id>
      </extensionElements>
    </serviceTask>
    <sequenceFlow id="sid-BB3AED07-57C8-4424-B478-156AF95DC4A5" sourceRef="startEvent1" targetRef="sid-5534E516-7A28-435C-A086-CBB0209BD726">
      <extensionElements>
        <modeler:editor-resource-id><![CDATA[sid-BB3AED07-57C8-4424-B478-156AF95DC4A5]]></modeler:editor-resource-id>
      </extensionElements>
    </sequenceFlow>
    <sequenceFlow id="sid-A291308C-C088-45D1-95CA-D6A646D6C55A" sourceRef="sid-5534E516-7A28-435C-A086-CBB0209BD726" targetRef="sid-78C2B701-FF25-4098-8314-8DDF84C8BC0E">
      <extensionElements>
        <modeler:editor-resource-id><![CDATA[sid-A291308C-C088-45D1-95CA-D6A646D6C55A]]></modeler:editor-resource-id>
      </extensionElements>
    </sequenceFlow>
    <endEvent id="sid-466CAA00-3382-4FC3-9118-B97F2559BE84">
      <extensionElements>
        <modeler:editor-resource-id><![CDATA[sid-466CAA00-3382-4FC3-9118-B97F2559BE84]]></modeler:editor-resource-id>
      </extensionElements>
    </endEvent>
    <sequenceFlow id="sid-17B3D52C-16E1-45EC-93DE-0761FA689FD5" sourceRef="sid-78C2B701-FF25-4098-8314-8DDF84C8BC0E" targetRef="sid-466CAA00-3382-4FC3-9118-B97F2559BE84">
      <extensionElements>
        <modeler:editor-resource-id><![CDATA[sid-17B3D52C-16E1-45EC-93DE-0761FA689FD5]]></modeler:editor-resource-id>
      </extensionElements>
    </sequenceFlow>
  </process>
  <bpmndi:BPMNDiagram id="BPMNDiagram_SaveDocstoFileSystem">
    <bpmndi:BPMNPlane bpmnElement="SaveDocstoFileSystem" id="BPMNPlane_SaveDocstoFileSystem">
      <bpmndi:BPMNShape bpmnElement="startEvent1" id="BPMNShape_startEvent1">
        <omgdc:Bounds height="30.0" width="30.0" x="90.00000000000001" y="150.00000000000003"/>
      </bpmndi:BPMNShape>
      <bpmndi:BPMNShape bpmnElement="sid-5534E516-7A28-435C-A086-CBB0209BD726" id="BPMNShape_sid-5534E516-7A28-435C-A086-CBB0209BD726">
        <omgdc:Bounds height="80.00000000000001" width="100.00000000000003" x="234.77776394361317" y="125.00000000000004"/>
      </bpmndi:BPMNShape>
      <bpmndi:BPMNShape bpmnElement="sid-78C2B701-FF25-4098-8314-8DDF84C8BC0E" id="BPMNShape_sid-78C2B701-FF25-4098-8314-8DDF84C8BC0E">
        <omgdc:Bounds height="80.00000000000001" width="99.99999999999994" x="435.00000000000006" y="125.00000000000004"/>
      </bpmndi:BPMNShape>
      <bpmndi:BPMNShape bpmnElement="sid-466CAA00-3382-4FC3-9118-B97F2559BE84" id="BPMNShape_sid-466CAA00-3382-4FC3-9118-B97F2559BE84">
        <omgdc:Bounds height="28.0" width="28.0" x="660.0000000000001" y="151.00000000000006"/>
      </bpmndi:BPMNShape>
      <bpmndi:BPMNEdge bpmnElement="sid-17B3D52C-16E1-45EC-93DE-0761FA689FD5" id="BPMNEdge_sid-17B3D52C-16E1-45EC-93DE-0761FA689FD5">
        <omgdi:waypoint x="535.0" y="165.00000000000006"/>
        <omgdi:waypoint x="660.0000000000001" y="165.00000000000006"/>
      </bpmndi:BPMNEdge>
      <bpmndi:BPMNEdge bpmnElement="sid-BB3AED07-57C8-4424-B478-156AF95DC4A5" id="BPMNEdge_sid-BB3AED07-57C8-4424-B478-156AF95DC4A5">
        <omgdi:waypoint x="120.00000000000001" y="165.00000000000003"/>
        <omgdi:waypoint x="234.77776394361317" y="165.00000000000006"/>
      </bpmndi:BPMNEdge>
      <bpmndi:BPMNEdge bpmnElement="sid-A291308C-C088-45D1-95CA-D6A646D6C55A" id="BPMNEdge_sid-A291308C-C088-45D1-95CA-D6A646D6C55A">
        <omgdi:waypoint x="334.7777639436132" y="165.00000000000006"/>
        <omgdi:waypoint x="435.00000000000006" y="165.00000000000006"/>
      </bpmndi:BPMNEdge>
    </bpmndi:BPMNPlane>
  </bpmndi:BPMNDiagram>
</definitions>