{"resourceId":22022,"properties":{"process_id":"SaveDocstoFileSystem","name":"Save Docs to File System","documentation":"","process_author":"","process_version":"","process_namespace":"http://www.activiti.org/processdef","executionlisteners":"","eventlisteners":"","signaldefinitions":"","messagedefinitions":"","executionvariables":"","metadata":""},"stencil":{"id":"BPMNDiagram"},"childShapes":[{"resourceId":"startEvent1","properties":{"overrideid":"","name":"","documentation":"","executionlisteners":"","initiator":"","formkeydefinition":"","formreference":{"id":22023,"name":"Form with Attachments","referenceId":22022},"fieldstovariables":"","formproperties":""},"stencil":{"id":"StartNoneEvent"},"childShapes":[],"outgoing":[{"resourceId":"sid-5B587227-4916-4217-B417-58FCDA842607"}],"bounds":{"lowerRight":{"x":120.00000000000001,"y":180.00000000000003},"upperLeft":{"x":90.00000000000001,"y":150.00000000000003}},"dockers":[]},{"resourceId":"sid-5534E516-7A28-435C-A086-CBB0209BD726","properties":{"name":"Save All Documents","documentation":"","asynchronousdefinition":"false","exclusivedefinition":"false","executionlisteners":"","multiinstance_type":"None","multiinstance_cardinality":"","multiinstance_collection":"","multiinstance_variable":"","multiinstance_condition":"","isforcompensation":"false","servicetaskresultvariable":"","savepath":"/tmp/all","contentfield":""},"stencil":{"id":"save_documents"},"childShapes":[],"outgoing":[{"resourceId":"sid-A291308C-C088-45D1-95CA-D6A646D6C55A"}],"bounds":{"lowerRight":{"x":415.0000000000001,"y":205.00000000000006},"upperLeft":{"x":315.00000000000006,"y":125.00000000000004}},"dockers":[]},{"resourceId":"sid-78C2B701-FF25-4098-8314-8DDF84C8BC0E","properties":{"name":"Save Field 1","documentation":"","asynchronousdefinition":"false","exclusivedefinition":"false","executionlisteners":"","multiinstance_type":"None","multiinstance_cardinality":"","multiinstance_collection":"","multiinstance_variable":"","multiinstance_condition":"","isforcompensation":"false","servicetaskresultvariable":"","savepath":"/tmp/${field1location}","contentfield":"field1"},"stencil":{"id":"save_documents"},"childShapes":[],"outgoing":[{"resourceId":"sid-17B3D52C-16E1-45EC-93DE-0761FA689FD5"}],"bounds":{"lowerRight":{"x":580,"y":205.00000000000009},"upperLeft":{"x":480.00000000000006,"y":125.00000000000007}},"dockers":[]},{"resourceId":"sid-A291308C-C088-45D1-95CA-D6A646D6C55A","properties":{"overrideid":"","name":"","documentation":"","conditionsequenceflow":"","executionlisteners":"","defaultflow":"false"},"stencil":{"id":"SequenceFlow"},"childShapes":[],"outgoing":[{"resourceId":"sid-78C2B701-FF25-4098-8314-8DDF84C8BC0E"}],"bounds":{"lowerRight":{"x":479.37109375,"y":165.00000000000006},"upperLeft":{"x":415.62890625,"y":165.00000000000006}},"dockers":[{"x":50.000000000000014,"y":40},{"x":49.99999999999997,"y":40.00000000000001}],"target":{"resourceId":"sid-78C2B701-FF25-4098-8314-8DDF84C8BC0E"}},{"resourceId":"sid-466CAA00-3382-4FC3-9118-B97F2559BE84","properties":{"overrideid":"","name":"","documentation":"","executionlisteners":""},"stencil":{"id":"EndNoneEvent"},"childShapes":[],"outgoing":[],"bounds":{"lowerRight":{"x":688.0000000000001,"y":179.00000000000006},"upperLeft":{"x":660.0000000000001,"y":151.00000000000006}},"dockers":[]},{"resourceId":"sid-17B3D52C-16E1-45EC-93DE-0761FA689FD5","properties":{"overrideid":"","name":"","documentation":"","conditionsequenceflow":"","executionlisteners":"","defaultflow":"false"},"stencil":{"id":"SequenceFlow"},"childShapes":[],"outgoing":[{"resourceId":"sid-466CAA00-3382-4FC3-9118-B97F2559BE84"}],"bounds":{"lowerRight":{"x":659.5,"y":165.00000000000006},"upperLeft":{"x":580.5,"y":165.00000000000006}},"dockers":[{"x":50,"y":40},{"x":14,"y":14}],"target":{"resourceId":"sid-466CAA00-3382-4FC3-9118-B97F2559BE84"}},{"resourceId":"sid-5B587227-4916-4217-B417-58FCDA842607","properties":{"overrideid":"","name":"","documentation":"","conditionsequenceflow":"","executionlisteners":"","defaultflow":"false"},"stencil":{"id":"SequenceFlow"},"childShapes":[],"outgoing":[{"resourceId":"sid-57353D6D-5EEF-486E-AD9A-0EAAB98040B8"}],"bounds":{"lowerRight":{"x":164.15625,"y":165.00000000000003},"upperLeft":{"x":120.609375,"y":165.00000000000003}},"dockers":[{"x":15,"y":15},{"x":50,"y":40}],"target":{"resourceId":"sid-57353D6D-5EEF-486E-AD9A-0EAAB98040B8"}},{"resourceId":"sid-4940ACB4-0CA8-4BB2-8B40-AB5D4083A5B7","properties":{"overrideid":"","name":"","documentation":"","conditionsequenceflow":"","executionlisteners":"","defaultflow":"false"},"stencil":{"id":"SequenceFlow"},"childShapes":[],"outgoing":[{"resourceId":"sid-5534E516-7A28-435C-A086-CBB0209BD726"}],"bounds":{"lowerRight":{"x":314.7812500000001,"y":165.00000000000006},"upperLeft":{"x":265.21875000000006,"y":165.00000000000006}},"dockers":[{"x":50,"y":40},{"x":50.00000000000003,"y":40.00000000000001}],"target":{"resourceId":"sid-5534E516-7A28-435C-A086-CBB0209BD726"}},{"resourceId":"sid-57353D6D-5EEF-486E-AD9A-0EAAB98040B8","properties":{"overrideid":"","name":"Generate Doc","documentation":"","generatedocumenttemplate":{"id":2,"name":"Doc Template.docx"},"generatedocumenttaskoutputformat":"","executionvariable_document":{"variableName":"genDoc","variableType":"document"},"generatedocumentfilename":"Generated Document","multiinstance_cardinality":"","prioritydefinition":"","duedatedefinition":"","multiinstance_condition":"","tasklisteners":"","formproperties":"","usertasksendemail":true,"type":"http://b3mn.org/stencilset/bpmn2.0#UserTask","asynchronousdefinition":"false","exclusivedefinition":"false","executionlisteners":"","multiinstance_type":"None","fieldstovariables":"","multiinstance_collection":"","multiinstance_variable":"","categorydefinition":"","isforcompensation":"false","emailtemplate":"","usertaskassignment":"","formkeydefinition":"","formreference":""},"stencil":{"id":"GenerateDocumentTask"},"childShapes":[],"outgoing":[{"resourceId":"sid-4940ACB4-0CA8-4BB2-8B40-AB5D4083A5B7"}],"bounds":{"lowerRight":{"x":265,"y":205.00000000000003},"upperLeft":{"x":165,"y":125.00000000000003}},"dockers":[]}],"bounds":{"lowerRight":{"x":1200,"y":1050},"upperLeft":{"x":0,"y":0}},"stencilset":{"url":"stencilsets/bpmn2.0/bpmn2.0.json","namespace":"http://b3mn.org/stencilset/bpmn2.0#"},"ssextensions":[]}