<?xml version='1.0' encoding='UTF-8'?>
<definitions xmlns="http://www.omg.org/spec/BPMN/20100524/MODEL" xmlns:xsi="http://www.w3.org/2001/XMLSchema-instance" xmlns:xsd="http://www.w3.org/2001/XMLSchema" xmlns:activiti="http://activiti.org/bpmn" xmlns:bpmndi="http://www.omg.org/spec/BPMN/20100524/DI" xmlns:omgdc="http://www.omg.org/spec/DD/20100524/DC" xmlns:omgdi="http://www.omg.org/spec/DD/20100524/DI" typeLanguage="http://www.w3.org/2001/XMLSchema" expressionLanguage="http://www.w3.org/1999/XPath" targetNamespace="http://www.activiti.org/processdef" xmlns:modeler="http://activiti.com/modeler" modeler:version="1.0en" modeler:exportDateTime="20180111102125680" modeler:modelId="22022" modeler:modelVersion="7" modeler:modelLastUpdated="1515685688488" modeler:modelStencilSet="6006">
  <process id="SaveDocstoFileSystem" name="Save Docs to File System" isExecutable="true">
    <startEvent id="startEvent1" activiti:formKey="22023">
      <extensionElements>
        <modeler:form-reference-id><![CDATA[22023]]></modeler:form-reference-id>
        <modeler:form-reference-name><![CDATA[Form with Attachments]]></modeler:form-reference-name>
        <modeler:editor-resource-id><![CDATA[startEvent1]]></modeler:editor-resource-id>
      </extensionElements>
    </startEvent>
    <serviceTask id="sid-5534E516-7A28-435C-A086-CBB0209BD726" name="Save All Documents" activiti:async="true" activiti:exclusive="false" activiti:delegateExpression="${saveDocuments}" activiti:extensionId="save_documents">
      <extensionElements>
        <activiti:field name="path">
          <activiti:string><![CDATA[/tmp/all]]></activiti:string>
        </activiti:field>
        <modeler:editor-resource-id><![CDATA[sid-5534E516-7A28-435C-A086-CBB0209BD726]]></modeler:editor-resource-id>
      </extensionElements>
    </serviceTask>
    <serviceTask id="sid-78C2B701-FF25-4098-8314-8DDF84C8BC0E" name="Save Field 1" activiti:async="true" activiti:exclusive="false" activiti:delegateExpression="${saveDocuments}" activiti:extensionId="save_documents">
      <extensionElements>
        <activiti:field name="path">
          <activiti:string><![CDATA[/tmp/${field1location}]]></activiti:string>
        </activiti:field>
        <activiti:field name="contentField">
          <activiti:string><![CDATA[field1]]></activiti:string>
        </activiti:field>
        <modeler:editor-resource-id><![CDATA[sid-78C2B701-FF25-4098-8314-8DDF84C8BC0E]]></modeler:editor-resource-id>
      </extensionElements>
    </serviceTask>
    <sequenceFlow id="sid-A291308C-C088-45D1-95CA-D6A646D6C55A" sourceRef="sid-5534E516-7A28-435C-A086-CBB0209BD726" targetRef="sid-78C2B701-FF25-4098-8314-8DDF84C8BC0E">
      <extensionElements>
        <modeler:editor-resource-id><![CDATA[sid-A291308C-C088-45D1-95CA-D6A646D6C55A]]></modeler:editor-resource-id>
      </extensionElements>
    </sequenceFlow>
    <endEvent id="sid-466CAA00-3382-4FC3-9118-B97F2559BE84">
      <extensionElements>
        <modeler:editor-resource-id><![CDATA[sid-466CAA00-3382-4FC3-9118-B97F2559BE84]]></modeler:editor-resource-id>
      </extensionElements>
    </endEvent>
    <sequenceFlow id="sid-17B3D52C-16E1-45EC-93DE-0761FA689FD5" sourceRef="sid-78C2B701-FF25-4098-8314-8DDF84C8BC0E" targetRef="sid-466CAA00-3382-4FC3-9118-B97F2559BE84">
      <extensionElements>
        <modeler:editor-resource-id><![CDATA[sid-17B3D52C-16E1-45EC-93DE-0761FA689FD5]]></modeler:editor-resource-id>
      </extensionElements>
    </sequenceFlow>
    <sequenceFlow id="sid-5B587227-4916-4217-B417-58FCDA842607" sourceRef="startEvent1" targetRef="sid-57353D6D-5EEF-486E-AD9A-0EAAB98040B8">
      <extensionElements>
        <modeler:editor-resource-id><![CDATA[sid-5B587227-4916-4217-B417-58FCDA842607]]></modeler:editor-resource-id>
      </extensionElements>
    </sequenceFlow>
    <sequenceFlow id="sid-4940ACB4-0CA8-4BB2-8B40-AB5D4083A5B7" sourceRef="sid-57353D6D-5EEF-486E-AD9A-0EAAB98040B8" targetRef="sid-5534E516-7A28-435C-A086-CBB0209BD726">
      <extensionElements>
        <modeler:editor-resource-id><![CDATA[sid-4940ACB4-0CA8-4BB2-8B40-AB5D4083A5B7]]></modeler:editor-resource-id>
      </extensionElements>
    </sequenceFlow>
    <serviceTask id="sid-57353D6D-5EEF-486E-AD9A-0EAAB98040B8" name="Generate Doc" activiti:async="true" activiti:delegateExpression="${activiti_generateDocumentDelegate}">
      <extensionElements>
        <activiti:field name="outputFormat">
          <activiti:string><![CDATA[pdf]]></activiti:string>
        </activiti:field>
        <activiti:field name="templateId">
          <activiti:string><![CDATA[1001]]></activiti:string>
        </activiti:field>
        <activiti:field name="templateName">
          <activiti:string><![CDATA[Generate Doc Template.docx]]></activiti:string>
        </activiti:field>
        <activiti:field name="fileName">
          <activiti:string><![CDATA[Generated Document]]></activiti:string>
        </activiti:field>
        <activiti:field name="variableName">
          <activiti:string><![CDATA[genDoc]]></activiti:string>
        </activiti:field>
        <activiti:executionListener event="start" class="com.activiti.runtime.activiti.ContentProcessorExecutionListener">
          <activiti:field name="externalContentHandler">
            <activiti:expression><![CDATA[${externalContentHandler}]]></activiti:expression>
          </activiti:field>
        </activiti:executionListener>
        <modeler:executionvariables modeler:variableName="genDoc" modeler:variableType="document"/>
        <modeler:editor-resource-id><![CDATA[sid-57353D6D-5EEF-486E-AD9A-0EAAB98040B8]]></modeler:editor-resource-id>
        <modeler:ignore-listener-on-import><![CDATA[com.activiti.runtime.activiti.ContentProcessorExecutionListener]]></modeler:ignore-listener-on-import>
      </extensionElements>
    </serviceTask>
  </process>
  <bpmndi:BPMNDiagram id="BPMNDiagram_SaveDocstoFileSystem">
    <bpmndi:BPMNPlane bpmnElement="SaveDocstoFileSystem" id="BPMNPlane_SaveDocstoFileSystem">
      <bpmndi:BPMNShape bpmnElement="startEvent1" id="BPMNShape_startEvent1">
        <omgdc:Bounds height="30.0" width="30.0" x="90.00000000000001" y="150.00000000000003"/>
      </bpmndi:BPMNShape>
      <bpmndi:BPMNShape bpmnElement="sid-5534E516-7A28-435C-A086-CBB0209BD726" id="BPMNShape_sid-5534E516-7A28-435C-A086-CBB0209BD726">
        <omgdc:Bounds height="80.00000000000001" width="100.00000000000006" x="315.00000000000006" y="125.00000000000004"/>
      </bpmndi:BPMNShape>
      <bpmndi:BPMNShape bpmnElement="sid-78C2B701-FF25-4098-8314-8DDF84C8BC0E" id="BPMNShape_sid-78C2B701-FF25-4098-8314-8DDF84C8BC0E">
        <omgdc:Bounds height="80.00000000000001" width="99.99999999999994" x="480.00000000000006" y="125.00000000000007"/>
      </bpmndi:BPMNShape>
      <bpmndi:BPMNShape bpmnElement="sid-466CAA00-3382-4FC3-9118-B97F2559BE84" id="BPMNShape_sid-466CAA00-3382-4FC3-9118-B97F2559BE84">
        <omgdc:Bounds height="28.0" width="28.0" x="660.0000000000001" y="151.00000000000006"/>
      </bpmndi:BPMNShape>
      <bpmndi:BPMNShape bpmnElement="sid-57353D6D-5EEF-486E-AD9A-0EAAB98040B8" id="BPMNShape_sid-57353D6D-5EEF-486E-AD9A-0EAAB98040B8">
        <omgdc:Bounds height="80.0" width="100.0" x="165.0" y="125.00000000000003"/>
      </bpmndi:BPMNShape>
      <bpmndi:BPMNEdge bpmnElement="sid-17B3D52C-16E1-45EC-93DE-0761FA689FD5" id="BPMNEdge_sid-17B3D52C-16E1-45EC-93DE-0761FA689FD5">
        <omgdi:waypoint x="580.0" y="165.00000000000006"/>
        <omgdi:waypoint x="660.0000000000001" y="165.00000000000006"/>
      </bpmndi:BPMNEdge>
      <bpmndi:BPMNEdge bpmnElement="sid-A291308C-C088-45D1-95CA-D6A646D6C55A" id="BPMNEdge_sid-A291308C-C088-45D1-95CA-D6A646D6C55A">
        <omgdi:waypoint x="415.0000000000001" y="165.00000000000006"/>
        <omgdi:waypoint x="480.00000000000006" y="165.00000000000009"/>
      </bpmndi:BPMNEdge>
      <bpmndi:BPMNEdge bpmnElement="sid-4940ACB4-0CA8-4BB2-8B40-AB5D4083A5B7" id="BPMNEdge_sid-4940ACB4-0CA8-4BB2-8B40-AB5D4083A5B7">
        <omgdi:waypoint x="265.0" y="165.00000000000003"/>
        <omgdi:waypoint x="315.00000000000006" y="165.00000000000006"/>
      </bpmndi:BPMNEdge>
      <bpmndi:BPMNEdge bpmnElement="sid-5B587227-4916-4217-B417-58FCDA842607" id="BPMNEdge_sid-5B587227-4916-4217-B417-58FCDA842607">
        <omgdi:waypoint x="120.00000000000001" y="165.00000000000003"/>
        <omgdi:waypoint x="165.0" y="165.00000000000003"/>
      </bpmndi:BPMNEdge>
    </bpmndi:BPMNPlane>
  </bpmndi:BPMNDiagram>
</definitions>