{"resourceId":22022,"properties":{"process_id":"SaveDocstoFileSystem","name":"Save Docs to File System","documentation":"","process_author":"","process_version":"","process_namespace":"http://www.activiti.org/processdef","executionlisteners":"","eventlisteners":"","signaldefinitions":"","messagedefinitions":"","executionvariables":"","metadata":""},"stencil":{"id":"BPMNDiagram"},"childShapes":[{"resourceId":"startEvent1","properties":{"overrideid":"","name":"","documentation":"","executionlisteners":"","initiator":"","formkeydefinition":"","formreference":{"id":22023,"name":"Form with Attachments","referenceId":22022},"fieldstovariables":"","formproperties":""},"stencil":{"id":"StartNoneEvent"},"childShapes":[],"outgoing":[{"resourceId":"sid-BB3AED07-57C8-4424-B478-156AF95DC4A5"}],"bounds":{"lowerRight":{"x":120.00000000000001,"y":180.00000000000003},"upperLeft":{"x":90.00000000000001,"y":150.00000000000003}},"dockers":[]},{"resourceId":"sid-5534E516-7A28-435C-A086-CBB0209BD726","properties":{"name":"Save All Documents","documentation":"","asynchronousdefinition":"false","exclusivedefinition":"false","executionlisteners":"","multiinstance_type":"None","multiinstance_cardinality":"","multiinstance_collection":"","multiinstance_variable":"","multiinstance_condition":"","isforcompensation":"false","servicetaskresultvariable":"","savepath":"/tmp/all","contentfield":""},"stencil":{"id":"save_documents"},"childShapes":[],"outgoing":[{"resourceId":"sid-A291308C-C088-45D1-95CA-D6A646D6C55A"}],"bounds":{"lowerRight":{"x":334.7777639436132,"y":205.00000000000006},"upperLeft":{"x":234.77776394361317,"y":125.00000000000004}},"dockers":[]},{"resourceId":"sid-78C2B701-FF25-4098-8314-8DDF84C8BC0E","properties":{"name":"Save Field 1","documentation":"","asynchronousdefinition":"false","exclusivedefinition":"false","executionlisteners":"","multiinstance_type":"None","multiinstance_cardinality":"","multiinstance_collection":"","multiinstance_variable":"","multiinstance_condition":"","isforcompensation":"false","servicetaskresultvariable":"","savepath":"/tmp/${field1location}","contentfield":"field1"},"stencil":{"id":"save_documents"},"childShapes":[],"outgoing":[{"resourceId":"sid-17B3D52C-16E1-45EC-93DE-0761FA689FD5"}],"bounds":{"lowerRight":{"x":535,"y":205.00000000000006},"upperLeft":{"x":435.00000000000006,"y":125.00000000000004}},"dockers":[]},{"resourceId":"sid-BB3AED07-57C8-4424-B478-156AF95DC4A5","properties":{"overrideid":"","name":"","documentation":"","conditionsequenceflow":"","executionlisteners":"","defaultflow":"false"},"stencil":{"id":"SequenceFlow"},"childShapes":[],"outgoing":[{"resourceId":"sid-5534E516-7A28-435C-A086-CBB0209BD726"}],"bounds":{"lowerRight":{"x":234.61978161528148,"y":165.00000000000006},"upperLeft":{"x":120.04513780809481,"y":165.00000000000006}},"dockers":[{"x":15,"y":15},{"x":50.000000000000014,"y":40.00000000000001}],"target":{"resourceId":"sid-5534E516-7A28-435C-A086-CBB0209BD726"}},{"resourceId":"sid-A291308C-C088-45D1-95CA-D6A646D6C55A","properties":{"overrideid":"","name":"","documentation":"","conditionsequenceflow":"","executionlisteners":"","defaultflow":"false"},"stencil":{"id":"SequenceFlow"},"childShapes":[],"outgoing":[{"resourceId":"sid-78C2B701-FF25-4098-8314-8DDF84C8BC0E"}],"bounds":{"lowerRight":{"x":434.72655909549854,"y":165.00000000000006},"upperLeft":{"x":335.05120484811465,"y":165.00000000000006}},"dockers":[{"x":50,"y":40},{"x":49.99999999999997,"y":40.00000000000001}],"target":{"resourceId":"sid-78C2B701-FF25-4098-8314-8DDF84C8BC0E"}},{"resourceId":"sid-466CAA00-3382-4FC3-9118-B97F2559BE84","properties":{"overrideid":"","name":"","documentation":"","executionlisteners":""},"stencil":{"id":"EndNoneEvent"},"childShapes":[],"outgoing":[],"bounds":{"lowerRight":{"x":688.0000000000001,"y":179.00000000000006},"upperLeft":{"x":660.0000000000001,"y":151.00000000000006}},"dockers":[]},{"resourceId":"sid-17B3D52C-16E1-45EC-93DE-0761FA689FD5","properties":{"overrideid":"","name":"","documentation":"","conditionsequenceflow":"","executionlisteners":"","defaultflow":"false"},"stencil":{"id":"SequenceFlow"},"childShapes":[],"outgoing":[{"resourceId":"sid-466CAA00-3382-4FC3-9118-B97F2559BE84"}],"bounds":{"lowerRight":{"x":659.7109375000001,"y":165.00000000000006},"upperLeft":{"x":535.4648437500001,"y":165.00000000000006}},"dockers":[{"x":50,"y":40},{"x":14,"y":14}],"target":{"resourceId":"sid-466CAA00-3382-4FC3-9118-B97F2559BE84"}}],"bounds":{"lowerRight":{"x":1200,"y":1050},"upperLeft":{"x":0,"y":0}},"stencilset":{"url":"stencilsets/bpmn2.0/bpmn2.0.json","namespace":"http://b3mn.org/stencilset/bpmn2.0#"},"ssextensions":[]}