{"resourceId":14015,"properties":{"process_id":"aps-attach-task-form-extension","name":"aps-attach-task-form-extension","documentation":"","process_author":"","process_version":"","process_namespace":"http://www.activiti.org/processdef","executionlisteners":"{\"executionListeners\":[]}","eventlisteners":"{\"eventListeners\":[]}","signaldefinitions":"[]","messagedefinitions":"[]","executionvariables":"","metadata":"","original_model_id":12039,"original_model_version":5},"stencil":{"id":"BPMNDiagram"},"childShapes":[{"resourceId":"sid-1863A42D-DCBC-4799-A284-4ACD76BF785E","properties":{"overrideid":"sid-1863A42D-DCBC-4799-A284-4ACD76BF785E","name":"","documentation":"","executionlisteners":{"executionListeners":[]},"initiator":"","formkeydefinition":"","formreference":"","fieldstovariables":"","formproperties":"","asynchronousdefinition":false,"exclusivedefinition":false},"stencil":{"id":"StartNoneEvent"},"childShapes":[],"outgoing":[{"resourceId":"sid-CCE74ABB-905B-477B-ACD0-893ED9E558B4"}],"bounds":{"lowerRight":{"x":130.25,"y":193.25},"upperLeft":{"x":100.25,"y":163.25}},"dockers":[]},{"resourceId":"sid-5D31874D-FAB1-4906-AB5E-88C25D3C5F79","properties":{"overrideid":"sid-5D31874D-FAB1-4906-AB5E-88C25D3C5F79","name":"UserTask","documentation":"","asynchronousdefinition":false,"exclusivedefinition":false,"executionlisteners":{"executionListeners":[]},"multiinstance_type":"None","multiinstance_cardinality":"","multiinstance_collection":"","multiinstance_variable":"","multiinstance_condition":"","isforcompensation":false,"usertasksendemail":true,"usertaskassignment":{"assignment":{"type":"idm","idm":{"type":"initiator"},"initiatorCanCompleteTask":false}},"formkeydefinition":"myFormId","formreference":"","fieldstovariables":"","duedatedefinition":"","prioritydefinition":"","categorydefinition":"","formproperties":"","tasklisteners":{"taskListeners":[{"event":"create","delegateExpression":"${attachTaskForm}"}]},"emailtemplate":""},"stencil":{"id":"UserTask"},"childShapes":[],"outgoing":[{"resourceId":"sid-F6A76081-2A56-481E-BEBF-B0C4619077C4"}],"bounds":{"lowerRight":{"x":275.25,"y":218.25},"upperLeft":{"x":175.25,"y":138.25}},"dockers":[]},{"resourceId":"sid-CCE74ABB-905B-477B-ACD0-893ED9E558B4","properties":{"overrideid":"sid-CCE74ABB-905B-477B-ACD0-893ED9E558B4","name":"","documentation":"","conditionsequenceflow":"","executionlisteners":{"executionListeners":[]},"defaultflow":"false"},"stencil":{"id":"SequenceFlow"},"childShapes":[],"outgoing":[{"resourceId":"sid-5D31874D-FAB1-4906-AB5E-88C25D3C5F79"}],"bounds":{"lowerRight":{"x":174.40625,"y":178.25},"upperLeft":{"x":130.859375,"y":178.25}},"dockers":[{"x":15,"y":15},{"x":50,"y":40}],"target":{"resourceId":"sid-5D31874D-FAB1-4906-AB5E-88C25D3C5F79"}},{"resourceId":"sid-6F5EA982-C094-4A32-9322-980F6E12FD96","properties":{"overrideid":"sid-6F5EA982-C094-4A32-9322-980F6E12FD96","name":"","documentation":"","executionlisteners":{"executionListeners":[]},"asynchronousdefinition":false,"exclusivedefinition":false},"stencil":{"id":"EndNoneEvent"},"childShapes":[],"outgoing":[],"bounds":{"lowerRight":{"x":348.25,"y":192.25},"upperLeft":{"x":320.25,"y":164.25}},"dockers":[]},{"resourceId":"sid-F6A76081-2A56-481E-BEBF-B0C4619077C4","properties":{"overrideid":"sid-F6A76081-2A56-481E-BEBF-B0C4619077C4","name":"","documentation":"","conditionsequenceflow":"","executionlisteners":{"executionListeners":[]},"defaultflow":"false"},"stencil":{"id":"SequenceFlow"},"childShapes":[],"outgoing":[{"resourceId":"sid-6F5EA982-C094-4A32-9322-980F6E12FD96"}],"bounds":{"lowerRight":{"x":319.625,"y":178.25},"upperLeft":{"x":275.640625,"y":178.25}},"dockers":[{"x":50,"y":40},{"x":14,"y":14}],"target":{"resourceId":"sid-6F5EA982-C094-4A32-9322-980F6E12FD96"}}],"bounds":{"lowerRight":{"x":1200,"y":1050},"upperLeft":{"x":0,"y":0}},"stencilset":{"url":"stencilsets/bpmn2.0/bpmn2.0.json","namespace":"http://b3mn.org/stencilset/bpmn2.0#"},"ssextensions":[]}