<?xml version='1.0' encoding='UTF-8'?>
<definitions xmlns="http://www.omg.org/spec/BPMN/20100524/MODEL" xmlns:xsi="http://www.w3.org/2001/XMLSchema-instance" xmlns:xsd="http://www.w3.org/2001/XMLSchema" xmlns:activiti="http://activiti.org/bpmn" xmlns:bpmndi="http://www.omg.org/spec/BPMN/20100524/DI" xmlns:omgdc="http://www.omg.org/spec/DD/20100524/DC" xmlns:omgdi="http://www.omg.org/spec/DD/20100524/DI" typeLanguage="http://www.w3.org/2001/XMLSchema" expressionLanguage="http://www.w3.org/1999/XPath" targetNamespace="http://www.activiti.org/processdef" xmlns:modeler="http://activiti.com/modeler" modeler:version="1.0en" modeler:exportDateTime="20180420125658855" modeler:modelId="14015" modeler:modelVersion="2" modeler:modelLastUpdated="1524246982676" modeler:originalModelId="12039" modeler:originalModelVersion="5">
  <process id="aps-attach-task-form-extension" name="aps-attach-task-form-extension" isExecutable="true">
    <startEvent id="sid-1863A42D-DCBC-4799-A284-4ACD76BF785E">
      <extensionElements>
        <modeler:editor-resource-id><![CDATA[sid-1863A42D-DCBC-4799-A284-4ACD76BF785E]]></modeler:editor-resource-id>
      </extensionElements>
    </startEvent>
    <userTask id="sid-5D31874D-FAB1-4906-AB5E-88C25D3C5F79" name="UserTask" activiti:assignee="$INITIATOR" activiti:formKey="myFormId">
      <extensionElements>
        <activiti:taskListener event="create" delegateExpression="${attachTaskForm}"/>
        <modeler:allow-send-email><![CDATA[true]]></modeler:allow-send-email>
        <modeler:activiti-idm-initiator><![CDATA[true]]></modeler:activiti-idm-initiator>
        <modeler:initiator-can-complete><![CDATA[false]]></modeler:initiator-can-complete>
        <modeler:editor-resource-id><![CDATA[sid-5D31874D-FAB1-4906-AB5E-88C25D3C5F79]]></modeler:editor-resource-id>
      </extensionElements>
    </userTask>
    <sequenceFlow id="sid-CCE74ABB-905B-477B-ACD0-893ED9E558B4" sourceRef="sid-1863A42D-DCBC-4799-A284-4ACD76BF785E" targetRef="sid-5D31874D-FAB1-4906-AB5E-88C25D3C5F79">
      <extensionElements>
        <modeler:editor-resource-id><![CDATA[sid-CCE74ABB-905B-477B-ACD0-893ED9E558B4]]></modeler:editor-resource-id>
      </extensionElements>
    </sequenceFlow>
    <endEvent id="sid-6F5EA982-C094-4A32-9322-980F6E12FD96">
      <extensionElements>
        <modeler:editor-resource-id><![CDATA[sid-6F5EA982-C094-4A32-9322-980F6E12FD96]]></modeler:editor-resource-id>
      </extensionElements>
    </endEvent>
    <sequenceFlow id="sid-F6A76081-2A56-481E-BEBF-B0C4619077C4" sourceRef="sid-5D31874D-FAB1-4906-AB5E-88C25D3C5F79" targetRef="sid-6F5EA982-C094-4A32-9322-980F6E12FD96">
      <extensionElements>
        <modeler:editor-resource-id><![CDATA[sid-F6A76081-2A56-481E-BEBF-B0C4619077C4]]></modeler:editor-resource-id>
      </extensionElements>
    </sequenceFlow>
  </process>
  <bpmndi:BPMNDiagram id="BPMNDiagram_aps-attach-task-form-extension">
    <bpmndi:BPMNPlane bpmnElement="aps-attach-task-form-extension" id="BPMNPlane_aps-attach-task-form-extension">
      <bpmndi:BPMNShape bpmnElement="sid-1863A42D-DCBC-4799-A284-4ACD76BF785E" id="BPMNShape_sid-1863A42D-DCBC-4799-A284-4ACD76BF785E">
        <omgdc:Bounds height="30.0" width="30.0" x="100.25" y="163.25"/>
      </bpmndi:BPMNShape>
      <bpmndi:BPMNShape bpmnElement="sid-5D31874D-FAB1-4906-AB5E-88C25D3C5F79" id="BPMNShape_sid-5D31874D-FAB1-4906-AB5E-88C25D3C5F79">
        <omgdc:Bounds height="80.0" width="100.0" x="175.25" y="138.25"/>
      </bpmndi:BPMNShape>
      <bpmndi:BPMNShape bpmnElement="sid-6F5EA982-C094-4A32-9322-980F6E12FD96" id="BPMNShape_sid-6F5EA982-C094-4A32-9322-980F6E12FD96">
        <omgdc:Bounds height="28.0" width="28.0" x="320.25" y="164.25"/>
      </bpmndi:BPMNShape>
      <bpmndi:BPMNEdge bpmnElement="sid-CCE74ABB-905B-477B-ACD0-893ED9E558B4" id="BPMNEdge_sid-CCE74ABB-905B-477B-ACD0-893ED9E558B4">
        <omgdi:waypoint x="130.25" y="178.25"/>
        <omgdi:waypoint x="175.25" y="178.25"/>
      </bpmndi:BPMNEdge>
      <bpmndi:BPMNEdge bpmnElement="sid-F6A76081-2A56-481E-BEBF-B0C4619077C4" id="BPMNEdge_sid-F6A76081-2A56-481E-BEBF-B0C4619077C4">
        <omgdi:waypoint x="275.25" y="178.25"/>
        <omgdi:waypoint x="320.25" y="178.25"/>
      </bpmndi:BPMNEdge>
    </bpmndi:BPMNPlane>
  </bpmndi:BPMNDiagram>
</definitions>