{"referenceId":null,"name":"Verify Data Against Policy","description":null,"editorJson":{"id":7025,"name":"Verify Data Against Policy","key":"VerifyDataAgainstPolicy","description":"","hitIndicator":"FIRST","inputExpressions":[{"id":"4","variableId":"contactNumber","variableType":"formfield","type":"string","label":"Contact Number","entries":null,"newVariable":false},{"id":"6","variableId":"contactEmail","variableType":"formfield","type":"string","label":"ContactEmail","entries":null,"newVariable":false}],"outputExpressions":[{"id":"5","variableId":"dataNeedsFixing","variableType":"variable","type":"boolean","label":"Data Needs Fixing","entries":null,"newVariable":true}],"rules":[{"4":"!= policyDetails.contactNumber","5":"true","6":""},{"4":"","5":"true","6":"!= policyDetails.customerEmail"}],"executionVariables":[]}}