<?xml version='1.0' encoding='UTF-8'?>
<definitions xmlns="http://www.omg.org/spec/BPMN/20100524/MODEL" xmlns:xsi="http://www.w3.org/2001/XMLSchema-instance" xmlns:xsd="http://www.w3.org/2001/XMLSchema" xmlns:activiti="http://activiti.org/bpmn" xmlns:bpmndi="http://www.omg.org/spec/BPMN/20100524/DI" xmlns:omgdc="http://www.omg.org/spec/DD/20100524/DC" xmlns:omgdi="http://www.omg.org/spec/DD/20100524/DI" typeLanguage="http://www.w3.org/2001/XMLSchema" expressionLanguage="http://www.w3.org/1999/XPath" targetNamespace="http://www.activiti.org/processdef" xmlns:modeler="http://activiti.com/modeler" modeler:version="1.0en" modeler:exportDateTime="20170207113227641" modeler:modelId="8014" modeler:modelVersion="19" modeler:modelLastUpdated="1486488710677">
  <process id="multi-instance-advanced" name="multi-instance-advanced" isExecutable="true">
    <extensionElements>
      <modeler:executionvariables xmlns:modeler="http://activiti.com/modeler" modeler:variableName="approved" modeler:variableType="boolean"/>
    </extensionElements>
    <startEvent id="startEvent1" activiti:formKey="9011">
      <extensionElements>
        <modeler:form-reference-id><![CDATA[9011]]></modeler:form-reference-id>
        <modeler:form-reference-name><![CDATA[start-form]]></modeler:form-reference-name>
        <modeler:editor-resource-id><![CDATA[startEvent1]]></modeler:editor-resource-id>
      </extensionElements>
    </startEvent>
    <endEvent id="sid-1720658F-266A-4E71-8302-3B690D919ADD">
      <extensionElements>
        <modeler:editor-resource-id><![CDATA[sid-1720658F-266A-4E71-8302-3B690D919ADD]]></modeler:editor-resource-id>
      </extensionElements>
    </endEvent>
    <sequenceFlow id="sid-0CB3FB17-6F31-4DE0-BAE0-5B77EA31BA71" sourceRef="startEvent1" targetRef="sid-0CCE17CE-CFBC-4501-94E4-32F33D300954">
      <extensionElements>
        <modeler:editor-resource-id><![CDATA[sid-0CB3FB17-6F31-4DE0-BAE0-5B77EA31BA71]]></modeler:editor-resource-id>
      </extensionElements>
    </sequenceFlow>
    <sequenceFlow id="sid-D6F3E78C-4A52-4A6A-8F2E-97452A4BCC1B" sourceRef="sid-0CCE17CE-CFBC-4501-94E4-32F33D300954" targetRef="sid-1E0DE0BD-4407-4724-984C-E2072DF4EA8C">
      <extensionElements>
        <modeler:editor-resource-id><![CDATA[sid-D6F3E78C-4A52-4A6A-8F2E-97452A4BCC1B]]></modeler:editor-resource-id>
      </extensionElements>
    </sequenceFlow>
    <scriptTask id="sid-0CCE17CE-CFBC-4501-94E4-32F33D300954" name="Set Collection" scriptFormat="groovy" activiti:autoStoreVariables="false">
      <extensionElements>
        <modeler:editor-resource-id><![CDATA[sid-0CCE17CE-CFBC-4501-94E4-32F33D300954]]></modeler:editor-resource-id>
      </extensionElements>
      <script><![CDATA[def list = []
list.add(reviewer1)
if(reviewer2)
list.add(reviewer2)
if(reviewer3)
list.add(reviewer3)
if(reviewer4)
list.add(reviewer4)
execution.setVariable("collection",list)
execution.setVariable("approvalCount",0)
execution.setVariable("approved",false)]]></script>
    </scriptTask>
    <subProcess id="sid-1E0DE0BD-4407-4724-984C-E2072DF4EA8C" name="Multi Instance Approval Flow">
      <extensionElements>
        <modeler:editor-resource-id><![CDATA[sid-1E0DE0BD-4407-4724-984C-E2072DF4EA8C]]></modeler:editor-resource-id>
      </extensionElements>
      <multiInstanceLoopCharacteristics isSequential="false" activiti:collection="${collection}" activiti:elementVariable="user">
        <completionCondition>${approved == true }</completionCondition>
      </multiInstanceLoopCharacteristics>
      <userTask id="approve-task" name="UserTask -${loopCounter}" activiti:assignee="${user}" activiti:formKey="9012">
        <extensionElements>
          <modeler:allow-send-email><![CDATA[true]]></modeler:allow-send-email>
          <modeler:form-reference-id><![CDATA[9012]]></modeler:form-reference-id>
          <modeler:form-reference-name><![CDATA[ApproveForm]]></modeler:form-reference-name>
          <modeler:initiator-can-complete><![CDATA[false]]></modeler:initiator-can-complete>
          <modeler:editor-resource-id><![CDATA[sid-6B9C3AB3-36BF-4777-9176-C278006E8B72]]></modeler:editor-resource-id>
        </extensionElements>
      </userTask>
      <startEvent id="sid-EFCBFD0E-1E9A-4DF7-8FF6-C447AA5D802C">
        <extensionElements>
          <modeler:editor-resource-id><![CDATA[sid-EFCBFD0E-1E9A-4DF7-8FF6-C447AA5D802C]]></modeler:editor-resource-id>
        </extensionElements>
      </startEvent>
      <exclusiveGateway id="sid-2F1252F9-563A-4DE3-B631-F8342AF30775" default="sid-24B6FE1C-EF8C-4BDF-AD08-AA0EA3C36C21">
        <extensionElements>
          <modeler:editor-resource-id><![CDATA[sid-2F1252F9-563A-4DE3-B631-F8342AF30775]]></modeler:editor-resource-id>
        </extensionElements>
      </exclusiveGateway>
      <endEvent id="sid-6182AE21-7B91-4EA8-8342-50EC042A40DE">
        <extensionElements>
          <modeler:editor-resource-id><![CDATA[sid-6182AE21-7B91-4EA8-8342-50EC042A40DE]]></modeler:editor-resource-id>
        </extensionElements>
      </endEvent>
      <endEvent id="sid-2C7EAE52-CAD4-465C-8642-89BBF004DA5C">
        <extensionElements>
          <modeler:editor-resource-id><![CDATA[sid-2C7EAE52-CAD4-465C-8642-89BBF004DA5C]]></modeler:editor-resource-id>
        </extensionElements>
      </endEvent>
      <scriptTask id="sid-69EA0CFC-CFEC-46BA-B7AA-6F8164243512" name="Set Approval Status" scriptFormat="groovy" activiti:autoStoreVariables="false">
        <extensionElements>
          <modeler:editor-resource-id><![CDATA[sid-69EA0CFC-CFEC-46BA-B7AA-6F8164243512]]></modeler:editor-resource-id>
        </extensionElements>
        <script><![CDATA[execution.setVariable("approvalCount",approvalCount+1)
if((nrOfCompletedInstances+1)/nrOfInstances >= 0.5 && execution.getVariable("approvalCount")/nrOfInstances >= 0.5){
    execution.setVariable("approved",true)
}]]></script>
      </scriptTask>
      <sequenceFlow id="sid-14CD063D-444C-4885-8CE0-80AA1A9C0AD5" sourceRef="sid-EFCBFD0E-1E9A-4DF7-8FF6-C447AA5D802C" targetRef="approve-task">
        <extensionElements>
          <modeler:editor-resource-id><![CDATA[sid-14CD063D-444C-4885-8CE0-80AA1A9C0AD5]]></modeler:editor-resource-id>
        </extensionElements>
      </sequenceFlow>
      <sequenceFlow id="sid-367346E5-E7FE-4196-BFA5-27B8912A451A" sourceRef="approve-task" targetRef="sid-2F1252F9-563A-4DE3-B631-F8342AF30775">
        <extensionElements>
          <modeler:editor-resource-id><![CDATA[sid-367346E5-E7FE-4196-BFA5-27B8912A451A]]></modeler:editor-resource-id>
        </extensionElements>
      </sequenceFlow>
      <sequenceFlow id="sid-2C26F937-BEAC-4BD0-BFA8-26C673348927" sourceRef="sid-69EA0CFC-CFEC-46BA-B7AA-6F8164243512" targetRef="sid-2C7EAE52-CAD4-465C-8642-89BBF004DA5C">
        <extensionElements>
          <modeler:editor-resource-id><![CDATA[sid-2C26F937-BEAC-4BD0-BFA8-26C673348927]]></modeler:editor-resource-id>
        </extensionElements>
      </sequenceFlow>
      <sequenceFlow id="sid-1DF99C69-60D2-4F93-A924-2D086EDA06EE" sourceRef="sid-2F1252F9-563A-4DE3-B631-F8342AF30775" targetRef="sid-69EA0CFC-CFEC-46BA-B7AA-6F8164243512">
        <extensionElements>
          <modeler:conditionDefinition modeler:index="0" modeler:outcomeFormId="9012" modeler:outcomeFormName="ApproveForm" modeler:rightOutcomeName="Approve" modeler:operator="=="/>
          <modeler:editor-resource-id><![CDATA[sid-1DF99C69-60D2-4F93-A924-2D086EDA06EE]]></modeler:editor-resource-id>
        </extensionElements>
        <conditionExpression xsi:type="tFormalExpression"><![CDATA[${(activiti_flowConditionsBean.exists(execution, 'form9012outcome') && form9012outcome == 'Approve')}]]></conditionExpression>
      </sequenceFlow>
      <sequenceFlow id="sid-24B6FE1C-EF8C-4BDF-AD08-AA0EA3C36C21" sourceRef="sid-2F1252F9-563A-4DE3-B631-F8342AF30775" targetRef="sid-6182AE21-7B91-4EA8-8342-50EC042A40DE">
        <extensionElements>
          <modeler:editor-resource-id><![CDATA[sid-24B6FE1C-EF8C-4BDF-AD08-AA0EA3C36C21]]></modeler:editor-resource-id>
        </extensionElements>
      </sequenceFlow>
    </subProcess>
    <userTask id="sid-EF1EACA1-BA94-4759-BEDE-FED72770BF8B" name="Show Approval Status" activiti:assignee="$INITIATOR" activiti:formKey="9013">
      <extensionElements>
        <modeler:allow-send-email><![CDATA[true]]></modeler:allow-send-email>
        <modeler:form-reference-id><![CDATA[9013]]></modeler:form-reference-id>
        <modeler:form-reference-name><![CDATA[Approval Status]]></modeler:form-reference-name>
        <modeler:activiti-idm-initiator><![CDATA[true]]></modeler:activiti-idm-initiator>
        <modeler:editor-resource-id><![CDATA[sid-EF1EACA1-BA94-4759-BEDE-FED72770BF8B]]></modeler:editor-resource-id>
      </extensionElements>
    </userTask>
    <sequenceFlow id="sid-03933769-F3D7-43E9-9EA5-86CCEAE6F558" sourceRef="sid-EF1EACA1-BA94-4759-BEDE-FED72770BF8B" targetRef="sid-1720658F-266A-4E71-8302-3B690D919ADD">
      <extensionElements>
        <modeler:editor-resource-id><![CDATA[sid-03933769-F3D7-43E9-9EA5-86CCEAE6F558]]></modeler:editor-resource-id>
      </extensionElements>
    </sequenceFlow>
    <sequenceFlow id="sid-5015A8AC-C545-42AE-985D-59835BA75A44" sourceRef="sid-1E0DE0BD-4407-4724-984C-E2072DF4EA8C" targetRef="sid-EF1EACA1-BA94-4759-BEDE-FED72770BF8B">
      <extensionElements>
        <modeler:editor-resource-id><![CDATA[sid-5015A8AC-C545-42AE-985D-59835BA75A44]]></modeler:editor-resource-id>
      </extensionElements>
    </sequenceFlow>
    <textAnnotation id="sid-44B8DADE-0580-4AA8-BFB3-5C71CAEB6D70">
      <extensionElements>
        <modeler:editor-resource-id><![CDATA[sid-44B8DADE-0580-4AA8-BFB3-5C71CAEB6D70]]></modeler:editor-resource-id>
      </extensionElements>
      <text>User Enters Approver Names</text>
    </textAnnotation>
    <association id="sid-7D612EDA-39BE-426C-A923-CCB95AE24759" sourceRef="startEvent1" targetRef="sid-44B8DADE-0580-4AA8-BFB3-5C71CAEB6D70" associationDirection="None">
      <extensionElements>
        <modeler:editor-resource-id><![CDATA[sid-7D612EDA-39BE-426C-A923-CCB95AE24759]]></modeler:editor-resource-id>
      </extensionElements>
    </association>
    <textAnnotation id="sid-1CA59439-DC91-43D2-AF33-09B6FECB38DA">
      <extensionElements>
        <modeler:editor-resource-id><![CDATA[sid-1CA59439-DC91-43D2-AF33-09B6FECB38DA]]></modeler:editor-resource-id>
      </extensionElements>
      <text>Selected users will get approval tasks</text>
    </textAnnotation>
    <association id="sid-12DC5059-D332-4076-B70A-50BB61D80842" sourceRef="sid-1E0DE0BD-4407-4724-984C-E2072DF4EA8C" targetRef="sid-1CA59439-DC91-43D2-AF33-09B6FECB38DA" associationDirection="None">
      <extensionElements>
        <modeler:editor-resource-id><![CDATA[sid-12DC5059-D332-4076-B70A-50BB61D80842]]></modeler:editor-resource-id>
      </extensionElements>
    </association>
    <textAnnotation id="sid-4E63BF87-DDCF-472D-AEEF-14A95C53CD73">
      <extensionElements>
        <modeler:editor-resource-id><![CDATA[sid-4E63BF87-DDCF-472D-AEEF-14A95C53CD73]]></modeler:editor-resource-id>
      </extensionElements>
      <text>The task will show the approval status on a form</text>
    </textAnnotation>
    <association id="sid-B5B0C8DA-BDF0-4FC8-9AF5-2077561928B2" sourceRef="sid-EF1EACA1-BA94-4759-BEDE-FED72770BF8B" targetRef="sid-4E63BF87-DDCF-472D-AEEF-14A95C53CD73" associationDirection="None">
      <extensionElements>
        <modeler:editor-resource-id><![CDATA[sid-B5B0C8DA-BDF0-4FC8-9AF5-2077561928B2]]></modeler:editor-resource-id>
      </extensionElements>
    </association>
  </process>
  <bpmndi:BPMNDiagram id="BPMNDiagram_multi-instance-advanced">
    <bpmndi:BPMNPlane bpmnElement="multi-instance-advanced" id="BPMNPlane_multi-instance-advanced">
      <bpmndi:BPMNShape bpmnElement="startEvent1" id="BPMNShape_startEvent1">
        <omgdc:Bounds height="30.0" width="30.0" x="30.0" y="163.0"/>
      </bpmndi:BPMNShape>
      <bpmndi:BPMNShape bpmnElement="sid-1720658F-266A-4E71-8302-3B690D919ADD" id="BPMNShape_sid-1720658F-266A-4E71-8302-3B690D919ADD">
        <omgdc:Bounds height="28.0" width="28.0" x="1080.0" y="191.5"/>
      </bpmndi:BPMNShape>
      <bpmndi:BPMNShape bpmnElement="sid-0CCE17CE-CFBC-4501-94E4-32F33D300954" id="BPMNShape_sid-0CCE17CE-CFBC-4501-94E4-32F33D300954">
        <omgdc:Bounds height="80.0" width="100.0" x="120.0" y="138.0"/>
      </bpmndi:BPMNShape>
      <bpmndi:BPMNShape bpmnElement="sid-1E0DE0BD-4407-4724-984C-E2072DF4EA8C" id="BPMNShape_sid-1E0DE0BD-4407-4724-984C-E2072DF4EA8C">
        <omgdc:Bounds height="215.0" width="499.0" x="315.0" y="98.0"/>
      </bpmndi:BPMNShape>
      <bpmndi:BPMNShape bpmnElement="approve-task" id="BPMNShape_approve-task">
        <omgdc:Bounds height="80.0" width="100.0" x="414.5" y="153.5"/>
      </bpmndi:BPMNShape>
      <bpmndi:BPMNShape bpmnElement="sid-EFCBFD0E-1E9A-4DF7-8FF6-C447AA5D802C" id="BPMNShape_sid-EFCBFD0E-1E9A-4DF7-8FF6-C447AA5D802C">
        <omgdc:Bounds height="30.0" width="30.0" x="330.0" y="178.5"/>
      </bpmndi:BPMNShape>
      <bpmndi:BPMNShape bpmnElement="sid-2F1252F9-563A-4DE3-B631-F8342AF30775" id="BPMNShape_sid-2F1252F9-563A-4DE3-B631-F8342AF30775">
        <omgdc:Bounds height="40.0" width="40.0" x="559.5" y="173.5"/>
      </bpmndi:BPMNShape>
      <bpmndi:BPMNShape bpmnElement="sid-6182AE21-7B91-4EA8-8342-50EC042A40DE" id="BPMNShape_sid-6182AE21-7B91-4EA8-8342-50EC042A40DE">
        <omgdc:Bounds height="28.0" width="28.0" x="690.0" y="240.0"/>
      </bpmndi:BPMNShape>
      <bpmndi:BPMNShape bpmnElement="sid-2C7EAE52-CAD4-465C-8642-89BBF004DA5C" id="BPMNShape_sid-2C7EAE52-CAD4-465C-8642-89BBF004DA5C">
        <omgdc:Bounds height="28.0" width="28.0" x="765.0" y="131.0"/>
      </bpmndi:BPMNShape>
      <bpmndi:BPMNShape bpmnElement="sid-69EA0CFC-CFEC-46BA-B7AA-6F8164243512" id="BPMNShape_sid-69EA0CFC-CFEC-46BA-B7AA-6F8164243512">
        <omgdc:Bounds height="80.0" width="100.0" x="615.0" y="105.0"/>
      </bpmndi:BPMNShape>
      <bpmndi:BPMNShape bpmnElement="sid-EF1EACA1-BA94-4759-BEDE-FED72770BF8B" id="BPMNShape_sid-EF1EACA1-BA94-4759-BEDE-FED72770BF8B">
        <omgdc:Bounds height="80.0" width="100.0" x="915.0" y="165.0"/>
      </bpmndi:BPMNShape>
      <bpmndi:BPMNShape bpmnElement="sid-44B8DADE-0580-4AA8-BFB3-5C71CAEB6D70" id="BPMNShape_sid-44B8DADE-0580-4AA8-BFB3-5C71CAEB6D70">
        <omgdc:Bounds height="50.0" width="100.0" x="45.0" y="285.0"/>
      </bpmndi:BPMNShape>
      <bpmndi:BPMNShape bpmnElement="sid-7D612EDA-39BE-426C-A923-CCB95AE24759" id="BPMNShape_sid-7D612EDA-39BE-426C-A923-CCB95AE24759">
        <omgdc:Bounds height="91.13287076911593" width="0.695670769229892" x="45.117008365385054" y="193.32809586544204"/>
      </bpmndi:BPMNShape>
      <bpmndi:BPMNShape bpmnElement="sid-1CA59439-DC91-43D2-AF33-09B6FECB38DA" id="BPMNShape_sid-1CA59439-DC91-43D2-AF33-09B6FECB38DA">
        <omgdc:Bounds height="50.0" width="100.0" x="465.0" y="360.0"/>
      </bpmndi:BPMNShape>
      <bpmndi:BPMNShape bpmnElement="sid-12DC5059-D332-4076-B70A-50BB61D80842" id="BPMNShape_sid-12DC5059-D332-4076-B70A-50BB61D80842">
        <omgdc:Bounds height="45.662978677264164" width="25.197778149638793" x="479.5651734251806" y="313.7544481613679"/>
      </bpmndi:BPMNShape>
      <bpmndi:BPMNShape bpmnElement="sid-4E63BF87-DDCF-472D-AEEF-14A95C53CD73" id="BPMNShape_sid-4E63BF87-DDCF-472D-AEEF-14A95C53CD73">
        <omgdc:Bounds height="50.0" width="100.0" x="870.0" y="345.0"/>
      </bpmndi:BPMNShape>
      <bpmndi:BPMNShape bpmnElement="sid-B5B0C8DA-BDF0-4FC8-9AF5-2077561928B2" id="BPMNShape_sid-B5B0C8DA-BDF0-4FC8-9AF5-2077561928B2">
        <omgdc:Bounds height="98.84294241187638" width="56.65388162631939" x="885.0832154368403" y="245.5863412940618"/>
      </bpmndi:BPMNShape>
      <bpmndi:BPMNEdge bpmnElement="sid-2C26F937-BEAC-4BD0-BFA8-26C673348927" id="BPMNEdge_sid-2C26F937-BEAC-4BD0-BFA8-26C673348927">
        <omgdi:waypoint x="715.0" y="145.0"/>
        <omgdi:waypoint x="765.0" y="145.0"/>
      </bpmndi:BPMNEdge>
      <bpmndi:BPMNEdge bpmnElement="sid-24B6FE1C-EF8C-4BDF-AD08-AA0EA3C36C21" id="BPMNEdge_sid-24B6FE1C-EF8C-4BDF-AD08-AA0EA3C36C21">
        <omgdi:waypoint x="580.0" y="213.0"/>
        <omgdi:waypoint x="580.0" y="254.0"/>
        <omgdi:waypoint x="690.0" y="254.0"/>
      </bpmndi:BPMNEdge>
      <bpmndi:BPMNEdge bpmnElement="sid-1DF99C69-60D2-4F93-A924-2D086EDA06EE" id="BPMNEdge_sid-1DF99C69-60D2-4F93-A924-2D086EDA06EE">
        <omgdi:waypoint x="580.0" y="174.0"/>
        <omgdi:waypoint x="580.0" y="145.0"/>
        <omgdi:waypoint x="615.0" y="145.0"/>
      </bpmndi:BPMNEdge>
      <bpmndi:BPMNEdge bpmnElement="sid-0CB3FB17-6F31-4DE0-BAE0-5B77EA31BA71" id="BPMNEdge_sid-0CB3FB17-6F31-4DE0-BAE0-5B77EA31BA71">
        <omgdi:waypoint x="60.0" y="178.0"/>
        <omgdi:waypoint x="120.0" y="178.0"/>
      </bpmndi:BPMNEdge>
      <bpmndi:BPMNEdge bpmnElement="sid-14CD063D-444C-4885-8CE0-80AA1A9C0AD5" id="BPMNEdge_sid-14CD063D-444C-4885-8CE0-80AA1A9C0AD5">
        <omgdi:waypoint x="360.0" y="193.5"/>
        <omgdi:waypoint x="414.5" y="193.5"/>
      </bpmndi:BPMNEdge>
      <bpmndi:BPMNEdge bpmnElement="sid-367346E5-E7FE-4196-BFA5-27B8912A451A" id="BPMNEdge_sid-367346E5-E7FE-4196-BFA5-27B8912A451A">
        <omgdi:waypoint x="514.5" y="193.7164502164502"/>
        <omgdi:waypoint x="559.9130434782609" y="193.91304347826087"/>
      </bpmndi:BPMNEdge>
      <bpmndi:BPMNEdge bpmnElement="sid-7D612EDA-39BE-426C-A923-CCB95AE24759" id="BPMNEdge_sid-7D612EDA-39BE-426C-A923-CCB95AE24759">
        <omgdi:waypoint x="45.1145004807758" y="192.99956298163056"/>
        <omgdi:waypoint x="45.81679389312977" y="285.0"/>
      </bpmndi:BPMNEdge>
      <bpmndi:BPMNEdge bpmnElement="sid-D6F3E78C-4A52-4A6A-8F2E-97452A4BCC1B" id="BPMNEdge_sid-D6F3E78C-4A52-4A6A-8F2E-97452A4BCC1B">
        <omgdi:waypoint x="220.0" y="178.0"/>
        <omgdi:waypoint x="252.5" y="178.0"/>
        <omgdi:waypoint x="252.5" y="205.5"/>
        <omgdi:waypoint x="315.0" y="205.5"/>
      </bpmndi:BPMNEdge>
      <bpmndi:BPMNEdge bpmnElement="sid-5015A8AC-C545-42AE-985D-59835BA75A44" id="BPMNEdge_sid-5015A8AC-C545-42AE-985D-59835BA75A44">
        <omgdi:waypoint x="814.0" y="205.16733333333332"/>
        <omgdi:waypoint x="915.0" y="205.03266666666667"/>
      </bpmndi:BPMNEdge>
      <bpmndi:BPMNEdge bpmnElement="sid-B5B0C8DA-BDF0-4FC8-9AF5-2077561928B2" id="BPMNEdge_sid-B5B0C8DA-BDF0-4FC8-9AF5-2077561928B2">
        <omgdi:waypoint x="942.0731707317074" y="245.0"/>
        <omgdi:waypoint x="884.7560975609756" y="345.0"/>
      </bpmndi:BPMNEdge>
      <bpmndi:BPMNEdge bpmnElement="sid-03933769-F3D7-43E9-9EA5-86CCEAE6F558" id="BPMNEdge_sid-03933769-F3D7-43E9-9EA5-86CCEAE6F558">
        <omgdi:waypoint x="1015.0" y="205.19379844961242"/>
        <omgdi:waypoint x="1080.0001051607646" y="205.4457368417084"/>
      </bpmndi:BPMNEdge>
      <bpmndi:BPMNEdge bpmnElement="sid-12DC5059-D332-4076-B70A-50BB61D80842" id="BPMNEdge_sid-12DC5059-D332-4076-B70A-50BB61D80842">
        <omgdi:waypoint x="505.1792717086835" y="313.0"/>
        <omgdi:waypoint x="479.2436974789916" y="360.0"/>
      </bpmndi:BPMNEdge>
    </bpmndi:BPMNPlane>
  </bpmndi:BPMNDiagram>
</definitions>