{"resourceId":8014,"properties":{"process_id":"multi-instance-advanced","name":"multi-instance-advanced","documentation":"","process_author":"","process_version":"","process_namespace":"http://www.activiti.org/processdef","executionlisteners":"","eventlisteners":"","signaldefinitions":"","messagedefinitions":"","executionvariables":"[{\"variableName\":\"approved\",\"variableType\":\"boolean\",\"$$hashKey\":\"uiGrid-000N\"}]","metadata":""},"stencil":{"id":"BPMNDiagram"},"childShapes":[{"resourceId":"startEvent1","properties":{"overrideid":"","name":"","documentation":"","executionlisteners":"","initiator":"","formkeydefinition":"","formreference":{"id":9011,"name":"start-form","referenceId":8014},"fieldstovariables":"","formproperties":""},"stencil":{"id":"StartNoneEvent"},"childShapes":[],"outgoing":[{"resourceId":"sid-0CB3FB17-6F31-4DE0-BAE0-5B77EA31BA71"},{"resourceId":"sid-7D612EDA-39BE-426C-A923-CCB95AE24759"}],"bounds":{"lowerRight":{"x":60,"y":193},"upperLeft":{"x":30,"y":163}},"dockers":[]},{"resourceId":"sid-1720658F-266A-4E71-8302-3B690D919ADD","properties":{"overrideid":"","name":"","documentation":"","executionlisteners":""},"stencil":{"id":"EndNoneEvent"},"childShapes":[],"outgoing":[],"bounds":{"lowerRight":{"x":1108,"y":219.5},"upperLeft":{"x":1080,"y":191.5}},"dockers":[]},{"resourceId":"sid-0CB3FB17-6F31-4DE0-BAE0-5B77EA31BA71","properties":{"overrideid":"","name":"","documentation":"","conditionsequenceflow":"","executionlisteners":"","defaultflow":"false"},"stencil":{"id":"SequenceFlow"},"childShapes":[],"outgoing":[{"resourceId":"sid-0CCE17CE-CFBC-4501-94E4-32F33D300954"}],"bounds":{"lowerRight":{"x":119.1953125,"y":178},"upperLeft":{"x":60.6484375,"y":178}},"dockers":[{"x":15,"y":15},{"x":50,"y":40}],"target":{"resourceId":"sid-0CCE17CE-CFBC-4501-94E4-32F33D300954"}},{"resourceId":"sid-D6F3E78C-4A52-4A6A-8F2E-97452A4BCC1B","properties":{"overrideid":"","name":"","documentation":"","conditionsequenceflow":"","executionlisteners":"","defaultflow":"false","showdiamondmarker":false},"stencil":{"id":"SequenceFlow"},"childShapes":[],"outgoing":[{"resourceId":"sid-1E0DE0BD-4407-4724-984C-E2072DF4EA8C"}],"bounds":{"lowerRight":{"x":314.6662573160535,"y":205.5},"upperLeft":{"x":220.62890625,"y":178}},"dockers":[{"x":50,"y":40},{"x":252.5,"y":178},{"x":252.5,"y":205.5},{"x":1.6688963210702341,"y":107.49999999999999}],"target":{"resourceId":"sid-1E0DE0BD-4407-4724-984C-E2072DF4EA8C"}},{"resourceId":"sid-0CCE17CE-CFBC-4501-94E4-32F33D300954","properties":{"scriptformat":"groovy","scripttext":"def list = []\nlist.add(reviewer1)\nif(reviewer2)\nlist.add(reviewer2)\nif(reviewer3)\nlist.add(reviewer3)\nif(reviewer4)\nlist.add(reviewer4)\nexecution.setVariable(\"collection\",list)\nexecution.setVariable(\"approvalCount\",0)\nexecution.setVariable(\"approved\",false)","executionvariables":"","overrideid":"","name":"Set Collection","documentation":"","asynchronousdefinition":"false","exclusivedefinition":"false","executionlisteners":"","multiinstance_type":"None","multiinstance_cardinality":"","multiinstance_collection":"","multiinstance_variable":"","multiinstance_condition":"","isforcompensation":"false","usertasksendemail":true,"usertaskassignment":"","formkeydefinition":"","formreference":"","fieldstovariables":"","duedatedefinition":"","prioritydefinition":"","categorydefinition":"","formproperties":"","tasklisteners":"","emailtemplate":"","type":"http://b3mn.org/stencilset/bpmn2.0#UserTask"},"stencil":{"id":"ScriptTask"},"childShapes":[],"outgoing":[{"resourceId":"sid-D6F3E78C-4A52-4A6A-8F2E-97452A4BCC1B"}],"bounds":{"lowerRight":{"x":220,"y":218},"upperLeft":{"x":120,"y":138}},"dockers":[]},{"resourceId":"sid-1E0DE0BD-4407-4724-984C-E2072DF4EA8C","properties":{"overrideid":"","name":"Multi Instance Approval Flow","documentation":"","asynchronousdefinition":"false","exclusivedefinition":"false","executionlisteners":"","multiinstance_type":"Parallel","multiinstance_cardinality":"","multiinstance_collection":"${collection}","multiinstance_variable":"user","multiinstance_condition":"${approved == true }","istransaction":"false"},"stencil":{"id":"SubProcess"},"childShapes":[{"resourceId":"sid-6B9C3AB3-36BF-4777-9176-C278006E8B72","properties":{"overrideid":"approve-task","name":"UserTask -${loopCounter}","documentation":"","asynchronousdefinition":"false","exclusivedefinition":"false","executionlisteners":"","multiinstance_type":"None","multiinstance_cardinality":"","multiinstance_collection":"","multiinstance_variable":"","multiinstance_condition":"","isforcompensation":"false","usertasksendemail":true,"usertaskassignment":{"assignment":{"type":"static","assignee":"${user}"}},"formkeydefinition":"","formreference":{"id":9012,"name":"ApproveForm","referenceId":8014},"fieldstovariables":"","duedatedefinition":"","prioritydefinition":"","categorydefinition":"","formproperties":"","tasklisteners":"","emailtemplate":""},"stencil":{"id":"UserTask"},"childShapes":[],"outgoing":[{"resourceId":"sid-367346E5-E7FE-4196-BFA5-27B8912A451A"}],"bounds":{"lowerRight":{"x":199.5,"y":135.5},"upperLeft":{"x":99.5,"y":55.5}},"dockers":[]},{"resourceId":"sid-EFCBFD0E-1E9A-4DF7-8FF6-C447AA5D802C","properties":{"overrideid":"","name":"","documentation":"","executionlisteners":"","initiator":"","formkeydefinition":"","formreference":"","fieldstovariables":"","formproperties":""},"stencil":{"id":"StartNoneEvent"},"childShapes":[],"outgoing":[{"resourceId":"sid-14CD063D-444C-4885-8CE0-80AA1A9C0AD5"}],"bounds":{"lowerRight":{"x":45,"y":110.5},"upperLeft":{"x":15,"y":80.5}},"dockers":[]},{"resourceId":"sid-2F1252F9-563A-4DE3-B631-F8342AF30775","properties":{"overrideid":"","name":"","documentation":"","asynchronousdefinition":"false","exclusivedefinition":"false","sequencefloworder":""},"stencil":{"id":"ExclusiveGateway"},"childShapes":[],"outgoing":[{"resourceId":"sid-1DF99C69-60D2-4F93-A924-2D086EDA06EE"},{"resourceId":"sid-24B6FE1C-EF8C-4BDF-AD08-AA0EA3C36C21"}],"bounds":{"lowerRight":{"x":284.5,"y":115.5},"upperLeft":{"x":244.5,"y":75.5}},"dockers":[]},{"resourceId":"sid-6182AE21-7B91-4EA8-8342-50EC042A40DE","properties":{"overrideid":"","name":"","documentation":"","executionlisteners":""},"stencil":{"id":"EndNoneEvent"},"childShapes":[],"outgoing":[],"bounds":{"lowerRight":{"x":403,"y":170},"upperLeft":{"x":375,"y":142}},"dockers":[]},{"resourceId":"sid-2C7EAE52-CAD4-465C-8642-89BBF004DA5C","properties":{"overrideid":"","name":"","documentation":"","executionlisteners":""},"stencil":{"id":"EndNoneEvent"},"childShapes":[],"outgoing":[],"bounds":{"lowerRight":{"x":478,"y":61},"upperLeft":{"x":450,"y":33}},"dockers":[]},{"resourceId":"sid-69EA0CFC-CFEC-46BA-B7AA-6F8164243512","properties":{"scriptformat":"groovy","scripttext":"execution.setVariable(\"approvalCount\",approvalCount+1)\nif((nrOfCompletedInstances+1)/nrOfInstances >= 0.5 && execution.getVariable(\"approvalCount\")/nrOfInstances >= 0.5){\n    execution.setVariable(\"approved\",true)\n}","executionvariables":"","overrideid":"","name":"Set Approval Status","documentation":"","asynchronousdefinition":"false","exclusivedefinition":"false","executionlisteners":"","multiinstance_type":"None","multiinstance_cardinality":"","multiinstance_collection":"","multiinstance_variable":"","multiinstance_condition":"","isforcompensation":"false","usertasksendemail":true,"usertaskassignment":"","formkeydefinition":"","formreference":"","fieldstovariables":"","duedatedefinition":"","prioritydefinition":"","categorydefinition":"","formproperties":"","tasklisteners":"","emailtemplate":"","type":"http://b3mn.org/stencilset/bpmn2.0#UserTask"},"stencil":{"id":"ScriptTask"},"childShapes":[],"outgoing":[{"resourceId":"sid-2C26F937-BEAC-4BD0-BFA8-26C673348927"}],"bounds":{"lowerRight":{"x":400,"y":87},"upperLeft":{"x":300,"y":7}},"dockers":[]}],"outgoing":[{"resourceId":"sid-5015A8AC-C545-42AE-985D-59835BA75A44"},{"resourceId":"sid-12DC5059-D332-4076-B70A-50BB61D80842"}],"bounds":{"lowerRight":{"x":814,"y":313},"upperLeft":{"x":315,"y":98}},"dockers":[]},{"resourceId":"sid-14CD063D-444C-4885-8CE0-80AA1A9C0AD5","properties":{"overrideid":"","name":"","documentation":"","conditionsequenceflow":"","executionlisteners":"","defaultflow":"false"},"stencil":{"id":"SequenceFlow"},"childShapes":[],"outgoing":[{"resourceId":"sid-6B9C3AB3-36BF-4777-9176-C278006E8B72"}],"bounds":{"lowerRight":{"x":414.01953125,"y":193.5},"upperLeft":{"x":360.9375,"y":193.5}},"dockers":[{"x":15,"y":15},{"x":50,"y":40}],"target":{"resourceId":"sid-6B9C3AB3-36BF-4777-9176-C278006E8B72"}},{"resourceId":"sid-367346E5-E7FE-4196-BFA5-27B8912A451A","properties":{"overrideid":"","name":"","documentation":"","conditionsequenceflow":"","executionlisteners":"","defaultflow":"false"},"stencil":{"id":"SequenceFlow"},"childShapes":[],"outgoing":[{"resourceId":"sid-2F1252F9-563A-4DE3-B631-F8342AF30775"}],"bounds":{"lowerRight":{"x":559.1484468700075,"y":193.9097335362338},"upperLeft":{"x":515.1288968799925,"y":193.7191727137662}},"dockers":[{"x":50,"y":40},{"x":20.5,"y":20.5}],"target":{"resourceId":"sid-2F1252F9-563A-4DE3-B631-F8342AF30775"}},{"resourceId":"sid-2C26F937-BEAC-4BD0-BFA8-26C673348927","properties":{"overrideid":"","name":"","documentation":"","conditionsequenceflow":"","executionlisteners":"","defaultflow":"false"},"stencil":{"id":"SequenceFlow"},"childShapes":[],"outgoing":[{"resourceId":"sid-2C7EAE52-CAD4-465C-8642-89BBF004DA5C"}],"bounds":{"lowerRight":{"x":764.640625,"y":145},"upperLeft":{"x":715.875,"y":145}},"dockers":[{"x":50,"y":40},{"x":14,"y":14}],"target":{"resourceId":"sid-2C7EAE52-CAD4-465C-8642-89BBF004DA5C"}},{"resourceId":"sid-1DF99C69-60D2-4F93-A924-2D086EDA06EE","properties":{"overrideid":"","name":"","documentation":"","conditionsequenceflow":{"expression":{"type":"variables","operator":"==","outcomeFormId":9012,"outcomeFormName":"ApproveForm","rightOutcomeName":"Approve","rightOutcomeFormId":9012,"rightOutcomeFormName":"ApproveForm"}},"executionlisteners":"","defaultflow":false},"stencil":{"id":"SequenceFlow"},"childShapes":[],"outgoing":[{"resourceId":"sid-69EA0CFC-CFEC-46BA-B7AA-6F8164243512"}],"bounds":{"lowerRight":{"x":614.859375,"y":173.09375},"upperLeft":{"x":580,"y":145}},"dockers":[{"x":20.5,"y":20.5},{"x":580,"y":145},{"x":50,"y":40}],"target":{"resourceId":"sid-69EA0CFC-CFEC-46BA-B7AA-6F8164243512"}},{"resourceId":"sid-24B6FE1C-EF8C-4BDF-AD08-AA0EA3C36C21","properties":{"overrideid":"","name":"","documentation":"","conditionsequenceflow":"","executionlisteners":"","defaultflow":true},"stencil":{"id":"SequenceFlow"},"childShapes":[],"outgoing":[{"resourceId":"sid-6182AE21-7B91-4EA8-8342-50EC042A40DE"}],"bounds":{"lowerRight":{"x":689.4375,"y":254},"upperLeft":{"x":580,"y":213.75}},"dockers":[{"x":20.5,"y":20.5},{"x":580,"y":254},{"x":14,"y":14}],"target":{"resourceId":"sid-6182AE21-7B91-4EA8-8342-50EC042A40DE"}},{"resourceId":"sid-EF1EACA1-BA94-4759-BEDE-FED72770BF8B","properties":{"overrideid":"","name":"Show Approval Status","documentation":"","asynchronousdefinition":"false","exclusivedefinition":"false","executionlisteners":"","multiinstance_type":"None","multiinstance_cardinality":"","multiinstance_collection":"","multiinstance_variable":"","multiinstance_condition":"","isforcompensation":"false","usertasksendemail":true,"usertaskassignment":"","formkeydefinition":"","formreference":{"id":9013,"name":"Approval Status","referenceId":8014},"fieldstovariables":"","duedatedefinition":"","prioritydefinition":"","categorydefinition":"","formproperties":"","tasklisteners":"","emailtemplate":""},"stencil":{"id":"UserTask"},"childShapes":[],"outgoing":[{"resourceId":"sid-03933769-F3D7-43E9-9EA5-86CCEAE6F558"},{"resourceId":"sid-B5B0C8DA-BDF0-4FC8-9AF5-2077561928B2"}],"bounds":{"lowerRight":{"x":1015,"y":245},"upperLeft":{"x":915,"y":165}},"dockers":[]},{"resourceId":"sid-03933769-F3D7-43E9-9EA5-86CCEAE6F558","properties":{"overrideid":"","name":"","documentation":"","conditionsequenceflow":"","executionlisteners":"","defaultflow":"false"},"stencil":{"id":"SequenceFlow"},"childShapes":[],"outgoing":[{"resourceId":"sid-1720658F-266A-4E71-8302-3B690D919ADD"}],"bounds":{"lowerRight":{"x":1079.898445011483,"y":205.445342810122},"upperLeft":{"x":1015.3828049885168,"y":205.195282189878}},"dockers":[{"x":50,"y":40},{"x":14,"y":14}],"target":{"resourceId":"sid-1720658F-266A-4E71-8302-3B690D919ADD"}},{"resourceId":"sid-5015A8AC-C545-42AE-985D-59835BA75A44","properties":{"overrideid":"","name":"","documentation":"","conditionsequenceflow":"","executionlisteners":"","defaultflow":"false","showdiamondmarker":false},"stencil":{"id":"SequenceFlow"},"childShapes":[],"outgoing":[{"resourceId":"sid-EF1EACA1-BA94-4759-BEDE-FED72770BF8B"}],"bounds":{"lowerRight":{"x":914.3300790138877,"y":205.16663541785184},"upperLeft":{"x":814.5234366111123,"y":205.03355989464816}},"dockers":[{"x":249.5,"y":107.5},{"x":24.5,"y":40}],"target":{"resourceId":"sid-EF1EACA1-BA94-4759-BEDE-FED72770BF8B"}},{"resourceId":"sid-44B8DADE-0580-4AA8-BFB3-5C71CAEB6D70","properties":{"overrideid":"","name":"","documentation":"","text":"User Enters Approver Names"},"stencil":{"id":"TextAnnotation"},"childShapes":[],"outgoing":[],"bounds":{"lowerRight":{"x":145,"y":335},"upperLeft":{"x":45,"y":285}},"dockers":[]},{"resourceId":"sid-7D612EDA-39BE-426C-A923-CCB95AE24759","properties":{"overrideid":"","name":"","documentation":""},"stencil":{"id":"Association"},"childShapes":[],"outgoing":[{"resourceId":"sid-44B8DADE-0580-4AA8-BFB3-5C71CAEB6D70"}],"bounds":{"lowerRight":{"x":45.812679134614946,"y":284.46096663455796},"upperLeft":{"x":45.117008365385054,"y":193.32809586544204}},"dockers":[{"x":15,"y":15},{"x":1,"y":24}],"target":{"resourceId":"sid-44B8DADE-0580-4AA8-BFB3-5C71CAEB6D70"}},{"resourceId":"sid-1CA59439-DC91-43D2-AF33-09B6FECB38DA","properties":{"overrideid":"","name":"","documentation":"","text":"Selected users will get approval tasks"},"stencil":{"id":"TextAnnotation"},"childShapes":[],"outgoing":[],"bounds":{"lowerRight":{"x":565,"y":410},"upperLeft":{"x":465,"y":360}},"dockers":[]},{"resourceId":"sid-12DC5059-D332-4076-B70A-50BB61D80842","properties":{"overrideid":"","name":"","documentation":""},"stencil":{"id":"Association"},"childShapes":[],"outgoing":[{"resourceId":"sid-1CA59439-DC91-43D2-AF33-09B6FECB38DA"}],"bounds":{"lowerRight":{"x":504.7629515748194,"y":359.4174268386321},"upperLeft":{"x":479.5651734251806,"y":313.7544481613679}},"dockers":[{"x":249.5,"y":107.5},{"x":1,"y":24}],"target":{"resourceId":"sid-1CA59439-DC91-43D2-AF33-09B6FECB38DA"}},{"resourceId":"sid-4E63BF87-DDCF-472D-AEEF-14A95C53CD73","properties":{"overrideid":"","name":"","documentation":"","text":"The task will show the approval status on a form"},"stencil":{"id":"TextAnnotation"},"childShapes":[],"outgoing":[],"bounds":{"lowerRight":{"x":970,"y":395},"upperLeft":{"x":870,"y":345}},"dockers":[]},{"resourceId":"sid-B5B0C8DA-BDF0-4FC8-9AF5-2077561928B2","properties":{"overrideid":"","name":"","documentation":""},"stencil":{"id":"Association"},"childShapes":[],"outgoing":[{"resourceId":"sid-4E63BF87-DDCF-472D-AEEF-14A95C53CD73"}],"bounds":{"lowerRight":{"x":941.7370970631597,"y":344.4292837059382},"upperLeft":{"x":885.0832154368403,"y":245.5863412940618}},"dockers":[{"x":50,"y":40},{"x":1,"y":24}],"target":{"resourceId":"sid-4E63BF87-DDCF-472D-AEEF-14A95C53CD73"}}],"bounds":{"lowerRight":{"x":1208,"y":1050},"upperLeft":{"x":0,"y":0}},"stencilset":{"url":"stencilsets/bpmn2.0/bpmn2.0.json","namespace":"http://b3mn.org/stencilset/bpmn2.0#"},"ssextensions":[]}