{"referenceId":null,"name":"InsuranceDataModels","description":null,"editorJson":{"id":7017,"name":"InsuranceDataModels","dataSourceType":"custom","entities":[{"name":"Policy","description":"","attributes":[{"name":"policyId","type":"string","description":"","primaryKey":false,"generatedValue":false,"identity":false,"required":false},{"name":"customerName","type":"string","description":"","primaryKey":false,"generatedValue":false,"identity":false,"required":false},{"name":"customerEmail","type":"string","description":"","primaryKey":false,"generatedValue":false,"identity":false,"required":false},{"name":"contactNumber","type":"string","description":"","primaryKey":false,"generatedValue":false,"identity":false,"required":false}]},{"name":"Claim","description":"","attributes":[{"name":"claimId","type":"string","description":"","primaryKey":false,"generatedValue":false,"identity":false,"required":false},{"name":"policyId","type":"string","description":"","primaryKey":false,"generatedValue":false,"identity":false,"required":false},{"name":"customerName","type":"string","description":"","primaryKey":false,"generatedValue":false,"identity":false,"required":false},{"name":"customerEmail","type":"string","description":"","primaryKey":false,"generatedValue":false,"identity":false,"required":false},{"name":"contactNumber","type":"string","description":"","primaryKey":false,"generatedValue":false,"identity":false,"required":false},{"name":"claimAmount","type":"string","description":"","primaryKey":false,"generatedValue":false,"identity":false,"required":false}]}]}}