{"resourceId":10047,"properties":{"process_id":"CreateNewInsurancePolicy","name":"Create New Insurance Policy","documentation":"","process_author":"","process_version":"","process_namespace":"http://www.activiti.org/processdef","executionlisteners":"{\"executionListeners\":[]}","eventlisteners":"{\"eventListeners\":[]}","signaldefinitions":"[]","messagedefinitions":"[]","executionvariables":"[{\"variableName\":\"businessKey\",\"variableType\":\"string\"},{\"variableName\":\"policyId\",\"variableType\":\"string\"},{\"variableName\":\"customerId\",\"variableType\":\"string\"},{\"variableName\":\"var\",\"variableType\":\"string\"}]","metadata":""},"stencil":{"id":"BPMNDiagram"},"childShapes":[{"resourceId":"startEvent1","properties":{"overrideid":"startEvent1","name":"","documentation":"","executionlisteners":{"executionListeners":[]},"initiator":"","formkeydefinition":"","formreference":{"id":10041,"name":"Create New Insurance Form"},"fieldstovariables":"","formproperties":"","asynchronousdefinition":false,"exclusivedefinition":false},"stencil":{"id":"StartNoneEvent"},"childShapes":[],"outgoing":[{"resourceId":"sid-DF062637-4A34-49AD-989A-8D59283F0093"}],"bounds":{"lowerRight":{"x":90,"y":175},"upperLeft":{"x":60,"y":145}},"dockers":[]},{"resourceId":"sid-E0D9648E-EFAC-44F4-AF31-3F0F1F425B7A","properties":{"overrideid":"sid-E0D9648E-EFAC-44F4-AF31-3F0F1F425B7A","name":"","documentation":"","conditionsequenceflow":"","executionlisteners":{"executionListeners":[]},"defaultflow":"false"},"stencil":{"id":"SequenceFlow"},"childShapes":[],"outgoing":[{"resourceId":"sid-46396A1D-99D3-4D86-AA5F-97689E0882D1"}],"bounds":{"lowerRight":{"x":344.78125,"y":160},"upperLeft":{"x":265.21875,"y":160}},"dockers":[{"x":50,"y":40},{"x":50,"y":40}],"target":{"resourceId":"sid-46396A1D-99D3-4D86-AA5F-97689E0882D1"}},{"resourceId":"sid-B8A12E14-E217-4F5E-9442-FF236A74A738","properties":{"scriptformat":"groovy","scripttext":"def busKey = \"POL-\"+execution.getProcessInstanceId()\nexecution.setVariable(\"policyId\", busKey)\nexecution.setVariable(\"businessKey\", busKey)\nexecution.getEngineServices().getRuntimeService().updateBusinessKey(execution.getProcessInstanceId(),busKey);\nif (userInfoBean.getCurrentUser().getExternalId()) {\n    execution.setVariable(\"customerId\", userInfoBean.getCurrentUser().getExternalId())\n} else{\n    execution.setVariable(\"customerId\", userInfoBean.getCurrentUser().getEmail())\n}","executionvariables":"","overrideid":"sid-B8A12E14-E217-4F5E-9442-FF236A74A738","name":"Script Task","documentation":"","asynchronousdefinition":false,"exclusivedefinition":false,"executionlisteners":{"executionListeners":[]},"multiinstance_type":"None","multiinstance_cardinality":"","multiinstance_collection":"","multiinstance_variable":"","multiinstance_condition":"","isforcompensation":false},"stencil":{"id":"ScriptTask"},"childShapes":[],"outgoing":[{"resourceId":"sid-E0D9648E-EFAC-44F4-AF31-3F0F1F425B7A"}],"bounds":{"lowerRight":{"x":265,"y":200},"upperLeft":{"x":165,"y":120}},"dockers":[]},{"resourceId":"sid-46396A1D-99D3-4D86-AA5F-97689E0882D1","properties":{"overrideid":"sid-46396A1D-99D3-4D86-AA5F-97689E0882D1","name":"Create Policy","documentation":"","entityattributemapping":{"mappedDataModel":10045,"mappedEntity":"Policy","variableType":"existing","existingVariable":{"mappedVariableName":"policy","entityName":"Policy"},"attributeMappings":[{"attributeName":"policyId","valueType":"variable","variable":{"id":"policyId","name":"policyId","type":"string"}},{"attributeName":"customerName","valueType":"field","formField":{"id":"customerName","name":"Customer Name","type":"text"}},{"attributeName":"contactNumber","valueType":"field","formField":{"id":"contactNumber","name":"Contact Number","type":"text"}},{"attributeName":"customerId","valueType":"variable","variable":{"id":"customerId","name":"customerId","type":"string"}},{"attributeName":"dateOfBirth","valueType":"field","formField":{"id":"dateOfBirth","name":"Date Of Birth","type":"date"}},{"attributeName":"customerEmail","valueType":"field","formField":{"id":"customerEmail","name":"Customer Email","type":"text"}},{"attributeName":"contactAddress","valueType":"field","formField":{"id":"contactAddress","name":"Contact Address","type":"text"}},{"attributeName":"insuranceType","valueType":"field","formField":{"id":"insuranceType_LABEL","name":"Insurance Type - label","type":"dropdown"}},{"attributeName":"policyCoverage","valueType":"field","formField":{"id":"policyCoverage_LABEL","name":"Policy Coverage - label","type":"dropdown"}},{"attributeName":"startDate","valueType":"field","formField":{"id":"startDate","name":"Start Date","type":"date"}},{"attributeName":"endDate","valueType":"field","formField":{"id":"endDate","name":"End Date","type":"date"}},{"attributeName":"insuranceAmount","valueType":"field","formField":{"id":"insuranceAmount","name":"Insurance Amount","type":"text"}},{"attributeName":"deductibleAmount","valueType":"field","formField":{"id":"deductibleAmount","name":"Deductible Amount","type":"text"}},{"attributeName":"addressToInsure","valueType":"field","formField":{"id":"addressToInsure","name":"Address to Insure","type":"text"}},{"attributeName":"ageOfProperty","valueType":"field","formField":{"id":"ageOfProperty","name":"Age Of Property","type":"text"}}]},"isforcompensation":false,"alfrescoactiontask_publish_as_type":{"publishAsType":"process_initiator"},"executionlisteners":{"executionListeners":[]},"asynchronousdefinition":false,"exclusivedefinition":true},"stencil":{"id":"StoreEntityTask"},"childShapes":[],"outgoing":[{"resourceId":"sid-82D430A3-86B6-4243-951A-1AC6B9A70FAE"}],"bounds":{"lowerRight":{"x":445,"y":200},"upperLeft":{"x":345,"y":120}},"dockers":[]},{"resourceId":"sid-5D60ACBE-395E-4C10-A101-1A48D541E1D8","properties":{"overrideid":"sid-5D60ACBE-395E-4C10-A101-1A48D541E1D8","name":"","documentation":"","executionlisteners":{"executionListeners":[]},"asynchronousdefinition":false,"exclusivedefinition":false},"stencil":{"id":"EndNoneEvent"},"childShapes":[],"outgoing":[],"bounds":{"lowerRight":{"x":898,"y":174},"upperLeft":{"x":870,"y":146}},"dockers":[]},{"resourceId":"sid-CCAF5BE8-1327-4BC7-A5AB-3B3F8D5AA8DF","properties":{"overrideid":"sid-CCAF5BE8-1327-4BC7-A5AB-3B3F8D5AA8DF","name":"Publish to Alfresco","documentation":"","alfresco_cloud_content":{"source":"field","documentType":"cmis:document","documentAspects":[{"aspectName":"cm:titled"}],"field":"doc"},"alfresco_cloud_destination":{"account":"alfresco-1","site":"insurancesite","publish_as_type":"process_initiator","path":"fac941d6-6346-4ffb-9310-dbed55241dcd","folder":"policyId","path_title":"documentLibrary > PolicyDocuments","site_title":"InsuranceSite"},"isforcompensation":false,"executionlisteners":{"executionListeners":[]},"exclusivedefinition":true,"asynchronousdefinition":true},"stencil":{"id":"PublishToAlfrescoCloudTask"},"childShapes":[],"outgoing":[{"resourceId":"sid-88DF1CC1-F50D-4D01-9D3F-D26A03CDFB77"}],"bounds":{"lowerRight":{"x":790,"y":200},"upperLeft":{"x":690,"y":120}},"dockers":[]},{"resourceId":"sid-88DF1CC1-F50D-4D01-9D3F-D26A03CDFB77","properties":{"overrideid":"sid-88DF1CC1-F50D-4D01-9D3F-D26A03CDFB77","name":"","documentation":"","conditionsequenceflow":"","executionlisteners":{"executionListeners":[]},"defaultflow":"false"},"stencil":{"id":"SequenceFlow"},"childShapes":[],"outgoing":[{"resourceId":"sid-5D60ACBE-395E-4C10-A101-1A48D541E1D8"}],"bounds":{"lowerRight":{"x":869.5,"y":160},"upperLeft":{"x":790.5,"y":160}},"dockers":[{"x":50,"y":40},{"x":14,"y":14}],"target":{"resourceId":"sid-5D60ACBE-395E-4C10-A101-1A48D541E1D8"}},{"resourceId":"sid-82D430A3-86B6-4243-951A-1AC6B9A70FAE","properties":{"overrideid":"sid-82D430A3-86B6-4243-951A-1AC6B9A70FAE","name":"","documentation":"","conditionsequenceflow":"","executionlisteners":{"executionListeners":[]},"defaultflow":"false"},"stencil":{"id":"SequenceFlow"},"childShapes":[],"outgoing":[{"resourceId":"sid-3E7C1A92-937B-4BE3-A139-8BD240A2298C"}],"bounds":{"lowerRight":{"x":509.37109375,"y":160},"upperLeft":{"x":445.62890625,"y":160}},"dockers":[{"x":50,"y":40},{"x":50,"y":40}],"target":{"resourceId":"sid-3E7C1A92-937B-4BE3-A139-8BD240A2298C"}},{"resourceId":"sid-2A5C7D79-A4BE-4398-AF5F-45FDB4A95C5B","properties":{"overrideid":"sid-2A5C7D79-A4BE-4398-AF5F-45FDB4A95C5B","name":"","documentation":"","conditionsequenceflow":"","executionlisteners":{"executionListeners":[]},"defaultflow":"false"},"stencil":{"id":"SequenceFlow"},"childShapes":[],"outgoing":[{"resourceId":"sid-CCAF5BE8-1327-4BC7-A5AB-3B3F8D5AA8DF"}],"bounds":{"lowerRight":{"x":689.78125,"y":160},"upperLeft":{"x":610.21875,"y":160}},"dockers":[{"x":50,"y":40},{"x":50,"y":40}],"target":{"resourceId":"sid-CCAF5BE8-1327-4BC7-A5AB-3B3F8D5AA8DF"}},{"resourceId":"sid-3E7C1A92-937B-4BE3-A139-8BD240A2298C","properties":{"overrideid":"sid-3E7C1A92-937B-4BE3-A139-8BD240A2298C","name":"Generate Policy Doc","documentation":"","generatedocumenttemplate":{"id":1003,"name":"PolicyTemplate.docx"},"generatedocumenttaskoutputformat":"pdf","executionvariable_document":{"variableName":"doc","variableType":"document"},"generatedocumentfilename":"","isforcompensation":false,"exclusivedefinition":true,"executionlisteners":{"executionListeners":[]},"asynchronousdefinition":true},"stencil":{"id":"GenerateDocumentTask"},"childShapes":[],"outgoing":[{"resourceId":"sid-2A5C7D79-A4BE-4398-AF5F-45FDB4A95C5B"}],"bounds":{"lowerRight":{"x":610,"y":200},"upperLeft":{"x":510,"y":120}},"dockers":[]},{"resourceId":"sid-DF062637-4A34-49AD-989A-8D59283F0093","properties":{"overrideid":"sid-DF062637-4A34-49AD-989A-8D59283F0093","name":"","documentation":"","conditionsequenceflow":"","executionlisteners":{"executionListeners":[]},"defaultflow":"false"},"stencil":{"id":"SequenceFlow"},"childShapes":[],"outgoing":[{"resourceId":"sid-B8A12E14-E217-4F5E-9442-FF236A74A738"}],"bounds":{"lowerRight":{"x":164.78125,"y":160},"upperLeft":{"x":90.21875,"y":160}},"dockers":[{"x":15,"y":15},{"x":50,"y":40}],"target":{"resourceId":"sid-B8A12E14-E217-4F5E-9442-FF236A74A738"}}],"bounds":{"lowerRight":{"x":1200,"y":1050},"upperLeft":{"x":0,"y":0}},"stencilset":{"url":"stencilsets/bpmn2.0/bpmn2.0.json","namespace":"http://b3mn.org/stencilset/bpmn2.0#"},"ssextensions":[]}