<?xml version='1.0' encoding='UTF-8'?>
<definitions xmlns="http://www.omg.org/spec/BPMN/20100524/MODEL" xmlns:xsi="http://www.w3.org/2001/XMLSchema-instance" xmlns:xsd="http://www.w3.org/2001/XMLSchema" xmlns:activiti="http://activiti.org/bpmn" xmlns:bpmndi="http://www.omg.org/spec/BPMN/20100524/DI" xmlns:omgdc="http://www.omg.org/spec/DD/20100524/DC" xmlns:omgdi="http://www.omg.org/spec/DD/20100524/DI" typeLanguage="http://www.w3.org/2001/XMLSchema" expressionLanguage="http://www.w3.org/1999/XPath" targetNamespace="http://www.activiti.org/processdef" xmlns:modeler="http://activiti.com/modeler" modeler:version="1.0en" modeler:exportDateTime="20170531000317183" modeler:modelId="10047" modeler:modelVersion="8" modeler:modelLastUpdated="1496206883835" modeler:modelStencilSet="4006">
  <process id="CreateNewInsurancePolicy" name="Create New Insurance Policy" isExecutable="true">
    <extensionElements>
      <modeler:executionvariables xmlns:modeler="http://activiti.com/modeler" modeler:variableName="businessKey" modeler:variableType="string"/>
      <modeler:executionvariables xmlns:modeler="http://activiti.com/modeler" modeler:variableName="policyId" modeler:variableType="string"/>
      <modeler:executionvariables xmlns:modeler="http://activiti.com/modeler" modeler:variableName="customerId" modeler:variableType="string"/>
      <modeler:executionvariables xmlns:modeler="http://activiti.com/modeler" modeler:variableName="var" modeler:variableType="string"/>
    </extensionElements>
    <startEvent id="startEvent1" activiti:formKey="10041">
      <extensionElements>
        <modeler:form-reference-id><![CDATA[10041]]></modeler:form-reference-id>
        <modeler:form-reference-name><![CDATA[Create New Insurance Form]]></modeler:form-reference-name>
        <modeler:editor-resource-id><![CDATA[startEvent1]]></modeler:editor-resource-id>
      </extensionElements>
    </startEvent>
    <sequenceFlow id="sid-E0D9648E-EFAC-44F4-AF31-3F0F1F425B7A" sourceRef="sid-B8A12E14-E217-4F5E-9442-FF236A74A738" targetRef="sid-46396A1D-99D3-4D86-AA5F-97689E0882D1">
      <extensionElements>
        <modeler:editor-resource-id><![CDATA[sid-E0D9648E-EFAC-44F4-AF31-3F0F1F425B7A]]></modeler:editor-resource-id>
      </extensionElements>
    </sequenceFlow>
    <scriptTask id="sid-B8A12E14-E217-4F5E-9442-FF236A74A738" name="Script Task" scriptFormat="groovy" activiti:autoStoreVariables="false">
      <extensionElements>
        <modeler:editor-resource-id><![CDATA[sid-B8A12E14-E217-4F5E-9442-FF236A74A738]]></modeler:editor-resource-id>
      </extensionElements>
      <script><![CDATA[def busKey = "POL-"+execution.getProcessInstanceId()
execution.setVariable("policyId", busKey)
execution.setVariable("businessKey", busKey)
execution.getEngineServices().getRuntimeService().updateBusinessKey(execution.getProcessInstanceId(),busKey);
if (userInfoBean.getCurrentUser().getExternalId()) {
    execution.setVariable("customerId", userInfoBean.getCurrentUser().getExternalId())
} else{
    execution.setVariable("customerId", userInfoBean.getCurrentUser().getEmail())
}]]></script>
    </scriptTask>
    <serviceTask id="sid-46396A1D-99D3-4D86-AA5F-97689E0882D1" name="Create Policy" activiti:delegateExpression="${activiti_storeEntityDelegate}">
      <extensionElements>
        <activiti:field name="publishAsType">
          <activiti:string><![CDATA[process_initiator]]></activiti:string>
        </activiti:field>
        <modeler:entity-attribute-mapping modeler:mappedDataModel="10045" modeler:mappedEntity="Policy" modeler:mapped-variable-name="policy" modeler:variable-entity-name="Policy">
          <modeler:attribute-element-mapping modeler:attribute-name="policyId" modeler:variable-id="policyId" modeler:variable-name="policyId" modeler:variable-type="string"/>
          <modeler:attribute-element-mapping modeler:attribute-name="customerName" modeler:form-field-id="customerName" modeler:form-field-name="Customer Name" modeler:form-field-type="text"/>
          <modeler:attribute-element-mapping modeler:attribute-name="contactNumber" modeler:form-field-id="contactNumber" modeler:form-field-name="Contact Number" modeler:form-field-type="text"/>
          <modeler:attribute-element-mapping modeler:attribute-name="customerId" modeler:variable-id="customerId" modeler:variable-name="customerId" modeler:variable-type="string"/>
          <modeler:attribute-element-mapping modeler:attribute-name="dateOfBirth" modeler:form-field-id="dateOfBirth" modeler:form-field-name="Date Of Birth" modeler:form-field-type="date"/>
          <modeler:attribute-element-mapping modeler:attribute-name="customerEmail" modeler:form-field-id="customerEmail" modeler:form-field-name="Customer Email" modeler:form-field-type="text"/>
          <modeler:attribute-element-mapping modeler:attribute-name="contactAddress" modeler:form-field-id="contactAddress" modeler:form-field-name="Contact Address" modeler:form-field-type="text"/>
          <modeler:attribute-element-mapping modeler:attribute-name="insuranceType" modeler:form-field-id="insuranceType_LABEL" modeler:form-field-name="Insurance Type - label" modeler:form-field-type="dropdown"/>
          <modeler:attribute-element-mapping modeler:attribute-name="policyCoverage" modeler:form-field-id="policyCoverage_LABEL" modeler:form-field-name="Policy Coverage - label" modeler:form-field-type="dropdown"/>
          <modeler:attribute-element-mapping modeler:attribute-name="startDate" modeler:form-field-id="startDate" modeler:form-field-name="Start Date" modeler:form-field-type="date"/>
          <modeler:attribute-element-mapping modeler:attribute-name="endDate" modeler:form-field-id="endDate" modeler:form-field-name="End Date" modeler:form-field-type="date"/>
          <modeler:attribute-element-mapping modeler:attribute-name="insuranceAmount" modeler:form-field-id="insuranceAmount" modeler:form-field-name="Insurance Amount" modeler:form-field-type="text"/>
          <modeler:attribute-element-mapping modeler:attribute-name="deductibleAmount" modeler:form-field-id="deductibleAmount" modeler:form-field-name="Deductible Amount" modeler:form-field-type="text"/>
          <modeler:attribute-element-mapping modeler:attribute-name="addressToInsure" modeler:form-field-id="addressToInsure" modeler:form-field-name="Address to Insure" modeler:form-field-type="text"/>
          <modeler:attribute-element-mapping modeler:attribute-name="ageOfProperty" modeler:form-field-id="ageOfProperty" modeler:form-field-name="Age Of Property" modeler:form-field-type="text"/>
        </modeler:entity-attribute-mapping>
        <modeler:editor-resource-id><![CDATA[sid-46396A1D-99D3-4D86-AA5F-97689E0882D1]]></modeler:editor-resource-id>
      </extensionElements>
    </serviceTask>
    <endEvent id="sid-5D60ACBE-395E-4C10-A101-1A48D541E1D8">
      <extensionElements>
        <modeler:editor-resource-id><![CDATA[sid-5D60ACBE-395E-4C10-A101-1A48D541E1D8]]></modeler:editor-resource-id>
      </extensionElements>
    </endEvent>
    <serviceTask id="sid-CCAF5BE8-1327-4BC7-A5AB-3B3F8D5AA8DF" name="Publish to Alfresco" activiti:async="true" activiti:class="com.activiti.runtime.activiti.KickstartAlfrescoPublishDelegate">
      <extensionElements>
        <activiti:field name="relatedContentService">
          <activiti:expression><![CDATA[${relatedContentService}]]></activiti:expression>
        </activiti:field>
        <activiti:field name="relatedContentProcessor">
          <activiti:expression><![CDATA[${relatedContentProcessor}]]></activiti:expression>
        </activiti:field>
        <activiti:field name="historyService">
          <activiti:expression><![CDATA[${historyService}]]></activiti:expression>
        </activiti:field>
        <activiti:field name="alfrescoMetadataProcessor">
          <activiti:expression><![CDATA[${alfrescoMetadataProcessor}]]></activiti:expression>
        </activiti:field>
        <activiti:field name="contentSource">
          <activiti:string><![CDATA[field]]></activiti:string>
        </activiti:field>
        <activiti:field name="documentType">
          <activiti:string><![CDATA[cmis:document]]></activiti:string>
        </activiti:field>
        <activiti:field name="documentAspects">
          <activiti:string><![CDATA[[{"aspectName":"cm:titled"}]]]></activiti:string>
        </activiti:field>
        <activiti:field name="account">
          <activiti:string><![CDATA[alfresco-1]]></activiti:string>
        </activiti:field>
        <activiti:field name="site">
          <activiti:string><![CDATA[insurancesite]]></activiti:string>
        </activiti:field>
        <activiti:field name="publishAsType">
          <activiti:string><![CDATA[process_initiator]]></activiti:string>
        </activiti:field>
        <activiti:field name="path">
          <activiti:string><![CDATA[fac941d6-6346-4ffb-9310-dbed55241dcd]]></activiti:string>
        </activiti:field>
        <activiti:field name="createFolder">
          <activiti:expression><![CDATA[${policyId}]]></activiti:expression>
        </activiti:field>
        <activiti:field name="contentContainer">
          <activiti:string><![CDATA[doc]]></activiti:string>
        </activiti:field>
        <modeler:site_title><![CDATA[InsuranceSite]]></modeler:site_title>
        <modeler:path_title><![CDATA[documentLibrary > PolicyDocuments]]></modeler:path_title>
        <modeler:editor-resource-id><![CDATA[sid-CCAF5BE8-1327-4BC7-A5AB-3B3F8D5AA8DF]]></modeler:editor-resource-id>
      </extensionElements>
    </serviceTask>
    <sequenceFlow id="sid-88DF1CC1-F50D-4D01-9D3F-D26A03CDFB77" sourceRef="sid-CCAF5BE8-1327-4BC7-A5AB-3B3F8D5AA8DF" targetRef="sid-5D60ACBE-395E-4C10-A101-1A48D541E1D8">
      <extensionElements>
        <modeler:editor-resource-id><![CDATA[sid-88DF1CC1-F50D-4D01-9D3F-D26A03CDFB77]]></modeler:editor-resource-id>
      </extensionElements>
    </sequenceFlow>
    <sequenceFlow id="sid-82D430A3-86B6-4243-951A-1AC6B9A70FAE" sourceRef="sid-46396A1D-99D3-4D86-AA5F-97689E0882D1" targetRef="sid-3E7C1A92-937B-4BE3-A139-8BD240A2298C">
      <extensionElements>
        <modeler:editor-resource-id><![CDATA[sid-82D430A3-86B6-4243-951A-1AC6B9A70FAE]]></modeler:editor-resource-id>
      </extensionElements>
    </sequenceFlow>
    <sequenceFlow id="sid-2A5C7D79-A4BE-4398-AF5F-45FDB4A95C5B" sourceRef="sid-3E7C1A92-937B-4BE3-A139-8BD240A2298C" targetRef="sid-CCAF5BE8-1327-4BC7-A5AB-3B3F8D5AA8DF">
      <extensionElements>
        <modeler:editor-resource-id><![CDATA[sid-2A5C7D79-A4BE-4398-AF5F-45FDB4A95C5B]]></modeler:editor-resource-id>
      </extensionElements>
    </sequenceFlow>
    <serviceTask id="sid-3E7C1A92-937B-4BE3-A139-8BD240A2298C" name="Generate Policy Doc" activiti:async="true" activiti:delegateExpression="${activiti_generateDocumentDelegate}">
      <extensionElements>
        <activiti:field name="outputFormat">
          <activiti:string><![CDATA[pdf]]></activiti:string>
        </activiti:field>
        <activiti:field name="templateId">
          <activiti:string><![CDATA[1003]]></activiti:string>
        </activiti:field>
        <activiti:field name="templateName">
          <activiti:string><![CDATA[PolicyTemplate.docx]]></activiti:string>
        </activiti:field>
        <activiti:field name="variableName">
          <activiti:string><![CDATA[doc]]></activiti:string>
        </activiti:field>
        <modeler:executionvariables modeler:variableName="doc" modeler:variableType="document"/>
        <modeler:editor-resource-id><![CDATA[sid-3E7C1A92-937B-4BE3-A139-8BD240A2298C]]></modeler:editor-resource-id>
      </extensionElements>
    </serviceTask>
    <sequenceFlow id="sid-DF062637-4A34-49AD-989A-8D59283F0093" sourceRef="startEvent1" targetRef="sid-B8A12E14-E217-4F5E-9442-FF236A74A738">
      <extensionElements>
        <modeler:editor-resource-id><![CDATA[sid-DF062637-4A34-49AD-989A-8D59283F0093]]></modeler:editor-resource-id>
      </extensionElements>
    </sequenceFlow>
  </process>
  <bpmndi:BPMNDiagram id="BPMNDiagram_CreateNewInsurancePolicy">
    <bpmndi:BPMNPlane bpmnElement="CreateNewInsurancePolicy" id="BPMNPlane_CreateNewInsurancePolicy">
      <bpmndi:BPMNShape bpmnElement="startEvent1" id="BPMNShape_startEvent1">
        <omgdc:Bounds height="30.0" width="30.0" x="60.0" y="145.0"/>
      </bpmndi:BPMNShape>
      <bpmndi:BPMNShape bpmnElement="sid-B8A12E14-E217-4F5E-9442-FF236A74A738" id="BPMNShape_sid-B8A12E14-E217-4F5E-9442-FF236A74A738">
        <omgdc:Bounds height="80.0" width="100.0" x="165.0" y="120.0"/>
      </bpmndi:BPMNShape>
      <bpmndi:BPMNShape bpmnElement="sid-46396A1D-99D3-4D86-AA5F-97689E0882D1" id="BPMNShape_sid-46396A1D-99D3-4D86-AA5F-97689E0882D1">
        <omgdc:Bounds height="80.0" width="100.0" x="345.0" y="120.0"/>
      </bpmndi:BPMNShape>
      <bpmndi:BPMNShape bpmnElement="sid-5D60ACBE-395E-4C10-A101-1A48D541E1D8" id="BPMNShape_sid-5D60ACBE-395E-4C10-A101-1A48D541E1D8">
        <omgdc:Bounds height="28.0" width="28.0" x="870.0" y="146.0"/>
      </bpmndi:BPMNShape>
      <bpmndi:BPMNShape bpmnElement="sid-CCAF5BE8-1327-4BC7-A5AB-3B3F8D5AA8DF" id="BPMNShape_sid-CCAF5BE8-1327-4BC7-A5AB-3B3F8D5AA8DF">
        <omgdc:Bounds height="80.0" width="100.0" x="690.0" y="120.0"/>
      </bpmndi:BPMNShape>
      <bpmndi:BPMNShape bpmnElement="sid-3E7C1A92-937B-4BE3-A139-8BD240A2298C" id="BPMNShape_sid-3E7C1A92-937B-4BE3-A139-8BD240A2298C">
        <omgdc:Bounds height="80.0" width="100.0" x="510.0" y="120.0"/>
      </bpmndi:BPMNShape>
      <bpmndi:BPMNEdge bpmnElement="sid-82D430A3-86B6-4243-951A-1AC6B9A70FAE" id="BPMNEdge_sid-82D430A3-86B6-4243-951A-1AC6B9A70FAE">
        <omgdi:waypoint x="445.0" y="160.0"/>
        <omgdi:waypoint x="510.0" y="160.0"/>
      </bpmndi:BPMNEdge>
      <bpmndi:BPMNEdge bpmnElement="sid-E0D9648E-EFAC-44F4-AF31-3F0F1F425B7A" id="BPMNEdge_sid-E0D9648E-EFAC-44F4-AF31-3F0F1F425B7A">
        <omgdi:waypoint x="265.0" y="160.0"/>
        <omgdi:waypoint x="345.0" y="160.0"/>
      </bpmndi:BPMNEdge>
      <bpmndi:BPMNEdge bpmnElement="sid-88DF1CC1-F50D-4D01-9D3F-D26A03CDFB77" id="BPMNEdge_sid-88DF1CC1-F50D-4D01-9D3F-D26A03CDFB77">
        <omgdi:waypoint x="790.0" y="160.0"/>
        <omgdi:waypoint x="870.0" y="160.0"/>
      </bpmndi:BPMNEdge>
      <bpmndi:BPMNEdge bpmnElement="sid-2A5C7D79-A4BE-4398-AF5F-45FDB4A95C5B" id="BPMNEdge_sid-2A5C7D79-A4BE-4398-AF5F-45FDB4A95C5B">
        <omgdi:waypoint x="610.0" y="160.0"/>
        <omgdi:waypoint x="690.0" y="160.0"/>
      </bpmndi:BPMNEdge>
      <bpmndi:BPMNEdge bpmnElement="sid-DF062637-4A34-49AD-989A-8D59283F0093" id="BPMNEdge_sid-DF062637-4A34-49AD-989A-8D59283F0093">
        <omgdi:waypoint x="90.0" y="160.0"/>
        <omgdi:waypoint x="165.0" y="160.0"/>
      </bpmndi:BPMNEdge>
    </bpmndi:BPMNPlane>
  </bpmndi:BPMNDiagram>
</definitions>