{"bounds":{"lowerRight":{"x":1824.6132656016987,"y":969.2733854688948},"upperLeft":{"x":0.0,"y":0.0}},"resourceId":"canvas","stencil":{"id":"BPMNDiagram"},"stencilset":{"namespace":"http://b3mn.org/stencilset/bpmn2.0#","url":"../editor/stencilsets/bpmn2.0/bpmn2.0.json"},"properties":{"process_id":"InsuranceClaimProcess","name":"Insurance Claim Process","executionlisteners":{"executionListeners":[]},"eventlisteners":{"eventListeners":[]},"signaldefinitions":[],"messagedefinitions":[],"executionvariables":[{"variableName":"claimId","variableType":"string"},{"variableName":"policyId","variableType":"string"},{"variableName":"customerId","variableType":"string"},{"variableName":"eyeWitnesses","variableType":"string"},{"variableName":"incidentDescription","variableType":"string"},{"variableName":"responsiblePersons","variableType":"string"},{"variableName":"contactAddress","variableType":"string"}],"process_namespace":"http://www.activiti.org/processdef"},"childShapes":[{"bounds":{"lowerRight":{"x":45.0,"y":690.0},"upperLeft":{"x":15.0,"y":660.0}},"resourceId":"startEvent1","childShapes":[],"stencil":{"id":"StartNoneEvent"},"properties":{"overrideid":"Start","name":"Start","formreference":{"id":10040,"name":"Property Claim"},"fieldstovariables":[{"formField":{"id":"policyId","name":"Policy Number"},"mappedDataModel":10045,"mappedEntity":"Policy","mappedColumn":"policyId","mappedVariableName":"currentPolicy"}],"executionlisteners":{"executionListeners":[]},"asynchronousdefinition":false,"exclusivedefinition":true},"outgoing":[{"resourceId":"sid-E4E86F07-E51D-4169-A174-56279A3ED401"}]},{"bounds":{"lowerRight":{"x":1090.0,"y":815.0},"upperLeft":{"x":990.0,"y":735.0}},"resourceId":"sid-22826A48-F2D9-4358-B461-A567678017EA","childShapes":[],"stencil":{"id":"UserTask"},"properties":{"overrideid":"sid-22826A48-F2D9-4358-B461-A567678017EA","name":"Review Claim - ${customerName}","usertasksendemail":true,"usertaskassignment":{"assignment":{"type":"idm","idm":{"type":"initiator"},"initiatorCanCompleteTask":false}},"formreference":{"id":6,"name":"Review Claim"},"executionlisteners":{"executionListeners":[]},"isforcompensation":false,"asynchronousdefinition":false,"exclusivedefinition":true,"tasklisteners":{"taskListeners":[]}},"outgoing":[{"resourceId":"sid-93800F92-CE06-43DF-9C05-669EEEE88170"}]},{"bounds":{"lowerRight":{"x":580.0,"y":725.0},"upperLeft":{"x":480.0,"y":645.0}},"resourceId":"sid-5932FC60-4845-424E-85F5-26EC5F79BF1A","childShapes":[],"stencil":{"id":"DecisionTask"},"properties":{"overrideid":"sid-5932FC60-4845-424E-85F5-26EC5F79BF1A","name":"Pre Check (Validation Rules)","decisiontaskdecisiontablereference":{"id":10044,"name":"Claim Pre-Validation"},"executionlisteners":{"executionListeners":[]},"isforcompensation":false,"asynchronousdefinition":false,"exclusivedefinition":true},"outgoing":[{"resourceId":"sid-8B02A753-9AEF-472E-B377-E6E5BF35C61A"}]},{"bounds":{"lowerRight":{"x":1195.0,"y":718.75},"upperLeft":{"x":1095.0,"y":638.75}},"resourceId":"sid-1C299883-3DDF-4C5F-B6FC-36096E8EC74B","childShapes":[],"stencil":{"id":"DecisionTask"},"properties":{"overrideid":"sid-1C299883-3DDF-4C5F-B6FC-36096E8EC74B","name":"Fraud Check Rules","decisiontaskdecisiontablereference":{"id":10043,"name":"Claim Fraud Check Rules"},"executionlisteners":{"executionListeners":[]},"isforcompensation":false,"asynchronousdefinition":false,"exclusivedefinition":true},"outgoing":[{"resourceId":"sid-5056A259-F4F6-48D3-B7F3-4073BE8853DB"}]},{"bounds":{"lowerRight":{"x":670.0,"y":705.0},"upperLeft":{"x":630.0,"y":665.0}},"resourceId":"sid-849F33F2-BBC9-4698-B329-22925767C974","childShapes":[],"stencil":{"id":"ExclusiveGateway"},"properties":{"overrideid":"sid-849F33F2-BBC9-4698-B329-22925767C974","name":"Outcome?","executionlisteners":{"executionListeners":[]},"asynchronousdefinition":false,"exclusivedefinition":true},"outgoing":[{"resourceId":"sid-E13A0336-2452-4621-8530-C56E1227BFA1"},{"resourceId":"sid-A0C3C940-45F3-41B3-AD7C-E1BBDC9B7070"},{"resourceId":"sid-104949A6-989B-4A26-9A97-41224E5BA85B"}]},{"bounds":{"lowerRight":{"x":172.0,"y":212.0},"upperLeft":{"x":128.0,"y":212.0}},"resourceId":"sid-8B02A753-9AEF-472E-B377-E6E5BF35C61A","childShapes":[],"stencil":{"id":"SequenceFlow"},"dockers":[{"x":50.0,"y":40.0},{"x":20.0,"y":20.0}],"outgoing":[{"resourceId":"sid-849F33F2-BBC9-4698-B329-22925767C974"}],"target":{"resourceId":"sid-849F33F2-BBC9-4698-B329-22925767C974"},"properties":{"overrideid":"sid-8B02A753-9AEF-472E-B377-E6E5BF35C61A","executionlisteners":{"executionListeners":[]}}},{"bounds":{"lowerRight":{"x":853.0,"y":512.0968340121871},"upperLeft":{"x":825.0,"y":484.09683401218706}},"resourceId":"sid-0DF4E579-363F-4AB8-9872-4A5B2EC03116","childShapes":[],"stencil":{"id":"EndNoneEvent"},"properties":{"overrideid":"auto-rejected","executionlisteners":{"executionListeners":[]},"asynchronousdefinition":false,"exclusivedefinition":true},"outgoing":[]},{"bounds":{"lowerRight":{"x":943.0,"y":894.0},"upperLeft":{"x":915.0,"y":866.0}},"resourceId":"sid-31049292-39AE-4064-8B65-9A2ADE2B0CAF","childShapes":[],"stencil":{"id":"EndNoneEvent"},"properties":{"overrideid":"auto-approved","executionlisteners":{"executionListeners":[]},"asynchronousdefinition":false,"exclusivedefinition":true},"outgoing":[]},{"bounds":{"lowerRight":{"x":1280.0,"y":698.75},"upperLeft":{"x":1240.0,"y":658.75}},"resourceId":"sid-3605C4C7-0D6E-4271-A1EE-EC00A99C4FA0","childShapes":[],"stencil":{"id":"ExclusiveGateway"},"properties":{"overrideid":"sid-3605C4C7-0D6E-4271-A1EE-EC00A99C4FA0","name":"Outcome?","executionlisteners":{"executionListeners":[]},"asynchronousdefinition":false,"exclusivedefinition":true},"outgoing":[{"resourceId":"sid-CBF77D3E-BFE3-4429-99F4-0DF5562C3A4D"},{"resourceId":"sid-29B835BA-9BD6-4E5F-A09A-C19CAC162521"},{"resourceId":"sid-B127430A-2D83-4CFF-A2D4-95B690055587"}]},{"bounds":{"lowerRight":{"x":172.0,"y":212.0},"upperLeft":{"x":128.0,"y":212.0}},"resourceId":"sid-5056A259-F4F6-48D3-B7F3-4073BE8853DB","childShapes":[],"stencil":{"id":"SequenceFlow"},"dockers":[{"x":50.0,"y":40.0},{"x":20.0,"y":20.0}],"outgoing":[{"resourceId":"sid-3605C4C7-0D6E-4271-A1EE-EC00A99C4FA0"}],"target":{"resourceId":"sid-3605C4C7-0D6E-4271-A1EE-EC00A99C4FA0"},"properties":{"overrideid":"sid-5056A259-F4F6-48D3-B7F3-4073BE8853DB","executionlisteners":{"executionListeners":[]}}},{"bounds":{"lowerRight":{"x":1423.0,"y":519.467053493269},"upperLeft":{"x":1395.0,"y":491.46705349326896}},"resourceId":"sid-5DC7B98C-A027-46E6-94F1-BDA4112744E1","childShapes":[],"stencil":{"id":"EndNoneEvent"},"properties":{"overrideid":"sid-5DC7B98C-A027-46E6-94F1-BDA4112744E1","executionlisteners":{"executionListeners":[]},"asynchronousdefinition":false,"exclusivedefinition":true},"outgoing":[]},{"bounds":{"lowerRight":{"x":1414.0,"y":879.0},"upperLeft":{"x":1386.0,"y":851.0}},"resourceId":"sid-67A0226E-607B-4925-9184-ECF06D6F7105","childShapes":[],"stencil":{"id":"EndNoneEvent"},"properties":{"overrideid":"sid-67A0226E-607B-4925-9184-ECF06D6F7105","executionlisteners":{"executionListeners":[]},"asynchronousdefinition":false,"exclusivedefinition":true},"outgoing":[]},{"bounds":{"lowerRight":{"x":1545.0,"y":698.75},"upperLeft":{"x":1505.0,"y":658.75}},"resourceId":"sid-3B712BD0-0658-4CEB-A357-7B684E2220AE","childShapes":[],"stencil":{"id":"ExclusiveGateway"},"properties":{"overrideid":"sid-3B712BD0-0658-4CEB-A357-7B684E2220AE","name":"Result?","executionlisteners":{"executionListeners":[]},"asynchronousdefinition":false,"exclusivedefinition":true},"outgoing":[{"resourceId":"sid-949636D4-C743-4BFF-9FF2-5ADB2B56EAC1"},{"resourceId":"sid-D59860F6-8553-4684-9A61-4C8687BD2B5A"}]},{"bounds":{"lowerRight":{"x":172.0,"y":212.0},"upperLeft":{"x":128.0,"y":212.0}},"resourceId":"sid-BF23E6DA-5C8E-4D2A-A7C6-D844433C10B7","childShapes":[],"stencil":{"id":"SequenceFlow"},"dockers":[{"x":50.0,"y":40.0},{"x":20.0,"y":20.0}],"outgoing":[{"resourceId":"sid-3B712BD0-0658-4CEB-A357-7B684E2220AE"}],"target":{"resourceId":"sid-3B712BD0-0658-4CEB-A357-7B684E2220AE"},"properties":{"overrideid":"sid-BF23E6DA-5C8E-4D2A-A7C6-D844433C10B7","executionlisteners":{"executionListeners":[]}}},{"bounds":{"lowerRight":{"x":1774.6132656016987,"y":692.75},"upperLeft":{"x":1746.6132656016987,"y":664.75}},"resourceId":"sid-486A1451-145B-4D17-8B9D-C97CD338D0C7","childShapes":[],"stencil":{"id":"EndNoneEvent"},"properties":{"overrideid":"sid-486A1451-145B-4D17-8B9D-C97CD338D0C7","executionlisteners":{"executionListeners":[]},"asynchronousdefinition":false,"exclusivedefinition":true},"outgoing":[]},{"bounds":{"lowerRight":{"x":1673.0,"y":519.467053493269},"upperLeft":{"x":1645.0,"y":491.46705349326896}},"resourceId":"sid-161AF470-F26D-4BEE-929A-912EA3004393","childShapes":[],"stencil":{"id":"EndNoneEvent"},"properties":{"overrideid":"sid-161AF470-F26D-4BEE-929A-912EA3004393","executionlisteners":{"executionListeners":[]},"asynchronousdefinition":false,"exclusivedefinition":true},"outgoing":[]},{"bounds":{"lowerRight":{"x":172.0,"y":212.0},"upperLeft":{"x":128.0,"y":212.0}},"resourceId":"sid-A2A39534-2F7D-4590-8006-297EC87CB7DD","childShapes":[],"stencil":{"id":"SequenceFlow"},"dockers":[{"x":50.0,"y":40.0},{"x":14.0,"y":14.0}],"outgoing":[{"resourceId":"sid-31049292-39AE-4064-8B65-9A2ADE2B0CAF"}],"target":{"resourceId":"sid-31049292-39AE-4064-8B65-9A2ADE2B0CAF"},"properties":{"overrideid":"sid-A2A39534-2F7D-4590-8006-297EC87CB7DD","executionlisteners":{"executionListeners":[]}}},{"bounds":{"lowerRight":{"x":172.0,"y":212.0},"upperLeft":{"x":128.0,"y":212.0}},"resourceId":"sid-018A5931-4BF6-4AFC-B2E7-D8EDBBB78381","childShapes":[],"stencil":{"id":"SequenceFlow"},"dockers":[{"x":50.0,"y":40.0},{"x":14.0,"y":14.0}],"outgoing":[{"resourceId":"sid-0DF4E579-363F-4AB8-9872-4A5B2EC03116"}],"target":{"resourceId":"sid-0DF4E579-363F-4AB8-9872-4A5B2EC03116"},"properties":{"overrideid":"sid-018A5931-4BF6-4AFC-B2E7-D8EDBBB78381","executionlisteners":{"executionListeners":[]}}},{"bounds":{"lowerRight":{"x":172.0,"y":212.0},"upperLeft":{"x":128.0,"y":212.0}},"resourceId":"sid-E17A5315-1478-4F78-8CC7-360214550D05","childShapes":[],"stencil":{"id":"SequenceFlow"},"dockers":[{"x":50.0,"y":40.0},{"x":14.0,"y":14.0}],"outgoing":[{"resourceId":"sid-161AF470-F26D-4BEE-929A-912EA3004393"}],"target":{"resourceId":"sid-161AF470-F26D-4BEE-929A-912EA3004393"},"properties":{"overrideid":"sid-E17A5315-1478-4F78-8CC7-360214550D05","executionlisteners":{"executionListeners":[]}}},{"bounds":{"lowerRight":{"x":172.0,"y":212.0},"upperLeft":{"x":128.0,"y":212.0}},"resourceId":"sid-7A36A452-17D7-47D1-B328-00C9E477728D","childShapes":[],"stencil":{"id":"SequenceFlow"},"dockers":[{"x":50.0,"y":40.0},{"x":14.0,"y":14.0}],"outgoing":[{"resourceId":"sid-5DC7B98C-A027-46E6-94F1-BDA4112744E1"}],"target":{"resourceId":"sid-5DC7B98C-A027-46E6-94F1-BDA4112744E1"},"properties":{"overrideid":"sid-7A36A452-17D7-47D1-B328-00C9E477728D","executionlisteners":{"executionListeners":[]}}},{"bounds":{"lowerRight":{"x":172.0,"y":212.0},"upperLeft":{"x":128.0,"y":212.0}},"resourceId":"sid-6F1F5DF6-56A3-4ADC-B528-64BBF8DD94A3","childShapes":[],"stencil":{"id":"SequenceFlow"},"dockers":[{"x":50.0,"y":40.0},{"x":14.0,"y":14.0}],"outgoing":[{"resourceId":"sid-67A0226E-607B-4925-9184-ECF06D6F7105"}],"target":{"resourceId":"sid-67A0226E-607B-4925-9184-ECF06D6F7105"},"properties":{"overrideid":"sid-6F1F5DF6-56A3-4ADC-B528-64BBF8DD94A3","executionlisteners":{"executionListeners":[]}}},{"bounds":{"lowerRight":{"x":172.0,"y":212.0},"upperLeft":{"x":128.0,"y":212.0}},"resourceId":"sid-E4E86F07-E51D-4169-A174-56279A3ED401","childShapes":[],"stencil":{"id":"SequenceFlow"},"dockers":[{"x":15.0,"y":15.0},{"x":75.0,"y":675.0},{"x":75.0,"y":678.75},{"x":50.0,"y":40.0}],"outgoing":[{"resourceId":"sid-CA9D8FEE-72A7-41A1-84C8-D208EC5D0BDB"}],"target":{"resourceId":"sid-CA9D8FEE-72A7-41A1-84C8-D208EC5D0BDB"},"properties":{"overrideid":"sid-E4E86F07-E51D-4169-A174-56279A3ED401","executionlisteners":{"executionListeners":[]}}},{"bounds":{"lowerRight":{"x":205.0,"y":718.75},"upperLeft":{"x":105.0,"y":638.75}},"resourceId":"sid-CA9D8FEE-72A7-41A1-84C8-D208EC5D0BDB","childShapes":[],"stencil":{"id":"ScriptTask"},"properties":{"overrideid":"sid-CA9D8FEE-72A7-41A1-84C8-D208EC5D0BDB","name":"Set Business Key","scriptformat":"groovy","scripttext":"def claimId = \"CLAIM-\"+execution.getProcessInstanceId()\ndef policyId = execution.getVariable(\"policyId\")\nexecution.setVariable(\"claimId\", claimId)\nexecution.setVariable(\"businessKey\", policyId)\nexecution.getEngineServices().getRuntimeService().updateBusinessKey(execution.getProcessInstanceId(),policyId);\nexecution.setVariable(\"customerId\", currentPolicy.getEntity().get(\"customerId\").asText())\nexecution.setVariable(\"policyFolder\",policyId+\"/\"+claimId )","executionlisteners":{"executionListeners":[]},"isforcompensation":false,"asynchronousdefinition":false,"exclusivedefinition":false},"outgoing":[{"resourceId":"sid-131E9173-4CC2-4048-9A38-DB476D75B035"}]},{"bounds":{"lowerRight":{"x":415.0,"y":725.0},"upperLeft":{"x":315.0,"y":645.0}},"resourceId":"sid-51997409-67E2-4EEE-A22A-86ECF4071F7F","childShapes":[],"stencil":{"id":"StoreEntityTask"},"properties":{"overrideid":"sid-51997409-67E2-4EEE-A22A-86ECF4071F7F","name":"Create Claim","alfrescoactiontask_publish_as_type":{"publishAsType":"process_initiator"},"entityattributemapping":{"mappedDataModel":10045,"mappedEntity":"Claim","variableType":"new","newVariableName":"currentClaim","attributeMappings":[{"attributeName":"claimId","valueType":"variable","variable":{"id":"claimId","name":"claimId","type":"string"}},{"attributeName":"policyId","valueType":"variable","variable":{"id":"policyId","name":"policyId","type":"string"}},{"attributeName":"customerId","valueType":"variable","variable":{"id":"customerId","name":"customerId","type":"string"}},{"attributeName":"claimStatus","valueType":"static","staticValue":"Claim Submitted"},{"attributeName":"customerName","valueType":"field","formField":{"id":"customerName","name":"Name of the insured","type":"text"}},{"attributeName":"contactNumber","valueType":"field","formField":{"id":"contactNumber","name":"Home Telephone","type":"text"}},{"attributeName":"contactAddress","valueType":"variable","variable":{"id":"contactAddress","name":"contactAddress","type":"string"}},{"attributeName":"contactEmail","valueType":"field","formField":{"id":"contactEmail","name":"Email Address","type":"text"}},{"attributeName":"dateOfIncident","valueType":"field","formField":{"id":"dateOfIncident","name":"Date of Incident","type":"date"}},{"attributeName":"placeOfIncident","valueType":"field","formField":{"id":"placeOfIncident","name":"Place of Incident","type":"text"}},{"attributeName":"responsiblePersons","valueType":"variable","variable":{"id":"responsiblePersons","name":"responsiblePersons","type":"string"}},{"attributeName":"incidentDescription","valueType":"variable","variable":{"id":"incidentDescription","name":"incidentDescription","type":"string"}},{"attributeName":"eyeWitnesses","valueType":"variable","variable":{"id":"eyeWitnesses","name":"eyeWitnesses","type":"string"}},{"attributeName":"currentTotalValueOfAllPropertyInsured","valueType":"field","formField":{"id":"currentTotalValueOfAllPropertyInsured","name":"Current Total Value of all property insured","type":"amount"}}]},"executionlisteners":{"executionListeners":[]},"isforcompensation":false,"asynchronousdefinition":false,"exclusivedefinition":true},"outgoing":[{"resourceId":"sid-C686C458-9A2D-435A-ABDA-AE4A795D4CE5"}]},{"bounds":{"lowerRight":{"x":1450.0,"y":718.75},"upperLeft":{"x":1350.0,"y":638.75}},"resourceId":"sid-6F400E2C-A95B-4640-B806-63B7738AACFB","childShapes":[],"stencil":{"id":"UserTask"},"properties":{"overrideid":"sid-6F400E2C-A95B-4640-B806-63B7738AACFB","name":"Fraud Investigation - ${customerName}","usertasksendemail":true,"usertaskassignment":{"assignment":{"type":"idm","idm":{"type":"initiator"},"initiatorCanCompleteTask":false}},"formreference":{"id":10039,"name":"Investigate Claim"},"executionlisteners":{"executionListeners":[]},"isforcompensation":false,"asynchronousdefinition":false,"exclusivedefinition":true,"tasklisteners":{"taskListeners":[]}},"outgoing":[{"resourceId":"sid-BF23E6DA-5C8E-4D2A-A7C6-D844433C10B7"}]},{"bounds":{"lowerRight":{"x":172.0,"y":212.0},"upperLeft":{"x":128.0,"y":212.0}},"resourceId":"sid-949636D4-C743-4BFF-9FF2-5ADB2B56EAC1","childShapes":[],"stencil":{"id":"SequenceFlow"},"dockers":[{"x":20.0,"y":20.0},{"x":50.0,"y":40.0}],"outgoing":[{"resourceId":"sid-79EF565E-76CF-4E8B-9F2A-5C9EC36D835A"}],"target":{"resourceId":"sid-79EF565E-76CF-4E8B-9F2A-5C9EC36D835A"},"properties":{"overrideid":"sid-949636D4-C743-4BFF-9FF2-5ADB2B56EAC1","name":"Rejected","executionlisteners":{"executionListeners":[]},"defaultflow":true}},{"bounds":{"lowerRight":{"x":1090.0,"y":530.0},"upperLeft":{"x":990.0,"y":450.0}},"resourceId":"sid-3B3A44C4-BD9E-42C2-AC4C-E6E857DE8128","childShapes":[],"stencil":{"id":"UserTask"},"properties":{"overrideid":"sid-3B3A44C4-BD9E-42C2-AC4C-E6E857DE8128","name":"Provide More Information  - ${customerName}","usertasksendemail":true,"usertaskassignment":{"assignment":{"type":"idm","idm":{"type":"initiator"},"initiatorCanCompleteTask":false}},"formreference":{"id":10042,"name":"Provide More Information"},"executionlisteners":{"executionListeners":[]},"isforcompensation":false,"asynchronousdefinition":false,"exclusivedefinition":false,"tasklisteners":{"taskListeners":[]}},"outgoing":[{"resourceId":"sid-F25C349B-CCF2-4D68-85E6-4B0CC6503B23"}]},{"bounds":{"lowerRight":{"x":1060.0,"y":698.75},"upperLeft":{"x":1020.0,"y":658.75}},"resourceId":"sid-CF38C55A-4517-496E-9222-A1BBED67A273","childShapes":[],"stencil":{"id":"ExclusiveGateway"},"properties":{"overrideid":"sid-CF38C55A-4517-496E-9222-A1BBED67A273","executionlisteners":{"executionListeners":[]},"asynchronousdefinition":false,"exclusivedefinition":false},"outgoing":[{"resourceId":"sid-DEFEEF80-7FBF-4910-A27F-42854CA0D361"},{"resourceId":"sid-B2A3DB09-BEE7-4E97-951B-934547D0FD33"}]},{"bounds":{"lowerRight":{"x":172.0,"y":212.0},"upperLeft":{"x":128.0,"y":212.0}},"resourceId":"sid-93800F92-CE06-43DF-9C05-669EEEE88170","childShapes":[],"stencil":{"id":"SequenceFlow"},"dockers":[{"x":50.0,"y":40.0},{"x":20.0,"y":20.0}],"outgoing":[{"resourceId":"sid-CF38C55A-4517-496E-9222-A1BBED67A273"}],"target":{"resourceId":"sid-CF38C55A-4517-496E-9222-A1BBED67A273"},"properties":{"overrideid":"sid-93800F92-CE06-43DF-9C05-669EEEE88170","executionlisteners":{"executionListeners":[]}}},{"bounds":{"lowerRight":{"x":172.0,"y":212.0},"upperLeft":{"x":128.0,"y":212.0}},"resourceId":"sid-F25C349B-CCF2-4D68-85E6-4B0CC6503B23","childShapes":[],"stencil":{"id":"SequenceFlow"},"dockers":[{"x":50.0,"y":40.0},{"x":875.1208041940363,"y":490.0},{"x":50.0,"y":40.0}],"outgoing":[{"resourceId":"sid-C90CF3C1-45B2-446F-AD1D-5E7EE99E1593"}],"target":{"resourceId":"sid-C90CF3C1-45B2-446F-AD1D-5E7EE99E1593"},"properties":{"overrideid":"sid-F25C349B-CCF2-4D68-85E6-4B0CC6503B23","executionlisteners":{"executionListeners":[]}}},{"bounds":{"lowerRight":{"x":172.0,"y":212.0},"upperLeft":{"x":128.0,"y":212.0}},"resourceId":"sid-F5F37A96-B55A-41CE-ABD9-1827EBA4114F","childShapes":[],"stencil":{"id":"SequenceFlow"},"dockers":[{"x":50.0,"y":40.0},{"x":50.0,"y":40.0}],"outgoing":[{"resourceId":"sid-22826A48-F2D9-4358-B461-A567678017EA"}],"target":{"resourceId":"sid-22826A48-F2D9-4358-B461-A567678017EA"},"properties":{"overrideid":"sid-F5F37A96-B55A-41CE-ABD9-1827EBA4114F","executionlisteners":{"executionListeners":[]}}},{"bounds":{"lowerRight":{"x":172.0,"y":212.0},"upperLeft":{"x":128.0,"y":212.0}},"resourceId":"sid-DEFEEF80-7FBF-4910-A27F-42854CA0D361","childShapes":[],"stencil":{"id":"SequenceFlow"},"dockers":[{"x":20.0,"y":20.0},{"x":50.0,"y":40.0}],"outgoing":[{"resourceId":"sid-1C299883-3DDF-4C5F-B6FC-36096E8EC74B"}],"target":{"resourceId":"sid-1C299883-3DDF-4C5F-B6FC-36096E8EC74B"},"properties":{"overrideid":"sid-DEFEEF80-7FBF-4910-A27F-42854CA0D361","executionlisteners":{"executionListeners":[]},"defaultflow":true}},{"bounds":{"lowerRight":{"x":172.0,"y":212.0},"upperLeft":{"x":128.0,"y":212.0}},"resourceId":"sid-D842343E-981B-4270-BFA0-EA32C36C2D16","childShapes":[],"stencil":{"id":"SequenceFlow"},"dockers":[{"x":50.0,"y":40.0},{"x":50.0,"y":40.0}],"outgoing":[{"resourceId":"sid-3B3A44C4-BD9E-42C2-AC4C-E6E857DE8128"}],"target":{"resourceId":"sid-3B3A44C4-BD9E-42C2-AC4C-E6E857DE8128"},"properties":{"overrideid":"sid-D842343E-981B-4270-BFA0-EA32C36C2D16","executionlisteners":{"executionListeners":[]}}},{"bounds":{"lowerRight":{"x":172.0,"y":212.0},"upperLeft":{"x":128.0,"y":212.0}},"resourceId":"sid-B2A3DB09-BEE7-4E97-951B-934547D0FD33","childShapes":[],"stencil":{"id":"SequenceFlow"},"dockers":[{"x":20.0,"y":20.0},{"x":50.0,"y":40.0}],"outgoing":[{"resourceId":"sid-29B7112D-1BBA-43E5-8EEB-8BD609D9F0A6"}],"target":{"resourceId":"sid-29B7112D-1BBA-43E5-8EEB-8BD609D9F0A6"},"properties":{"overrideid":"sid-B2A3DB09-BEE7-4E97-951B-934547D0FD33","executionlisteners":{"executionListeners":[]},"conditionsequenceflow":{"expression":{"index":"0","outcomeFormId":"6","outcomeFormName":"Review Claim","rightOutcomeName":"Need More Information","operator":"==","type":"variables"}}}},{"bounds":{"lowerRight":{"x":172.0,"y":212.0},"upperLeft":{"x":128.0,"y":212.0}},"resourceId":"sid-A7AE56AC-62E0-4E9E-8546-5579FA21C1F6","childShapes":[],"stencil":{"id":"SequenceFlow"},"dockers":[{"x":50.0,"y":40.0},{"x":14.0,"y":14.0}],"outgoing":[{"resourceId":"sid-486A1451-145B-4D17-8B9D-C97CD338D0C7"}],"target":{"resourceId":"sid-486A1451-145B-4D17-8B9D-C97CD338D0C7"},"properties":{"overrideid":"sid-A7AE56AC-62E0-4E9E-8546-5579FA21C1F6","executionlisteners":{"executionListeners":[]}}},{"bounds":{"lowerRight":{"x":172.0,"y":212.0},"upperLeft":{"x":128.0,"y":212.0}},"resourceId":"sid-5B1AE494-F8FA-434D-BB9E-F8121E48937A","childShapes":[],"stencil":{"id":"SequenceFlow"},"dockers":[{"x":50.0,"y":40.0},{"x":50.0,"y":40.0}],"outgoing":[{"resourceId":"sid-51997409-67E2-4EEE-A22A-86ECF4071F7F"}],"target":{"resourceId":"sid-51997409-67E2-4EEE-A22A-86ECF4071F7F"},"properties":{"overrideid":"sid-5B1AE494-F8FA-434D-BB9E-F8121E48937A","executionlisteners":{"executionListeners":[]}}},{"bounds":{"lowerRight":{"x":415.0,"y":560.0},"upperLeft":{"x":315.0,"y":480.0}},"resourceId":"sid-A570B1CC-1794-47CF-A28E-8A6D7E2CA374","childShapes":[],"stencil":{"id":"PublishToAlfrescoCloudTask"},"properties":{"overrideid":"sid-A570B1CC-1794-47CF-A28E-8A6D7E2CA374","name":"Publish Contents","alfresco_cloud_destination":{"account":"alfresco-1","site":"insurancesite","publish_as_type":"process_initiator","path":"fac941d6-6346-4ffb-9310-dbed55241dcd","folder":"claimId","path_title":"documentLibrary > PolicyDocuments","site_title":"InsuranceSite"},"alfresco_cloud_content":{"source":"field","documentType":"cmis:document","documentAspects":[{"aspectName":"cm:titled"}],"field":"attachments"},"executionlisteners":{"executionListeners":[]},"isforcompensation":false,"asynchronousdefinition":true,"exclusivedefinition":true},"outgoing":[{"resourceId":"sid-5B1AE494-F8FA-434D-BB9E-F8121E48937A"}]},{"bounds":{"lowerRight":{"x":172.0,"y":212.0},"upperLeft":{"x":128.0,"y":212.0}},"resourceId":"sid-D59860F6-8553-4684-9A61-4C8687BD2B5A","childShapes":[],"stencil":{"id":"SequenceFlow"},"dockers":[{"x":20.0,"y":20.0},{"x":50.0,"y":40.0}],"outgoing":[{"resourceId":"sid-C28347CE-191E-4115-BD53-FE9A15FB06F2"}],"target":{"resourceId":"sid-C28347CE-191E-4115-BD53-FE9A15FB06F2"},"properties":{"overrideid":"sid-D59860F6-8553-4684-9A61-4C8687BD2B5A","name":"Approved","executionlisteners":{"executionListeners":[]},"conditionsequenceflow":{"expression":{"index":"0","outcomeFormId":"10039","outcomeFormName":"Investigate Claim","rightOutcomeName":"Approved","operator":"==","type":"variables"}}}},{"bounds":{"lowerRight":{"x":925.0,"y":650.0},"upperLeft":{"x":825.0,"y":570.0}},"resourceId":"sid-C90CF3C1-45B2-446F-AD1D-5E7EE99E1593","childShapes":[],"stencil":{"id":"PublishToAlfrescoCloudTask"},"properties":{"overrideid":"sid-C90CF3C1-45B2-446F-AD1D-5E7EE99E1593","name":"Publish Contents","alfresco_cloud_destination":{"account":"alfresco-1","site":"insurancesite","publish_as_type":"process_initiator","path":"fac941d6-6346-4ffb-9310-dbed55241dcd","folder":"claimId","path_title":"documentLibrary > PolicyDocuments","site_title":"InsuranceSite"},"alfresco_cloud_content":{"source":"process","documentType":"cmis:document","documentAspects":[{"aspectName":"cm:titled"}]},"executionlisteners":{"executionListeners":[]},"isforcompensation":false,"asynchronousdefinition":true,"exclusivedefinition":true},"outgoing":[{"resourceId":"sid-654C1C75-2FA3-45CB-A469-FF3956C0E90D"}]},{"bounds":{"lowerRight":{"x":172.0,"y":212.0},"upperLeft":{"x":128.0,"y":212.0}},"resourceId":"sid-654C1C75-2FA3-45CB-A469-FF3956C0E90D","childShapes":[],"stencil":{"id":"SequenceFlow"},"dockers":[{"x":50.0,"y":40.0},{"x":875.1208041940363,"y":692.5},{"x":50.0,"y":40.0}],"outgoing":[{"resourceId":"sid-D682CE63-6112-44D4-A3BC-9E7656E7ADC0"}],"target":{"resourceId":"sid-D682CE63-6112-44D4-A3BC-9E7656E7ADC0"},"properties":{"overrideid":"sid-654C1C75-2FA3-45CB-A469-FF3956C0E90D","executionlisteners":{"executionListeners":[]}}},{"bounds":{"lowerRight":{"x":175.0,"y":615.0},"upperLeft":{"x":135.0,"y":575.0}},"resourceId":"sid-0F97E12A-4399-4705-9608-202E222BA49D","childShapes":[],"stencil":{"id":"ExclusiveGateway"},"properties":{"overrideid":"sid-0F97E12A-4399-4705-9608-202E222BA49D","executionlisteners":{"executionListeners":[]},"asynchronousdefinition":false,"exclusivedefinition":false},"outgoing":[{"resourceId":"sid-7DC67650-3F17-44A1-A70F-B681E22567E7"},{"resourceId":"sid-8D15AE71-178E-4A0D-95A7-B16420D5CD13"}]},{"bounds":{"lowerRight":{"x":172.0,"y":212.0},"upperLeft":{"x":128.0,"y":212.0}},"resourceId":"sid-131E9173-4CC2-4048-9A38-DB476D75B035","childShapes":[],"stencil":{"id":"SequenceFlow"},"dockers":[{"x":50.0,"y":40.0},{"x":20.0,"y":20.0}],"outgoing":[{"resourceId":"sid-0F97E12A-4399-4705-9608-202E222BA49D"}],"target":{"resourceId":"sid-0F97E12A-4399-4705-9608-202E222BA49D"},"properties":{"overrideid":"sid-131E9173-4CC2-4048-9A38-DB476D75B035","executionlisteners":{"executionListeners":[]}}},{"bounds":{"lowerRight":{"x":172.0,"y":212.0},"upperLeft":{"x":128.0,"y":212.0}},"resourceId":"sid-7DC67650-3F17-44A1-A70F-B681E22567E7","childShapes":[],"stencil":{"id":"SequenceFlow"},"dockers":[{"x":20.0,"y":20.0},{"x":232.04545336321368,"y":595.5},{"x":232.04545336321368,"y":520.0},{"x":50.0,"y":40.0}],"outgoing":[{"resourceId":"sid-A570B1CC-1794-47CF-A28E-8A6D7E2CA374"}],"target":{"resourceId":"sid-A570B1CC-1794-47CF-A28E-8A6D7E2CA374"},"properties":{"overrideid":"sid-7DC67650-3F17-44A1-A70F-B681E22567E7","executionlisteners":{"executionListeners":[]},"conditionsequenceflow":{"expression":{"index":"0","outcomeFormId":"10040","outcomeFormName":"Property Claim","rightOutcomeName":"Submit Claim","operator":"==","type":"variables"}}}},{"bounds":{"lowerRight":{"x":205.0,"y":502.727263564906},"upperLeft":{"x":105.00000000000001,"y":422.727263564906}},"resourceId":"sid-30F41CCC-7D93-4A64-AA2A-1949497FC04D","childShapes":[],"stencil":{"id":"UserTask"},"properties":{"overrideid":"sid-30F41CCC-7D93-4A64-AA2A-1949497FC04D","name":"Submit Claim","usertasksendemail":true,"usertaskassignment":{"assignment":{"type":"idm","idm":{"type":"initiator"},"initiatorCanCompleteTask":false}},"formreference":{"id":10040,"name":"Property Claim"},"executionlisteners":{"executionListeners":[]},"isforcompensation":false,"asynchronousdefinition":false,"exclusivedefinition":false,"tasklisteners":{"taskListeners":[]}},"outgoing":[{"resourceId":"sid-F71FE480-90E6-4981-9CE3-140176B35837"}]},{"bounds":{"lowerRight":{"x":172.0,"y":212.0},"upperLeft":{"x":128.0,"y":212.0}},"resourceId":"sid-F71FE480-90E6-4981-9CE3-140176B35837","childShapes":[],"stencil":{"id":"SequenceFlow"},"dockers":[{"x":49.99999999999999,"y":40.0},{"x":78.4090898687189,"y":462.727263564906},{"x":78.4090898687189,"y":595.0},{"x":20.0,"y":20.0}],"outgoing":[{"resourceId":"sid-0F97E12A-4399-4705-9608-202E222BA49D"}],"target":{"resourceId":"sid-0F97E12A-4399-4705-9608-202E222BA49D"},"properties":{"overrideid":"sid-F71FE480-90E6-4981-9CE3-140176B35837","executionlisteners":{"executionListeners":[]}}},{"bounds":{"lowerRight":{"x":172.0,"y":212.0},"upperLeft":{"x":128.0,"y":212.0}},"resourceId":"sid-8D15AE71-178E-4A0D-95A7-B16420D5CD13","childShapes":[],"stencil":{"id":"SequenceFlow"},"dockers":[{"x":20.0,"y":20.0},{"x":49.99999999999999,"y":40.0}],"outgoing":[{"resourceId":"sid-30F41CCC-7D93-4A64-AA2A-1949497FC04D"}],"target":{"resourceId":"sid-30F41CCC-7D93-4A64-AA2A-1949497FC04D"},"properties":{"overrideid":"sid-8D15AE71-178E-4A0D-95A7-B16420D5CD13","executionlisteners":{"executionListeners":[]},"defaultflow":true}},{"bounds":{"lowerRight":{"x":700.0,"y":538.0968340121871},"upperLeft":{"x":600.0,"y":458.09683401218706}},"resourceId":"sid-88794E7C-F39F-43F5-B491-966508BBD5D9","childShapes":[],"stencil":{"id":"StoreEntityTask"},"properties":{"overrideid":"sid-88794E7C-F39F-43F5-B491-966508BBD5D9","name":"Update Claim - Auto Rejected","alfrescoactiontask_publish_as_type":{"publishAsType":"process_initiator"},"entityattributemapping":{"mappedDataModel":10045,"mappedEntity":"Claim","variableType":"new","newVariableName":"currentClaim","attributeMappings":[{"attributeName":"claimId","valueType":"variable","variable":{"id":"claimId","name":"claimId","type":"string"}},{"attributeName":"policyId","valueType":"variable","variable":{"id":"policyId","name":"policyId","type":"string"}},{"attributeName":"customerId","valueType":"variable","variable":{"id":"customerId","name":"customerId","type":"string"}},{"attributeName":"claimStatus","valueType":"static","staticValue":"Auto Rejected"},{"attributeName":"customerName","valueType":"field","formField":{"id":"customerName","name":"Name of the insured","type":"text"}},{"attributeName":"contactNumber","valueType":"field","formField":{"id":"contactNumber","name":"Home Telephone","type":"text"}},{"attributeName":"contactAddress","valueType":"variable","variable":{"id":"contactAddress","name":"contactAddress","type":"string"}},{"attributeName":"contactEmail","valueType":"field","formField":{"id":"contactEmail","name":"Email Address","type":"text"}},{"attributeName":"dateOfIncident","valueType":"field","formField":{"id":"dateOfIncident","name":"Date of Incident","type":"date"}},{"attributeName":"placeOfIncident","valueType":"field","formField":{"id":"placeOfIncident","name":"Place of Incident","type":"text"}},{"attributeName":"responsiblePersons","valueType":"variable","variable":{"id":"responsiblePersons","name":"responsiblePersons","type":"string"}},{"attributeName":"incidentDescription","valueType":"variable","variable":{"id":"incidentDescription","name":"incidentDescription","type":"string"}},{"attributeName":"eyeWitnesses","valueType":"variable","variable":{"id":"eyeWitnesses","name":"eyeWitnesses","type":"string"}},{"attributeName":"currentTotalValueOfAllPropertyInsured","valueType":"field","formField":{"id":"currentTotalValueOfAllPropertyInsured","name":"Current Total Value of all property insured","type":"amount"}}]},"executionlisteners":{"executionListeners":[]},"isforcompensation":false,"asynchronousdefinition":false,"exclusivedefinition":true},"outgoing":[{"resourceId":"sid-018A5931-4BF6-4AFC-B2E7-D8EDBBB78381"}]},{"bounds":{"lowerRight":{"x":805.0,"y":919.2733854688948},"upperLeft":{"x":705.0,"y":839.2733854688948}},"resourceId":"sid-E573EECA-23EF-44FC-8339-41138B17B5F7","childShapes":[],"stencil":{"id":"StoreEntityTask"},"properties":{"overrideid":"sid-E573EECA-23EF-44FC-8339-41138B17B5F7","name":"Update Claim - Auto Approved","alfrescoactiontask_publish_as_type":{"publishAsType":"process_initiator"},"entityattributemapping":{"mappedDataModel":10045,"mappedEntity":"Claim","variableType":"new","newVariableName":"currentClaim","attributeMappings":[{"attributeName":"claimId","valueType":"variable","variable":{"id":"claimId","name":"claimId","type":"string"}},{"attributeName":"policyId","valueType":"variable","variable":{"id":"policyId","name":"policyId","type":"string"}},{"attributeName":"customerId","valueType":"variable","variable":{"id":"customerId","name":"customerId","type":"string"}},{"attributeName":"claimStatus","valueType":"static","staticValue":"Auto Approved"},{"attributeName":"customerName","valueType":"field","formField":{"id":"customerName","name":"Name of the insured","type":"text"}},{"attributeName":"contactNumber","valueType":"field","formField":{"id":"contactNumber","name":"Home Telephone","type":"text"}},{"attributeName":"contactAddress","valueType":"variable","variable":{"id":"contactAddress","name":"contactAddress","type":"string"}},{"attributeName":"contactEmail","valueType":"field","formField":{"id":"contactEmail","name":"Email Address","type":"text"}},{"attributeName":"dateOfIncident","valueType":"field","formField":{"id":"dateOfIncident","name":"Date of Incident","type":"date"}},{"attributeName":"placeOfIncident","valueType":"field","formField":{"id":"placeOfIncident","name":"Place of Incident","type":"text"}},{"attributeName":"responsiblePersons","valueType":"variable","variable":{"id":"responsiblePersons","name":"responsiblePersons","type":"string"}},{"attributeName":"incidentDescription","valueType":"variable","variable":{"id":"incidentDescription","name":"incidentDescription","type":"string"}},{"attributeName":"eyeWitnesses","valueType":"variable","variable":{"id":"eyeWitnesses","name":"eyeWitnesses","type":"string"}},{"attributeName":"currentTotalValueOfAllPropertyInsured","valueType":"field","formField":{"id":"currentTotalValueOfAllPropertyInsured","name":"Current Total Value of all property insured","type":"amount"}}]},"executionlisteners":{"executionListeners":[]},"isforcompensation":false,"asynchronousdefinition":false,"exclusivedefinition":true},"outgoing":[{"resourceId":"sid-A2A39534-2F7D-4590-8006-297EC87CB7DD"}]},{"bounds":{"lowerRight":{"x":889.0,"y":800.0},"upperLeft":{"x":789.0,"y":720.0}},"resourceId":"sid-D682CE63-6112-44D4-A3BC-9E7656E7ADC0","childShapes":[],"stencil":{"id":"StoreEntityTask"},"properties":{"overrideid":"sid-D682CE63-6112-44D4-A3BC-9E7656E7ADC0","name":"Update Claim - Under Review","alfrescoactiontask_publish_as_type":{"publishAsType":"process_initiator"},"entityattributemapping":{"mappedDataModel":10045,"mappedEntity":"Claim","variableType":"new","newVariableName":"currentClaim","attributeMappings":[{"attributeName":"claimId","valueType":"variable","variable":{"id":"claimId","name":"claimId","type":"string"}},{"attributeName":"policyId","valueType":"variable","variable":{"id":"policyId","name":"policyId","type":"string"}},{"attributeName":"customerId","valueType":"variable","variable":{"id":"customerId","name":"customerId","type":"string"}},{"attributeName":"claimStatus","valueType":"static","staticValue":"Claim Under Review"},{"attributeName":"customerName","valueType":"field","formField":{"id":"customerName","name":"Name of the insured","type":"text"}},{"attributeName":"contactNumber","valueType":"field","formField":{"id":"contactNumber","name":"Home Telephone","type":"text"}},{"attributeName":"contactAddress","valueType":"variable","variable":{"id":"contactAddress","name":"contactAddress","type":"string"}},{"attributeName":"contactEmail","valueType":"field","formField":{"id":"contactEmail","name":"Email Address","type":"text"}},{"attributeName":"dateOfIncident","valueType":"field","formField":{"id":"dateOfIncident","name":"Date of Incident","type":"date"}},{"attributeName":"placeOfIncident","valueType":"field","formField":{"id":"placeOfIncident","name":"Place of Incident","type":"text"}},{"attributeName":"responsiblePersons","valueType":"variable","variable":{"id":"responsiblePersons","name":"responsiblePersons","type":"string"}},{"attributeName":"incidentDescription","valueType":"variable","variable":{"id":"incidentDescription","name":"incidentDescription","type":"string"}},{"attributeName":"eyeWitnesses","valueType":"variable","variable":{"id":"eyeWitnesses","name":"eyeWitnesses","type":"string"}},{"attributeName":"currentTotalValueOfAllPropertyInsured","valueType":"field","formField":{"id":"currentTotalValueOfAllPropertyInsured","name":"Current Total Value of all property insured","type":"amount"}}]},"executionlisteners":{"executionListeners":[]},"isforcompensation":false,"asynchronousdefinition":false,"exclusivedefinition":true},"outgoing":[{"resourceId":"sid-F5F37A96-B55A-41CE-ABD9-1827EBA4114F"}]},{"bounds":{"lowerRight":{"x":1310.0,"y":905.0},"upperLeft":{"x":1210.0,"y":825.0}},"resourceId":"sid-EE59A7D2-EB81-452F-915C-146AD800D642","childShapes":[],"stencil":{"id":"StoreEntityTask"},"properties":{"overrideid":"sid-EE59A7D2-EB81-452F-915C-146AD800D642","name":"Update Claim - Fraud Check Passed","alfrescoactiontask_publish_as_type":{"publishAsType":"process_initiator"},"entityattributemapping":{"mappedDataModel":10045,"mappedEntity":"Claim","variableType":"new","newVariableName":"currentClaim","attributeMappings":[{"attributeName":"claimId","valueType":"variable","variable":{"id":"claimId","name":"claimId","type":"string"}},{"attributeName":"policyId","valueType":"variable","variable":{"id":"policyId","name":"policyId","type":"string"}},{"attributeName":"customerId","valueType":"variable","variable":{"id":"customerId","name":"customerId","type":"string"}},{"attributeName":"claimStatus","valueType":"static","staticValue":"Approved - Initial Fraud Check Passed"},{"attributeName":"customerName","valueType":"field","formField":{"id":"customerName","name":"Name of the insured","type":"text"}},{"attributeName":"contactNumber","valueType":"field","formField":{"id":"contactNumber","name":"Home Telephone","type":"text"}},{"attributeName":"contactAddress","valueType":"variable","variable":{"id":"contactAddress","name":"contactAddress","type":"string"}},{"attributeName":"contactEmail","valueType":"field","formField":{"id":"contactEmail","name":"Email Address","type":"text"}},{"attributeName":"dateOfIncident","valueType":"field","formField":{"id":"dateOfIncident","name":"Date of Incident","type":"date"}},{"attributeName":"placeOfIncident","valueType":"field","formField":{"id":"placeOfIncident","name":"Place of Incident","type":"text"}},{"attributeName":"responsiblePersons","valueType":"variable","variable":{"id":"responsiblePersons","name":"responsiblePersons","type":"string"}},{"attributeName":"incidentDescription","valueType":"variable","variable":{"id":"incidentDescription","name":"incidentDescription","type":"string"}},{"attributeName":"eyeWitnesses","valueType":"variable","variable":{"id":"eyeWitnesses","name":"eyeWitnesses","type":"string"}},{"attributeName":"currentTotalValueOfAllPropertyInsured","valueType":"field","formField":{"id":"currentTotalValueOfAllPropertyInsured","name":"Current Total Value of all property insured","type":"amount"}}]},"executionlisteners":{"executionListeners":[]},"isforcompensation":false,"asynchronousdefinition":false,"exclusivedefinition":true},"outgoing":[{"resourceId":"sid-6F1F5DF6-56A3-4ADC-B528-64BBF8DD94A3"}]},{"bounds":{"lowerRight":{"x":1310.0,"y":545.467053493269},"upperLeft":{"x":1210.0,"y":465.46705349326896}},"resourceId":"sid-023F4F2D-C9EE-473A-A835-8C7E619B9D03","childShapes":[],"stencil":{"id":"StoreEntityTask"},"properties":{"overrideid":"sid-023F4F2D-C9EE-473A-A835-8C7E619B9D03","name":"Update Claim - Fraud Check Failed","alfrescoactiontask_publish_as_type":{"publishAsType":"process_initiator"},"entityattributemapping":{"mappedDataModel":10045,"mappedEntity":"Claim","variableType":"new","newVariableName":"currentClaim","attributeMappings":[{"attributeName":"claimId","valueType":"variable","variable":{"id":"claimId","name":"claimId","type":"string"}},{"attributeName":"policyId","valueType":"variable","variable":{"id":"policyId","name":"policyId","type":"string"}},{"attributeName":"customerId","valueType":"variable","variable":{"id":"customerId","name":"customerId","type":"string"}},{"attributeName":"claimStatus","valueType":"static","staticValue":"Rejected - Initial Fraud Check Failed"},{"attributeName":"customerName","valueType":"field","formField":{"id":"customerName","name":"Name of the insured","type":"text"}},{"attributeName":"contactNumber","valueType":"field","formField":{"id":"contactNumber","name":"Home Telephone","type":"text"}},{"attributeName":"contactAddress","valueType":"variable","variable":{"id":"contactAddress","name":"contactAddress","type":"string"}},{"attributeName":"contactEmail","valueType":"field","formField":{"id":"contactEmail","name":"Email Address","type":"text"}},{"attributeName":"dateOfIncident","valueType":"field","formField":{"id":"dateOfIncident","name":"Date of Incident","type":"date"}},{"attributeName":"placeOfIncident","valueType":"field","formField":{"id":"placeOfIncident","name":"Place of Incident","type":"text"}},{"attributeName":"responsiblePersons","valueType":"variable","variable":{"id":"responsiblePersons","name":"responsiblePersons","type":"string"}},{"attributeName":"incidentDescription","valueType":"variable","variable":{"id":"incidentDescription","name":"incidentDescription","type":"string"}},{"attributeName":"eyeWitnesses","valueType":"variable","variable":{"id":"eyeWitnesses","name":"eyeWitnesses","type":"string"}},{"attributeName":"currentTotalValueOfAllPropertyInsured","valueType":"field","formField":{"id":"currentTotalValueOfAllPropertyInsured","name":"Current Total Value of all property insured","type":"amount"}}]},"executionlisteners":{"executionListeners":[]},"isforcompensation":false,"asynchronousdefinition":false,"exclusivedefinition":true},"outgoing":[{"resourceId":"sid-7A36A452-17D7-47D1-B328-00C9E477728D"}]},{"bounds":{"lowerRight":{"x":1090.0,"y":635.0},"upperLeft":{"x":990.0,"y":555.0}},"resourceId":"sid-29B7112D-1BBA-43E5-8EEB-8BD609D9F0A6","childShapes":[],"stencil":{"id":"StoreEntityTask"},"properties":{"overrideid":"sid-29B7112D-1BBA-43E5-8EEB-8BD609D9F0A6","name":"Update Claim - More Information Required","alfrescoactiontask_publish_as_type":{"publishAsType":"process_initiator"},"entityattributemapping":{"mappedDataModel":10045,"mappedEntity":"Claim","variableType":"new","newVariableName":"currentClaim","attributeMappings":[{"attributeName":"claimId","valueType":"variable","variable":{"id":"claimId","name":"claimId","type":"string"}},{"attributeName":"policyId","valueType":"variable","variable":{"id":"policyId","name":"policyId","type":"string"}},{"attributeName":"customerId","valueType":"variable","variable":{"id":"customerId","name":"customerId","type":"string"}},{"attributeName":"claimStatus","valueType":"static","staticValue":"More Information Required"},{"attributeName":"customerName","valueType":"field","formField":{"id":"customerName","name":"Name of the insured","type":"text"}},{"attributeName":"contactNumber","valueType":"field","formField":{"id":"contactNumber","name":"Home Telephone","type":"text"}},{"attributeName":"contactAddress","valueType":"variable","variable":{"id":"contactAddress","name":"contactAddress","type":"string"}},{"attributeName":"contactEmail","valueType":"field","formField":{"id":"contactEmail","name":"Email Address","type":"text"}},{"attributeName":"dateOfIncident","valueType":"field","formField":{"id":"dateOfIncident","name":"Date of Incident","type":"date"}},{"attributeName":"placeOfIncident","valueType":"field","formField":{"id":"placeOfIncident","name":"Place of Incident","type":"text"}},{"attributeName":"responsiblePersons","valueType":"variable","variable":{"id":"responsiblePersons","name":"responsiblePersons","type":"string"}},{"attributeName":"incidentDescription","valueType":"variable","variable":{"id":"incidentDescription","name":"incidentDescription","type":"string"}},{"attributeName":"eyeWitnesses","valueType":"variable","variable":{"id":"eyeWitnesses","name":"eyeWitnesses","type":"string"}},{"attributeName":"currentTotalValueOfAllPropertyInsured","valueType":"field","formField":{"id":"currentTotalValueOfAllPropertyInsured","name":"Current Total Value of all property insured","type":"amount"}}]},"executionlisteners":{"executionListeners":[]},"isforcompensation":false,"asynchronousdefinition":false,"exclusivedefinition":true},"outgoing":[{"resourceId":"sid-D842343E-981B-4270-BFA0-EA32C36C2D16"}]},{"bounds":{"lowerRight":{"x":1575.0,"y":545.467053493269},"upperLeft":{"x":1475.0,"y":465.46705349326896}},"resourceId":"sid-79EF565E-76CF-4E8B-9F2A-5C9EC36D835A","childShapes":[],"stencil":{"id":"StoreEntityTask"},"properties":{"overrideid":"sid-79EF565E-76CF-4E8B-9F2A-5C9EC36D835A","name":"Update Claim - Rejected","alfrescoactiontask_publish_as_type":{"publishAsType":"process_initiator"},"entityattributemapping":{"mappedDataModel":10045,"mappedEntity":"Claim","variableType":"new","newVariableName":"currentClaim","attributeMappings":[{"attributeName":"claimId","valueType":"variable","variable":{"id":"claimId","name":"claimId","type":"string"}},{"attributeName":"policyId","valueType":"variable","variable":{"id":"policyId","name":"policyId","type":"string"}},{"attributeName":"customerId","valueType":"variable","variable":{"id":"customerId","name":"customerId","type":"string"}},{"attributeName":"claimStatus","valueType":"static","staticValue":"Approved - Failed Fraud Investigation"},{"attributeName":"customerName","valueType":"field","formField":{"id":"customerName","name":"Name of the insured","type":"text"}},{"attributeName":"contactNumber","valueType":"field","formField":{"id":"contactNumber","name":"Home Telephone","type":"text"}},{"attributeName":"contactAddress","valueType":"variable","variable":{"id":"contactAddress","name":"contactAddress","type":"string"}},{"attributeName":"contactEmail","valueType":"field","formField":{"id":"contactEmail","name":"Email Address","type":"text"}},{"attributeName":"dateOfIncident","valueType":"field","formField":{"id":"dateOfIncident","name":"Date of Incident","type":"date"}},{"attributeName":"placeOfIncident","valueType":"field","formField":{"id":"placeOfIncident","name":"Place of Incident","type":"text"}},{"attributeName":"responsiblePersons","valueType":"variable","variable":{"id":"responsiblePersons","name":"responsiblePersons","type":"string"}},{"attributeName":"incidentDescription","valueType":"variable","variable":{"id":"incidentDescription","name":"incidentDescription","type":"string"}},{"attributeName":"eyeWitnesses","valueType":"variable","variable":{"id":"eyeWitnesses","name":"eyeWitnesses","type":"string"}},{"attributeName":"currentTotalValueOfAllPropertyInsured","valueType":"field","formField":{"id":"currentTotalValueOfAllPropertyInsured","name":"Current Total Value of all property insured","type":"amount"}}]},"executionlisteners":{"executionListeners":[]},"isforcompensation":false,"asynchronousdefinition":false,"exclusivedefinition":true},"outgoing":[{"resourceId":"sid-E17A5315-1478-4F78-8CC7-360214550D05"}]},{"bounds":{"lowerRight":{"x":1690.0,"y":718.75},"upperLeft":{"x":1590.0,"y":638.75}},"resourceId":"sid-C28347CE-191E-4115-BD53-FE9A15FB06F2","childShapes":[],"stencil":{"id":"StoreEntityTask"},"properties":{"overrideid":"sid-C28347CE-191E-4115-BD53-FE9A15FB06F2","name":"Update Claim - Approved","alfrescoactiontask_publish_as_type":{"publishAsType":"process_initiator"},"entityattributemapping":{"mappedDataModel":10045,"mappedEntity":"Claim","variableType":"new","newVariableName":"currentClaim","attributeMappings":[{"attributeName":"claimId","valueType":"variable","variable":{"id":"claimId","name":"claimId","type":"string"}},{"attributeName":"policyId","valueType":"variable","variable":{"id":"policyId","name":"policyId","type":"string"}},{"attributeName":"customerId","valueType":"variable","variable":{"id":"customerId","name":"customerId","type":"string"}},{"attributeName":"claimStatus","valueType":"static","staticValue":"Approved - Cleared Fraud Investigation"},{"attributeName":"customerName","valueType":"field","formField":{"id":"customerName","name":"Name of the insured","type":"text"}},{"attributeName":"contactNumber","valueType":"field","formField":{"id":"contactNumber","name":"Home Telephone","type":"text"}},{"attributeName":"contactAddress","valueType":"variable","variable":{"id":"contactAddress","name":"contactAddress","type":"string"}},{"attributeName":"contactEmail","valueType":"field","formField":{"id":"contactEmail","name":"Email Address","type":"text"}},{"attributeName":"dateOfIncident","valueType":"field","formField":{"id":"dateOfIncident","name":"Date of Incident","type":"date"}},{"attributeName":"placeOfIncident","valueType":"field","formField":{"id":"placeOfIncident","name":"Place of Incident","type":"text"}},{"attributeName":"responsiblePersons","valueType":"variable","variable":{"id":"responsiblePersons","name":"responsiblePersons","type":"string"}},{"attributeName":"incidentDescription","valueType":"variable","variable":{"id":"incidentDescription","name":"incidentDescription","type":"string"}},{"attributeName":"eyeWitnesses","valueType":"variable","variable":{"id":"eyeWitnesses","name":"eyeWitnesses","type":"string"}},{"attributeName":"currentTotalValueOfAllPropertyInsured","valueType":"field","formField":{"id":"currentTotalValueOfAllPropertyInsured","name":"Current Total Value of all property insured","type":"amount"}}]},"executionlisteners":{"executionListeners":[]},"isforcompensation":false,"asynchronousdefinition":false,"exclusivedefinition":true},"outgoing":[{"resourceId":"sid-A7AE56AC-62E0-4E9E-8546-5579FA21C1F6"}]},{"bounds":{"lowerRight":{"x":172.0,"y":212.0},"upperLeft":{"x":128.0,"y":212.0}},"resourceId":"sid-C686C458-9A2D-435A-ABDA-AE4A795D4CE5","childShapes":[],"stencil":{"id":"SequenceFlow"},"dockers":[{"x":50.0,"y":40.0},{"x":447.5,"y":678.75},{"x":447.5,"y":685.0},{"x":50.0,"y":40.0}],"outgoing":[{"resourceId":"sid-5932FC60-4845-424E-85F5-26EC5F79BF1A"}],"target":{"resourceId":"sid-5932FC60-4845-424E-85F5-26EC5F79BF1A"},"properties":{"overrideid":"sid-C686C458-9A2D-435A-ABDA-AE4A795D4CE5","executionlisteners":{"executionListeners":[]}}},{"bounds":{"lowerRight":{"x":172.0,"y":212.0},"upperLeft":{"x":128.0,"y":212.0}},"resourceId":"sid-E13A0336-2452-4621-8530-C56E1227BFA1","childShapes":[],"stencil":{"id":"SequenceFlow"},"dockers":[{"x":20.0,"y":20.0},{"x":50.0,"y":40.0}],"outgoing":[{"resourceId":"sid-88794E7C-F39F-43F5-B491-966508BBD5D9"}],"target":{"resourceId":"sid-88794E7C-F39F-43F5-B491-966508BBD5D9"},"properties":{"overrideid":"sid-E13A0336-2452-4621-8530-C56E1227BFA1","name":"Auto Reject","executionlisteners":{"executionListeners":[]},"conditionsequenceflow":{"expression":{"index":"0","leftRestResponseId":"autoReject","rightValue":"true","operator":"==","type":"variables"}}}},{"bounds":{"lowerRight":{"x":172.0,"y":212.0},"upperLeft":{"x":128.0,"y":212.0}},"resourceId":"sid-A0C3C940-45F3-41B3-AD7C-E1BBDC9B7070","childShapes":[],"stencil":{"id":"SequenceFlow"},"dockers":[{"x":20.0,"y":20.0},{"x":814.0,"y":685.0},{"x":50.0,"y":40.0}],"outgoing":[{"resourceId":"sid-D682CE63-6112-44D4-A3BC-9E7656E7ADC0"}],"target":{"resourceId":"sid-D682CE63-6112-44D4-A3BC-9E7656E7ADC0"},"properties":{"overrideid":"sid-A0C3C940-45F3-41B3-AD7C-E1BBDC9B7070","name":"Investigation Reqd","executionlisteners":{"executionListeners":[]},"conditionsequenceflow":{"expression":{"index":"0","leftRestResponseId":"investigationRequired","rightValue":"true","operator":"==","type":"variables"}}}},{"bounds":{"lowerRight":{"x":172.0,"y":212.0},"upperLeft":{"x":128.0,"y":212.0}},"resourceId":"sid-104949A6-989B-4A26-9A97-41224E5BA85B","childShapes":[],"stencil":{"id":"SequenceFlow"},"dockers":[{"x":20.0,"y":20.0},{"x":650.0,"y":880.888787224217},{"x":50.0,"y":40.0}],"outgoing":[{"resourceId":"sid-E573EECA-23EF-44FC-8339-41138B17B5F7"}],"target":{"resourceId":"sid-E573EECA-23EF-44FC-8339-41138B17B5F7"},"properties":{"overrideid":"sid-104949A6-989B-4A26-9A97-41224E5BA85B","name":"Auto Approve","executionlisteners":{"executionListeners":[]},"defaultflow":true}},{"bounds":{"lowerRight":{"x":172.0,"y":212.0},"upperLeft":{"x":128.0,"y":212.0}},"resourceId":"sid-CBF77D3E-BFE3-4429-99F4-0DF5562C3A4D","childShapes":[],"stencil":{"id":"SequenceFlow"},"dockers":[{"x":20.0,"y":20.0},{"x":50.0,"y":40.0}],"outgoing":[{"resourceId":"sid-023F4F2D-C9EE-473A-A835-8C7E619B9D03"}],"target":{"resourceId":"sid-023F4F2D-C9EE-473A-A835-8C7E619B9D03"},"properties":{"overrideid":"sid-CBF77D3E-BFE3-4429-99F4-0DF5562C3A4D","name":"Rejected","executionlisteners":{"executionListeners":[]},"conditionsequenceflow":{"expression":{"index":"0","leftRestResponseId":"autoRejectFraudCheckFailed","rightValue":"true","operator":"==","type":"variables"}}}},{"bounds":{"lowerRight":{"x":172.0,"y":212.0},"upperLeft":{"x":128.0,"y":212.0}},"resourceId":"sid-29B835BA-9BD6-4E5F-A09A-C19CAC162521","childShapes":[],"stencil":{"id":"SequenceFlow"},"dockers":[{"x":20.0,"y":20.0},{"x":50.0,"y":40.0}],"outgoing":[{"resourceId":"sid-6F400E2C-A95B-4640-B806-63B7738AACFB"}],"target":{"resourceId":"sid-6F400E2C-A95B-4640-B806-63B7738AACFB"},"properties":{"overrideid":"sid-29B835BA-9BD6-4E5F-A09A-C19CAC162521","name":"Deeper Discovery","executionlisteners":{"executionListeners":[]},"conditionsequenceflow":{"expression":{"index":"0","leftRestResponseId":"fraudInvestigationRequired","rightValue":"true","operator":"==","type":"variables"}}}},{"bounds":{"lowerRight":{"x":172.0,"y":212.0},"upperLeft":{"x":128.0,"y":212.0}},"resourceId":"sid-B127430A-2D83-4CFF-A2D4-95B690055587","childShapes":[],"stencil":{"id":"SequenceFlow"},"dockers":[{"x":20.0,"y":20.0},{"x":50.0,"y":40.0}],"outgoing":[{"resourceId":"sid-EE59A7D2-EB81-452F-915C-146AD800D642"}],"target":{"resourceId":"sid-EE59A7D2-EB81-452F-915C-146AD800D642"},"properties":{"overrideid":"sid-B127430A-2D83-4CFF-A2D4-95B690055587","name":"Approved","executionlisteners":{"executionListeners":[]},"defaultflow":true}}]}