{"name":"aps-adhoc-subprocess-injection-into-multi-instance-call-activity","description":"","definition":{"models":[{"id":18018,"name":"my-new-pd","version":6,"modelType":0,"description":"","stencilSetId":0,"createdByFullName":" Administrator","createdBy":1,"lastUpdatedByFullName":" Administrator","lastUpdatedBy":1,"lastUpdated":"2018-04-26T03:45:44.897+0000"},{"id":17017,"name":"parent","version":15,"modelType":0,"description":"","stencilSetId":0,"createdByFullName":" Administrator","createdBy":1,"lastUpdatedByFullName":" Administrator","lastUpdatedBy":1,"lastUpdated":"2018-04-26T03:45:44.928+0000"},{"id":17018,"name":"mypd","version":15,"modelType":0,"description":"","stencilSetId":0,"createdByFullName":" Administrator","createdBy":1,"lastUpdatedByFullName":" Administrator","lastUpdatedBy":1,"lastUpdated":"2018-04-26T03:45:44.957+0000"}],"theme":"theme-1","icon":"glyphicon-asterisk","publishIdentityInfo":[]}}