<?xml version='1.0' encoding='UTF-8'?>
<definitions xmlns="http://www.omg.org/spec/BPMN/20100524/MODEL" xmlns:xsi="http://www.w3.org/2001/XMLSchema-instance" xmlns:xsd="http://www.w3.org/2001/XMLSchema" xmlns:activiti="http://activiti.org/bpmn" xmlns:bpmndi="http://www.omg.org/spec/BPMN/20100524/DI" xmlns:omgdc="http://www.omg.org/spec/DD/20100524/DC" xmlns:omgdi="http://www.omg.org/spec/DD/20100524/DI" typeLanguage="http://www.w3.org/2001/XMLSchema" expressionLanguage="http://www.w3.org/1999/XPath" targetNamespace="http://www.activiti.org/processdef" xmlns:modeler="http://activiti.com/modeler" modeler:version="1.0en" modeler:exportDateTime="20180122134823291" modeler:modelId="28033" modeler:modelVersion="7" modeler:modelLastUpdated="1516270195385">
  <process id="newclaim" name="New Claim" isExecutable="true">
    <startEvent id="startEvent1">
      <extensionElements>
        <modeler:editor-resource-id><![CDATA[startEvent1]]></modeler:editor-resource-id>
      </extensionElements>
    </startEvent>
    <userTask id="new-claim" name="New Claim" activiti:assignee="3003" activiti:formKey="28034">
      <extensionElements>
        <modeler:allow-send-email><![CDATA[true]]></modeler:allow-send-email>
        <modeler:form-reference-id><![CDATA[28034]]></modeler:form-reference-id>
        <modeler:form-reference-name><![CDATA[Review]]></modeler:form-reference-name>
        <modeler:activiti-idm-assignee><![CDATA[true]]></modeler:activiti-idm-assignee>
        <modeler:assignee-info-email><![CDATA[ciju.activiti.demo@gmail.com]]></modeler:assignee-info-email>
        <modeler:assignee-info-firstname><![CDATA[Gmail Demo]]></modeler:assignee-info-firstname>
        <modeler:assignee-info-lastname><![CDATA[User]]></modeler:assignee-info-lastname>
        <modeler:initiator-can-complete><![CDATA[false]]></modeler:initiator-can-complete>
        <modeler:editor-resource-id><![CDATA[sid-0CFF7D1C-C89B-4252-A90C-065D10D32B9A]]></modeler:editor-resource-id>
      </extensionElements>
    </userTask>
    <sequenceFlow id="sid-F4FC2B9E-070C-48A6-BD9D-090E04C561F0" sourceRef="startEvent1" targetRef="new-claim">
      <extensionElements>
        <modeler:editor-resource-id><![CDATA[sid-F4FC2B9E-070C-48A6-BD9D-090E04C561F0]]></modeler:editor-resource-id>
      </extensionElements>
    </sequenceFlow>
    <exclusiveGateway id="sid-BB0AA8A5-ADB5-469F-BA77-505FD03696B1" default="sid-41E7E8F5-4B8F-4C34-80BC-B75F712B40A6">
      <extensionElements>
        <modeler:editor-resource-id><![CDATA[sid-BB0AA8A5-ADB5-469F-BA77-505FD03696B1]]></modeler:editor-resource-id>
      </extensionElements>
    </exclusiveGateway>
    <sequenceFlow id="sid-F13E5B25-2C60-41C1-845C-5A46A62EFF1E" sourceRef="new-claim" targetRef="sid-BB0AA8A5-ADB5-469F-BA77-505FD03696B1">
      <extensionElements>
        <modeler:editor-resource-id><![CDATA[sid-F13E5B25-2C60-41C1-845C-5A46A62EFF1E]]></modeler:editor-resource-id>
      </extensionElements>
    </sequenceFlow>
    <userTask id="sid-4D0F8A3B-AB2C-4832-83BF-3AE92B0A1EFA" name="Approved" activiti:assignee="3003">
      <extensionElements>
        <modeler:allow-send-email><![CDATA[true]]></modeler:allow-send-email>
        <modeler:activiti-idm-assignee><![CDATA[true]]></modeler:activiti-idm-assignee>
        <modeler:assignee-info-email><![CDATA[ciju.activiti.demo@gmail.com]]></modeler:assignee-info-email>
        <modeler:assignee-info-firstname><![CDATA[Gmail Demo]]></modeler:assignee-info-firstname>
        <modeler:assignee-info-lastname><![CDATA[User]]></modeler:assignee-info-lastname>
        <modeler:initiator-can-complete><![CDATA[false]]></modeler:initiator-can-complete>
        <modeler:editor-resource-id><![CDATA[sid-4D0F8A3B-AB2C-4832-83BF-3AE92B0A1EFA]]></modeler:editor-resource-id>
      </extensionElements>
    </userTask>
    <userTask id="sid-07DD8A68-80C0-4796-B800-2EC29AEF69D1" name="Rejected" activiti:assignee="3003">
      <extensionElements>
        <modeler:allow-send-email><![CDATA[true]]></modeler:allow-send-email>
        <modeler:activiti-idm-assignee><![CDATA[true]]></modeler:activiti-idm-assignee>
        <modeler:assignee-info-email><![CDATA[ciju.activiti.demo@gmail.com]]></modeler:assignee-info-email>
        <modeler:assignee-info-firstname><![CDATA[Gmail Demo]]></modeler:assignee-info-firstname>
        <modeler:assignee-info-lastname><![CDATA[User]]></modeler:assignee-info-lastname>
        <modeler:initiator-can-complete><![CDATA[false]]></modeler:initiator-can-complete>
        <modeler:editor-resource-id><![CDATA[sid-07DD8A68-80C0-4796-B800-2EC29AEF69D1]]></modeler:editor-resource-id>
      </extensionElements>
    </userTask>
    <endEvent id="sid-E861770C-B3A9-4657-85F0-6753F5C64591">
      <extensionElements>
        <modeler:editor-resource-id><![CDATA[sid-E861770C-B3A9-4657-85F0-6753F5C64591]]></modeler:editor-resource-id>
      </extensionElements>
    </endEvent>
    <sequenceFlow id="sid-7CD2EB7B-B697-4491-84D3-165ED86CF68E" sourceRef="sid-07DD8A68-80C0-4796-B800-2EC29AEF69D1" targetRef="sid-E861770C-B3A9-4657-85F0-6753F5C64591">
      <extensionElements>
        <modeler:editor-resource-id><![CDATA[sid-7CD2EB7B-B697-4491-84D3-165ED86CF68E]]></modeler:editor-resource-id>
      </extensionElements>
    </sequenceFlow>
    <endEvent id="sid-9AD9515E-153E-4226-B2D7-AABE811FCC0D">
      <extensionElements>
        <modeler:editor-resource-id><![CDATA[sid-9AD9515E-153E-4226-B2D7-AABE811FCC0D]]></modeler:editor-resource-id>
      </extensionElements>
    </endEvent>
    <sequenceFlow id="sid-EA0956D0-7DAB-4B97-A719-CB60189F6716" sourceRef="sid-4D0F8A3B-AB2C-4832-83BF-3AE92B0A1EFA" targetRef="sid-9AD9515E-153E-4226-B2D7-AABE811FCC0D">
      <extensionElements>
        <modeler:editor-resource-id><![CDATA[sid-EA0956D0-7DAB-4B97-A719-CB60189F6716]]></modeler:editor-resource-id>
      </extensionElements>
    </sequenceFlow>
    <sequenceFlow id="sid-068CD281-4272-4257-A4F0-09CCA71B86EF" sourceRef="sid-BB0AA8A5-ADB5-469F-BA77-505FD03696B1" targetRef="sid-4D0F8A3B-AB2C-4832-83BF-3AE92B0A1EFA">
      <extensionElements>
        <modeler:conditionDefinition modeler:index="0" modeler:outcomeFormId="28034" modeler:outcomeFormName="Review" modeler:rightOutcomeName="Approve" modeler:operator="=="/>
        <modeler:editor-resource-id><![CDATA[sid-068CD281-4272-4257-A4F0-09CCA71B86EF]]></modeler:editor-resource-id>
      </extensionElements>
      <conditionExpression xsi:type="tFormalExpression"><![CDATA[${(activiti_flowConditionsBean.exists(execution, 'form28034outcome') && form28034outcome == 'Approve')}]]></conditionExpression>
    </sequenceFlow>
    <sequenceFlow id="sid-41E7E8F5-4B8F-4C34-80BC-B75F712B40A6" sourceRef="sid-BB0AA8A5-ADB5-469F-BA77-505FD03696B1" targetRef="sid-07DD8A68-80C0-4796-B800-2EC29AEF69D1">
      <extensionElements>
        <modeler:editor-resource-id><![CDATA[sid-41E7E8F5-4B8F-4C34-80BC-B75F712B40A6]]></modeler:editor-resource-id>
      </extensionElements>
    </sequenceFlow>
  </process>
  <bpmndi:BPMNDiagram id="BPMNDiagram_newclaim">
    <bpmndi:BPMNPlane bpmnElement="newclaim" id="BPMNPlane_newclaim">
      <bpmndi:BPMNShape bpmnElement="startEvent1" id="BPMNShape_startEvent1">
        <omgdc:Bounds height="30.0" width="30.0" x="100.0" y="163.0"/>
      </bpmndi:BPMNShape>
      <bpmndi:BPMNShape bpmnElement="new-claim" id="BPMNShape_new-claim">
        <omgdc:Bounds height="80.0" width="99.99999999999997" x="210.00000000000003" y="138.00000000000003"/>
      </bpmndi:BPMNShape>
      <bpmndi:BPMNShape bpmnElement="sid-BB0AA8A5-ADB5-469F-BA77-505FD03696B1" id="BPMNShape_sid-BB0AA8A5-ADB5-469F-BA77-505FD03696B1">
        <omgdc:Bounds height="40.0" width="40.0" x="375.00000000000006" y="158.00000000000006"/>
      </bpmndi:BPMNShape>
      <bpmndi:BPMNShape bpmnElement="sid-4D0F8A3B-AB2C-4832-83BF-3AE92B0A1EFA" id="BPMNShape_sid-4D0F8A3B-AB2C-4832-83BF-3AE92B0A1EFA">
        <omgdc:Bounds height="80.0" width="99.99999999999994" x="435.00000000000006" y="45.0"/>
      </bpmndi:BPMNShape>
      <bpmndi:BPMNShape bpmnElement="sid-07DD8A68-80C0-4796-B800-2EC29AEF69D1" id="BPMNShape_sid-07DD8A68-80C0-4796-B800-2EC29AEF69D1">
        <omgdc:Bounds height="80.0" width="99.99999999999994" x="450.00000000000006" y="270.00000000000006"/>
      </bpmndi:BPMNShape>
      <bpmndi:BPMNShape bpmnElement="sid-E861770C-B3A9-4657-85F0-6753F5C64591" id="BPMNShape_sid-E861770C-B3A9-4657-85F0-6753F5C64591">
        <omgdc:Bounds height="28.0" width="28.0" x="605.0" y="296.0000000000001"/>
      </bpmndi:BPMNShape>
      <bpmndi:BPMNShape bpmnElement="sid-9AD9515E-153E-4226-B2D7-AABE811FCC0D" id="BPMNShape_sid-9AD9515E-153E-4226-B2D7-AABE811FCC0D">
        <omgdc:Bounds height="28.0" width="28.0" x="605.0000000000001" y="71.00000000000001"/>
      </bpmndi:BPMNShape>
      <bpmndi:BPMNEdge bpmnElement="sid-41E7E8F5-4B8F-4C34-80BC-B75F712B40A6" id="BPMNEdge_sid-41E7E8F5-4B8F-4C34-80BC-B75F712B40A6">
        <omgdi:waypoint x="395.50000000000006" y="197.50000000000006"/>
        <omgdi:waypoint x="395.50000000000006" y="310.00000000000006"/>
        <omgdi:waypoint x="450.00000000000006" y="310.00000000000006"/>
      </bpmndi:BPMNEdge>
      <bpmndi:BPMNEdge bpmnElement="sid-068CD281-4272-4257-A4F0-09CCA71B86EF" id="BPMNEdge_sid-068CD281-4272-4257-A4F0-09CCA71B86EF">
        <omgdi:waypoint x="395.50000000000006" y="158.50000000000006"/>
        <omgdi:waypoint x="395.50000000000006" y="85.0"/>
        <omgdi:waypoint x="435.00000000000006" y="85.0"/>
      </bpmndi:BPMNEdge>
      <bpmndi:BPMNEdge bpmnElement="sid-7CD2EB7B-B697-4491-84D3-165ED86CF68E" id="BPMNEdge_sid-7CD2EB7B-B697-4491-84D3-165ED86CF68E">
        <omgdi:waypoint x="550.0" y="310.0000000000001"/>
        <omgdi:waypoint x="605.0" y="310.0000000000001"/>
      </bpmndi:BPMNEdge>
      <bpmndi:BPMNEdge bpmnElement="sid-EA0956D0-7DAB-4B97-A719-CB60189F6716" id="BPMNEdge_sid-EA0956D0-7DAB-4B97-A719-CB60189F6716">
        <omgdi:waypoint x="535.0" y="85.0"/>
        <omgdi:waypoint x="605.0000000000001" y="85.00000000000001"/>
      </bpmndi:BPMNEdge>
      <bpmndi:BPMNEdge bpmnElement="sid-F4FC2B9E-070C-48A6-BD9D-090E04C561F0" id="BPMNEdge_sid-F4FC2B9E-070C-48A6-BD9D-090E04C561F0">
        <omgdi:waypoint x="130.0" y="178.0"/>
        <omgdi:waypoint x="210.00000000000003" y="178.00000000000003"/>
      </bpmndi:BPMNEdge>
      <bpmndi:BPMNEdge bpmnElement="sid-F13E5B25-2C60-41C1-845C-5A46A62EFF1E" id="BPMNEdge_sid-F13E5B25-2C60-41C1-845C-5A46A62EFF1E">
        <omgdi:waypoint x="310.0" y="178.18450184501847"/>
        <omgdi:waypoint x="375.425925925926" y="178.42592592592598"/>
      </bpmndi:BPMNEdge>
    </bpmndi:BPMNPlane>
  </bpmndi:BPMNDiagram>
</definitions>