{"resourceId":28033,"properties":{"process_id":"newclaim","name":"New Claim","documentation":"","process_author":"","process_version":"","process_namespace":"http://www.activiti.org/processdef","executionlisteners":"","eventlisteners":"","signaldefinitions":"","messagedefinitions":"","executionvariables":"","metadata":""},"stencil":{"id":"BPMNDiagram"},"childShapes":[{"resourceId":"startEvent1","properties":{"overrideid":"","name":"","documentation":"","executionlisteners":"","initiator":"","formkeydefinition":"","formreference":"","fieldstovariables":"","formproperties":""},"stencil":{"id":"StartNoneEvent"},"childShapes":[],"outgoing":[{"resourceId":"sid-F4FC2B9E-070C-48A6-BD9D-090E04C561F0"}],"bounds":{"lowerRight":{"x":130,"y":193},"upperLeft":{"x":100,"y":163}},"dockers":[]},{"resourceId":"sid-0CFF7D1C-C89B-4252-A90C-065D10D32B9A","properties":{"overrideid":"new-claim","name":"New Claim","documentation":"","asynchronousdefinition":"false","exclusivedefinition":"false","executionlisteners":"","multiinstance_type":"None","multiinstance_cardinality":"","multiinstance_collection":"","multiinstance_variable":"","multiinstance_condition":"","isforcompensation":"false","usertasksendemail":true,"usertaskassignment":{"assignment":{"type":"idm","idm":{"type":"user","assignee":{"id":3003,"firstName":"Gmail Demo","lastName":"User","email":"ciju.activiti.demo@gmail.com","$$hashKey":"object:626"}}}},"formkeydefinition":"","formreference":{"id":28034,"name":"Review","referenceId":28033},"fieldstovariables":"","duedatedefinition":"","prioritydefinition":"","categorydefinition":"","formproperties":"","tasklisteners":"","emailtemplate":""},"stencil":{"id":"UserTask"},"childShapes":[],"outgoing":[{"resourceId":"sid-F13E5B25-2C60-41C1-845C-5A46A62EFF1E"}],"bounds":{"lowerRight":{"x":310,"y":218.00000000000003},"upperLeft":{"x":210.00000000000003,"y":138.00000000000003}},"dockers":[]},{"resourceId":"sid-F4FC2B9E-070C-48A6-BD9D-090E04C561F0","properties":{"overrideid":"","name":"","documentation":"","conditionsequenceflow":"","executionlisteners":"","defaultflow":"false"},"stencil":{"id":"SequenceFlow"},"childShapes":[],"outgoing":[{"resourceId":"sid-0CFF7D1C-C89B-4252-A90C-065D10D32B9A"}],"bounds":{"lowerRight":{"x":209.15625,"y":178},"upperLeft":{"x":130.7265625,"y":178}},"dockers":[{"x":15,"y":15},{"x":49.999999999999986,"y":40}],"target":{"resourceId":"sid-0CFF7D1C-C89B-4252-A90C-065D10D32B9A"}},{"resourceId":"sid-BB0AA8A5-ADB5-469F-BA77-505FD03696B1","properties":{"overrideid":"","name":"","documentation":"","asynchronousdefinition":"false","exclusivedefinition":"false","sequencefloworder":""},"stencil":{"id":"ExclusiveGateway"},"childShapes":[],"outgoing":[{"resourceId":"sid-068CD281-4272-4257-A4F0-09CCA71B86EF"},{"resourceId":"sid-41E7E8F5-4B8F-4C34-80BC-B75F712B40A6"}],"bounds":{"lowerRight":{"x":415.00000000000006,"y":198.00000000000006},"upperLeft":{"x":375.00000000000006,"y":158.00000000000006}},"dockers":[]},{"resourceId":"sid-F13E5B25-2C60-41C1-845C-5A46A62EFF1E","properties":{"overrideid":"","name":"","documentation":"","conditionsequenceflow":"","executionlisteners":"","defaultflow":"false"},"stencil":{"id":"SequenceFlow"},"childShapes":[],"outgoing":[{"resourceId":"sid-BB0AA8A5-ADB5-469F-BA77-505FD03696B1"}],"bounds":{"lowerRight":{"x":374.3867255581166,"y":178.4220912382219},"upperLeft":{"x":310.7538994418834,"y":178.18728376177822}},"dockers":[{"x":50,"y":40},{"x":20.5,"y":20.5}],"target":{"resourceId":"sid-BB0AA8A5-ADB5-469F-BA77-505FD03696B1"}},{"resourceId":"sid-4D0F8A3B-AB2C-4832-83BF-3AE92B0A1EFA","properties":{"overrideid":"","name":"Approved","documentation":"","asynchronousdefinition":"false","exclusivedefinition":"false","executionlisteners":"","multiinstance_type":"None","multiinstance_cardinality":"","multiinstance_collection":"","multiinstance_variable":"","multiinstance_condition":"","isforcompensation":"false","usertasksendemail":true,"usertaskassignment":{"assignment":{"type":"idm","idm":{"type":"user","assignee":{"id":3003,"firstName":"Gmail Demo","lastName":"User","email":"ciju.activiti.demo@gmail.com","$$hashKey":"object:1008"}}}},"formkeydefinition":"","formreference":"","fieldstovariables":"","duedatedefinition":"","prioritydefinition":"","categorydefinition":"","formproperties":"","tasklisteners":"","emailtemplate":""},"stencil":{"id":"UserTask"},"childShapes":[],"outgoing":[{"resourceId":"sid-EA0956D0-7DAB-4B97-A719-CB60189F6716"}],"bounds":{"lowerRight":{"x":535,"y":125},"upperLeft":{"x":435.00000000000006,"y":45}},"dockers":[]},{"resourceId":"sid-07DD8A68-80C0-4796-B800-2EC29AEF69D1","properties":{"overrideid":"","name":"Rejected","documentation":"","asynchronousdefinition":"false","exclusivedefinition":"false","executionlisteners":"","multiinstance_type":"None","multiinstance_cardinality":"","multiinstance_collection":"","multiinstance_variable":"","multiinstance_condition":"","isforcompensation":"false","usertasksendemail":true,"usertaskassignment":{"assignment":{"type":"idm","idm":{"type":"user","assignee":{"id":3003,"firstName":"Gmail Demo","lastName":"User","email":"ciju.activiti.demo@gmail.com","$$hashKey":"object:1293"}}}},"formkeydefinition":"","formreference":"","fieldstovariables":"","duedatedefinition":"","prioritydefinition":"","categorydefinition":"","formproperties":"","tasklisteners":"","emailtemplate":""},"stencil":{"id":"UserTask"},"childShapes":[],"outgoing":[{"resourceId":"sid-7CD2EB7B-B697-4491-84D3-165ED86CF68E"}],"bounds":{"lowerRight":{"x":550,"y":350.00000000000006},"upperLeft":{"x":450.00000000000006,"y":270.00000000000006}},"dockers":[]},{"resourceId":"sid-E861770C-B3A9-4657-85F0-6753F5C64591","properties":{"overrideid":"","name":"","documentation":"","executionlisteners":""},"stencil":{"id":"EndNoneEvent"},"childShapes":[],"outgoing":[],"bounds":{"lowerRight":{"x":633,"y":324.0000000000001},"upperLeft":{"x":605,"y":296.0000000000001}},"dockers":[]},{"resourceId":"sid-7CD2EB7B-B697-4491-84D3-165ED86CF68E","properties":{"overrideid":"","name":"","documentation":"","conditionsequenceflow":"","executionlisteners":"","defaultflow":"false"},"stencil":{"id":"SequenceFlow"},"childShapes":[],"outgoing":[{"resourceId":"sid-E861770C-B3A9-4657-85F0-6753F5C64591"}],"bounds":{"lowerRight":{"x":604.984375,"y":310.0000000000001},"upperLeft":{"x":550.2734375,"y":310.0000000000001}},"dockers":[{"x":49.99999999999997,"y":40},{"x":14,"y":14}],"target":{"resourceId":"sid-E861770C-B3A9-4657-85F0-6753F5C64591"}},{"resourceId":"sid-9AD9515E-153E-4226-B2D7-AABE811FCC0D","properties":{"overrideid":"","name":"","documentation":"","executionlisteners":""},"stencil":{"id":"EndNoneEvent"},"childShapes":[],"outgoing":[],"bounds":{"lowerRight":{"x":633.0000000000001,"y":99.00000000000001},"upperLeft":{"x":605.0000000000001,"y":71.00000000000001}},"dockers":[]},{"resourceId":"sid-EA0956D0-7DAB-4B97-A719-CB60189F6716","properties":{"overrideid":"","name":"","documentation":"","conditionsequenceflow":"","executionlisteners":"","defaultflow":"false"},"stencil":{"id":"SequenceFlow"},"childShapes":[],"outgoing":[{"resourceId":"sid-9AD9515E-153E-4226-B2D7-AABE811FCC0D"}],"bounds":{"lowerRight":{"x":604.390625,"y":85},"upperLeft":{"x":535.203125,"y":85}},"dockers":[{"x":49.99999999999997,"y":40},{"x":14,"y":14}],"target":{"resourceId":"sid-9AD9515E-153E-4226-B2D7-AABE811FCC0D"}},{"resourceId":"sid-068CD281-4272-4257-A4F0-09CCA71B86EF","properties":{"overrideid":"","name":"","documentation":"","conditionsequenceflow":{"expression":{"type":"variables","outcomeFormId":28034,"outcomeFormName":"Review","operator":"==","rightOutcomeFormId":28034,"rightOutcomeFormName":"Review","rightOutcomeName":"Approve"}},"executionlisteners":"","defaultflow":false},"stencil":{"id":"SequenceFlow"},"childShapes":[],"outgoing":[{"resourceId":"sid-4D0F8A3B-AB2C-4832-83BF-3AE92B0A1EFA"}],"bounds":{"lowerRight":{"x":434.35546875,"y":157.04687500000006},"upperLeft":{"x":395.50000000000006,"y":85}},"dockers":[{"x":20.5,"y":20.5},{"x":395.50000000000006,"y":85},{"x":49.99999999999997,"y":40}],"target":{"resourceId":"sid-4D0F8A3B-AB2C-4832-83BF-3AE92B0A1EFA"}},{"resourceId":"sid-41E7E8F5-4B8F-4C34-80BC-B75F712B40A6","properties":{"overrideid":"","name":"","documentation":"","conditionsequenceflow":"","executionlisteners":"","defaultflow":true},"stencil":{"id":"SequenceFlow"},"childShapes":[],"outgoing":[{"resourceId":"sid-07DD8A68-80C0-4796-B800-2EC29AEF69D1"}],"bounds":{"lowerRight":{"x":449.19921875,"y":310.00000000000006},"upperLeft":{"x":395.50000000000006,"y":198.50585937500006}},"dockers":[{"x":20.5,"y":20.5},{"x":395.50000000000006,"y":310.00000000000006},{"x":49.99999999999997,"y":40}],"target":{"resourceId":"sid-07DD8A68-80C0-4796-B800-2EC29AEF69D1"}}],"bounds":{"lowerRight":{"x":1200,"y":1050},"upperLeft":{"x":0,"y":0}},"stencilset":{"url":"stencilsets/bpmn2.0/bpmn2.0.json","namespace":"http://b3mn.org/stencilset/bpmn2.0#"},"ssextensions":[]}