{"fieldTypes":[{"type":"text","title":"FORM-BUILDER.PALLETTE.TEXT","icon":"images/form-builder/textfield-icon.png","width":1,"tabs":[{"id":"general","name":"FORM-BUILDER.TABS.GENERAL","properties":[{"id":"label","name":"FORM-BUILDER.COMPONENT.LABEL","type":"label"},{"id":"id","name":"FORM-BUILDER.COMPONENT.ID","type":"id"},{"id":"required","name":"FORM-BUILDER.COMPONENT.REQUIRED","type":"required"},{"id":"colspan","name":"FORM-BUILDER.COMPONENT.COLSPAN","type":"colspan"},{"id":"placeholder","name":"FORM-BUILDER.COMPONENT.PLACEHOLDER","type":"placeholder"}]},{"id":"advanced","name":"FORM-BUILDER.TABS.ADVANCED","properties":[{"id":"minLength","name":"FORM-BUILDER.COMPONENT.MIN-LENGTH","type":"minLength"},{"id":"maxLength","name":"FORM-BUILDER.COMPONENT.MAX-LENGTH","type":"maxLength"},{"id":"regexPattern","name":"FORM-BUILDER.COMPONENT.REGEX-PATTERN","type":"regexPattern"},{"id":"inputMask","name":"FORM-BUILDER.COMPONENT.MASKED-INPUT.TITLE","type":"inputMask"},{"id":"inputMaskPlaceholder","name":"FORM-BUILDER.COMPONENT.MASKED-INPUT.PLACEHOLDER","type":"inputMaskPlaceholder"}]},{"id":"visibility","name":"FORM-BUILDER.TABS.VISIBILITY","properties":[{"id":"visibility","name":"FORM-BUILDER.TABS.VISIBILITY","type":"visibility","hideLabel":true}]},{"id":"style","name":"FORM-BUILDER.TABS.STYLE","properties":[{"id":"className","name":"FORM-BUILDER.COMPONENT.CLASSNAME","type":"className"}]}]},{"type":"multi-line-text","title":"FORM-BUILDER.PALLETTE.MULTILINE-TEXT","icon":"images/form-builder/multi-line-textfield-icon.png","width":1,"tabs":[{"id":"general","name":"FORM-BUILDER.TABS.GENERAL","properties":[{"id":"label","name":"FORM-BUILDER.COMPONENT.LABEL","type":"label"},{"id":"id","name":"FORM-BUILDER.COMPONENT.ID","type":"id"},{"id":"required","name":"FORM-BUILDER.COMPONENT.REQUIRED","type":"required"},{"id":"colspan","name":"FORM-BUILDER.COMPONENT.COLSPAN","type":"colspan"},{"id":"placeholder","name":"FORM-BUILDER.COMPONENT.PLACEHOLDER","type":"placeholder"}]},{"id":"advanced","name":"FORM-BUILDER.TABS.ADVANCED","properties":[{"id":"minLength","name":"FORM-BUILDER.COMPONENT.MIN-LENGTH","type":"minLength"},{"id":"maxLength","name":"FORM-BUILDER.COMPONENT.MAX-LENGTH","type":"maxLength"},{"id":"regexPattern","name":"FORM-BUILDER.COMPONENT.REGEX-PATTERN","type":"regexPattern"}]},{"id":"visibility","name":"FORM-BUILDER.TABS.VISIBILITY","properties":[{"id":"visibility","name":"FORM-BUILDER.TABS.VISIBILITY","type":"visibility","hideLabel":true}]},{"id":"style","name":"FORM-BUILDER.TABS.STYLE","properties":[{"id":"className","name":"FORM-BUILDER.COMPONENT.CLASSNAME","type":"className"}]}]},{"type":"integer","title":"FORM-BUILDER.PALLETTE.NUMBER","icon":"images/form-builder/numberfield-icon.png","width":1,"tabs":[{"id":"general","name":"FORM-BUILDER.TABS.GENERAL","properties":[{"id":"label","name":"FORM-BUILDER.COMPONENT.LABEL","type":"label"},{"id":"id","name":"FORM-BUILDER.COMPONENT.ID","type":"id"},{"id":"required","name":"FORM-BUILDER.COMPONENT.REQUIRED","type":"required"},{"id":"colspan","name":"FORM-BUILDER.COMPONENT.COLSPAN","type":"colspan"},{"id":"placeholder","name":"FORM-BUILDER.COMPONENT.PLACEHOLDER","type":"placeholder"}]},{"id":"advanced","name":"FORM-BUILDER.TABS.ADVANCED","properties":[{"id":"minValue","name":"FORM-BUILDER.COMPONENT.MIN-VALUE","type":"minValue"},{"id":"maxValue","name":"FORM-BUILDER.COMPONENT.MAX-VALUE","type":"maxValue"}]},{"id":"visibility","name":"FORM-BUILDER.TABS.VISIBILITY","properties":[{"id":"visibility","name":"FORM-BUILDER.TABS.VISIBILITY","type":"visibility","hideLabel":true}]},{"id":"style","name":"FORM-BUILDER.TABS.STYLE","properties":[{"id":"className","name":"FORM-BUILDER.COMPONENT.CLASSNAME","type":"className"}]}]},{"type":"boolean","title":"FORM-BUILDER.PALLETTE.CHECKBOX","icon":"images/form-builder/booleanfield-icon.png","width":1,"tabs":[{"id":"general","name":"FORM-BUILDER.TABS.GENERAL","properties":[{"id":"label","name":"FORM-BUILDER.COMPONENT.LABEL","type":"label"},{"id":"id","name":"FORM-BUILDER.COMPONENT.ID","type":"id"},{"id":"required","name":"FORM-BUILDER.COMPONENT.REQUIRED","type":"required"},{"id":"colspan","name":"FORM-BUILDER.COMPONENT.COLSPAN","type":"colspan"}]},{"id":"visibility","name":"FORM-BUILDER.TABS.VISIBILITY","properties":[{"id":"visibility","name":"FORM-BUILDER.TABS.VISIBILITY","type":"visibility","hideLabel":true}]},{"id":"style","name":"FORM-BUILDER.TABS.STYLE","properties":[{"id":"className","name":"FORM-BUILDER.COMPONENT.CLASSNAME","type":"className"}]}]},{"type":"date","title":"FORM-BUILDER.PALLETTE.DATE","icon":"images/form-builder/datefield-icon.png","width":1,"tabs":[{"id":"general","name":"FORM-BUILDER.TABS.GENERAL","properties":[{"id":"label","name":"FORM-BUILDER.COMPONENT.LABEL","type":"label"},{"id":"id","name":"FORM-BUILDER.COMPONENT.ID","type":"id"},{"id":"required","name":"FORM-BUILDER.COMPONENT.REQUIRED","type":"required"},{"id":"colspan","name":"FORM-BUILDER.COMPONENT.COLSPAN","type":"colspan"},{"id":"placeholder","name":"FORM-BUILDER.COMPONENT.PLACEHOLDER","type":"placeholder"}]},{"id":"advanced","name":"FORM-BUILDER.TABS.ADVANCED","properties":[{"id":"minValue","name":"FORM-BUILDER.COMPONENT.MIN-VALUE","type":"minValue"},{"id":"maxValue","name":"FORM-BUILDER.COMPONENT.MAX-VALUE","type":"maxValue"},{"id":"dateDisplayFormat","name":"FORM-BUILDER.COMPONENT.DATE-DISPLAY-FORMAT","type":"dateFormat"}]},{"id":"visibility","name":"FORM-BUILDER.TABS.VISIBILITY","properties":[{"id":"visibility","name":"FORM-BUILDER.TABS.VISIBILITY","type":"visibility","hideLabel":true}]},{"id":"style","name":"FORM-BUILDER.TABS.STYLE","properties":[{"id":"className","name":"FORM-BUILDER.COMPONENT.CLASSNAME","type":"className"}]}]},{"type":"dropdown","title":"FORM-BUILDER.PALLETTE.DROPDOWN","icon":"images/form-builder/dropdownfield-icon.png","width":1,"tabs":[{"id":"general","name":"FORM-BUILDER.TABS.GENERAL","properties":[{"id":"label","name":"FORM-BUILDER.COMPONENT.LABEL","type":"label"},{"id":"id","name":"FORM-BUILDER.COMPONENT.ID","type":"id"},{"id":"required","name":"FORM-BUILDER.COMPONENT.REQUIRED","type":"required"},{"id":"colspan","name":"FORM-BUILDER.COMPONENT.COLSPAN","type":"colspan"},{"id":"placeholder","name":"FORM-BUILDER.COMPONENT.PLACEHOLDER","type":"placeholder"}]},{"id":"options","name":"FORM-BUILDER.TABS.OPTIONS","properties":[{"id":"options","name":"FORM-BUILDER.COMPONENT.OPTIONS-TYPE","type":"options"}]},{"id":"visibility","name":"FORM-BUILDER.TABS.VISIBILITY","properties":[{"id":"visibility","name":"FORM-BUILDER.TABS.VISIBILITY","type":"visibility","hideLabel":true}]},{"id":"style","name":"FORM-BUILDER.TABS.STYLE","properties":[{"id":"className","name":"FORM-BUILDER.COMPONENT.CLASSNAME","type":"className"}]}]},{"type":"typeahead","title":"FORM-BUILDER.PALLETTE.TYPEAHEAD","icon":"images/form-builder/dropdownfield-icon.png","width":1,"tabs":[{"id":"general","name":"FORM-BUILDER.TABS.GENERAL","properties":[{"id":"label","name":"FORM-BUILDER.COMPONENT.LABEL","type":"label"},{"id":"id","name":"FORM-BUILDER.COMPONENT.ID","type":"id"},{"id":"required","name":"FORM-BUILDER.COMPONENT.REQUIRED","type":"required"},{"id":"colspan","name":"FORM-BUILDER.COMPONENT.COLSPAN","type":"colspan"},{"id":"placeholder","name":"FORM-BUILDER.COMPONENT.PLACEHOLDER","type":"placeholder"}]},{"id":"options","name":"FORM-BUILDER.TABS.OPTIONS","properties":[{"id":"options","name":"FORM-BUILDER.COMPONENT.OPTIONS-TYPE","type":"options"}]},{"id":"visibility","name":"FORM-BUILDER.TABS.VISIBILITY","properties":[{"id":"visibility","name":"FORM-BUILDER.TABS.VISIBILITY","type":"visibility","hideLabel":true}]},{"id":"style","name":"FORM-BUILDER.TABS.STYLE","properties":[{"id":"className","name":"FORM-BUILDER.COMPONENT.CLASSNAME","type":"className"}]}]},{"type":"amount","title":"FORM-BUILDER.PALLETTE.AMOUNT","icon":"images/form-builder/amountfield-icon.png","width":1,"tabs":[{"id":"general","name":"FORM-BUILDER.TABS.GENERAL","properties":[{"id":"label","name":"FORM-BUILDER.COMPONENT.LABEL","type":"label"},{"id":"id","name":"FORM-BUILDER.COMPONENT.ID","type":"id"},{"id":"required","name":"FORM-BUILDER.COMPONENT.REQUIRED","type":"required"},{"id":"colspan","name":"FORM-BUILDER.COMPONENT.COLSPAN","type":"colspan"},{"id":"placeholder","name":"FORM-BUILDER.COMPONENT.PLACEHOLDER","type":"placeholder"}]},{"id":"advanced","name":"FORM-BUILDER.TABS.ADVANCED","properties":[{"id":"minValue","name":"FORM-BUILDER.COMPONENT.MIN-VALUE","type":"minValue"},{"id":"maxValue","name":"FORM-BUILDER.COMPONENT.MAX-VALUE","type":"maxValue"}]},{"id":"amount","name":"FORM-BUILDER.TABS.AMOUNT","properties":[{"id":"amountcurrency","name":"FORM-BUILDER.COMPONENT.AMOUNT-CURRENCY-PROPERTY","type":"amountcurrency"}]},{"id":"visibility","name":"FORM-BUILDER.TABS.VISIBILITY","properties":[{"id":"visibility","name":"FORM-BUILDER.TABS.VISIBILITY","type":"visibility","hideLabel":true}]},{"id":"style","name":"FORM-BUILDER.TABS.STYLE","properties":[{"id":"className","name":"FORM-BUILDER.COMPONENT.CLASSNAME","type":"className"}]}]},{"type":"radio-buttons","title":"FORM-BUILDER.PALLETTE.RADIO","icon":"images/form-builder/choicefield-icon.png","width":1,"tabs":[{"id":"general","name":"FORM-BUILDER.TABS.GENERAL","properties":[{"id":"label","name":"FORM-BUILDER.COMPONENT.LABEL","type":"label"},{"id":"id","name":"FORM-BUILDER.COMPONENT.ID","type":"id"},{"id":"required","name":"FORM-BUILDER.COMPONENT.REQUIRED","type":"required"},{"id":"colspan","name":"FORM-BUILDER.COMPONENT.COLSPAN","type":"colspan"},{"id":"placeholder","name":"FORM-BUILDER.COMPONENT.PLACEHOLDER","type":"placeholder"}]},{"id":"options","name":"FORM-BUILDER.TABS.OPTIONS","properties":[{"id":"options","name":"FORM-BUILDER.COMPONENT.OPTIONS-TYPE","type":"options"}]},{"id":"visibility","name":"FORM-BUILDER.TABS.VISIBILITY","properties":[{"id":"visibility","name":"FORM-BUILDER.TABS.VISIBILITY","type":"visibility","hideLabel":true}]},{"id":"style","name":"FORM-BUILDER.TABS.STYLE","properties":[{"id":"className","name":"FORM-BUILDER.COMPONENT.CLASSNAME","type":"className"}]}]},{"type":"people","title":"FORM-BUILDER.PALLETTE.PEOPLE","icon":"images/form-builder/peoplefield-icon.png","width":1,"tabs":[{"id":"general","name":"FORM-BUILDER.TABS.GENERAL","properties":[{"id":"label","name":"FORM-BUILDER.COMPONENT.LABEL","type":"label"},{"id":"id","name":"FORM-BUILDER.COMPONENT.ID","type":"id"},{"id":"required","name":"FORM-BUILDER.COMPONENT.REQUIRED","type":"required"},{"id":"colspan","name":"FORM-BUILDER.COMPONENT.COLSPAN","type":"colspan"},{"id":"placeholder","name":"FORM-BUILDER.COMPONENT.PLACEHOLDER","type":"placeholder"}]},{"id":"grouprestriction","name":"FORM-BUILDER.TABS.GROUP-RESTRICTIONS","properties":[{"id":"grouprestriction","name":"FORM-BUILDER.GROUP-RESTRICTION.LABEL","type":"grouprestriction"}]},{"id":"visibility","name":"FORM-BUILDER.TABS.VISIBILITY","properties":[{"id":"visibility","name":"FORM-BUILDER.TABS.VISIBILITY","type":"visibility","hideLabel":true}]},{"id":"style","name":"FORM-BUILDER.TABS.STYLE","properties":[{"id":"className","name":"FORM-BUILDER.COMPONENT.CLASSNAME","type":"className"}]}]},{"type":"functional-group","title":"FORM-BUILDER.PALLETTE.GROUP-OF-PEOPLE","icon":"images/form-builder/peoplefield-icon.png","width":1,"tabs":[{"id":"general","name":"FORM-BUILDER.TABS.GENERAL","properties":[{"id":"label","name":"FORM-BUILDER.COMPONENT.LABEL","type":"label"},{"id":"id","name":"FORM-BUILDER.COMPONENT.ID","type":"id"},{"id":"required","name":"FORM-BUILDER.COMPONENT.REQUIRED","type":"required"},{"id":"colspan","name":"FORM-BUILDER.COMPONENT.COLSPAN","type":"colspan"},{"id":"placeholder","name":"FORM-BUILDER.COMPONENT.PLACEHOLDER","type":"placeholder"}]},{"id":"grouprestriction","name":"FORM-BUILDER.TABS.GROUP-RESTRICTIONS","properties":[{"id":"grouprestriction","name":"FORM-BUILDER.GROUP-RESTRICTION.LABEL","type":"grouprestriction"}]},{"id":"visibility","name":"FORM-BUILDER.TABS.VISIBILITY","properties":[{"id":"visibility","name":"FORM-BUILDER.TABS.VISIBILITY","type":"visibility","hideLabel":true}]},{"id":"style","name":"FORM-BUILDER.TABS.STYLE","properties":[{"id":"className","name":"FORM-BUILDER.COMPONENT.CLASSNAME","type":"className"}]}]},{"type":"dynamic-table","title":"FORM-BUILDER.PALLETTE.TABLE","icon":"images/form-builder/dynamic-table-icon.png","width":2,"tabs":[{"id":"general","name":"FORM-BUILDER.TABS.GENERAL","properties":[{"id":"label","name":"FORM-BUILDER.COMPONENT.LABEL","type":"label"},{"id":"id","name":"FORM-BUILDER.COMPONENT.ID","type":"id"},{"id":"required","name":"FORM-BUILDER.COMPONENT.REQUIRED","type":"required"},{"id":"placeholder","name":"FORM-BUILDER.COMPONENT.PLACEHOLDER","type":"placeholder"}]},{"id":"table","name":"FORM-BUILDER.TABS.TABLE-COLUMNS","properties":[{"id":"columndefinition","name":"FORM-BUILDER.TABS.TABLE-COLUMNS","type":"columndefinition","hideLabel":true}]},{"id":"visibility","name":"FORM-BUILDER.TABS.VISIBILITY","properties":[{"id":"visibility","name":"FORM-BUILDER.TABS.VISIBILITY","type":"visibility","hideLabel":true}]},{"id":"style","name":"FORM-BUILDER.TABS.STYLE","properties":[{"id":"className","name":"FORM-BUILDER.COMPONENT.CLASSNAME","type":"className"}]}]},{"type":"hyperlink","title":"FORM-BUILDER.PALLETTE.HYPERLINK","icon":"images/form-builder/hyperlink-icon.png","width":1,"tabs":[{"id":"general","name":"FORM-BUILDER.TABS.GENERAL","properties":[{"id":"label","name":"FORM-BUILDER.COMPONENT.LABEL","type":"label"},{"id":"id","name":"FORM-BUILDER.COMPONENT.ID","type":"id"},{"id":"colspan","name":"FORM-BUILDER.COMPONENT.COLSPAN","type":"colspan"},{"id":"placeholder","name":"FORM-BUILDER.COMPONENT.PLACEHOLDER","type":"placeholder"}]},{"id":"urloptions","name":"FORM-BUILDER.TABS.URL-OPTIONS","properties":[{"id":"urldefinition","name":"FORM-BUILDER.COMPONENT.HYPERLINK-URL","type":"urldefinition"}]},{"id":"visibility","name":"FORM-BUILDER.TABS.VISIBILITY","properties":[{"id":"visibility","name":"FORM-BUILDER.TABS.VISIBILITY","type":"visibility","hideLabel":true}]},{"id":"style","name":"FORM-BUILDER.TABS.STYLE","properties":[{"id":"className","name":"FORM-BUILDER.COMPONENT.CLASSNAME","type":"className"}]}]},{"type":"container","title":"FORM-BUILDER.PALLETTE.CONTAINER","icon":"images/form-builder/group-icon.png","hideFromPalette":true,"width":2,"tabs":[{"id":"general","name":"FORM-BUILDER.TABS.GENERAL","properties":[{"id":"numberOfColumns","name":"FORM-BUILDER.COMPONENT.NUMBER-OF-COLUMNS","type":"numberOfColumns"}]},{"id":"style","name":"FORM-BUILDER.TABS.STYLE","properties":[{"id":"className","name":"FORM-BUILDER.COMPONENT.CLASSNAME","type":"className"}]}]},{"type":"group","title":"FORM-BUILDER.PALLETTE.HEADER","icon":"images/form-builder/group-icon.png","width":2,"tabs":[{"id":"general","name":"FORM-BUILDER.TABS.GENERAL","properties":[{"id":"label","name":"FORM-BUILDER.COMPONENT.LABEL","type":"label"},{"id":"id","name":"FORM-BUILDER.COMPONENT.ID","type":"id"},{"id":"numberOfColumns","name":"FORM-BUILDER.COMPONENT.NUMBER-OF-COLUMNS","type":"numberOfColumns"}]},{"id":"group","name":"FORM-BUILDER.TABS.GROUP","properties":[{"id":"allowcollapse","name":"FORM-BUILDER.COMPONENT.ALLOW-COLLAPSE","type":"allowcollapse"},{"id":"collapsebydefault","name":"FORM-BUILDER.COMPONENT.COLLAPSE-BY-DEFAULT","type":"collapsebydefault"}]},{"id":"visibility","name":"FORM-BUILDER.TABS.VISIBILITY","properties":[{"id":"visibility","name":"FORM-BUILDER.TABS.VISIBILITY","type":"visibility","hideLabel":true}]},{"id":"style","name":"FORM-BUILDER.TABS.STYLE","properties":[{"id":"className","name":"FORM-BUILDER.COMPONENT.CLASSNAME","type":"className"}]}]},{"type":"upload","title":"FORM-BUILDER.PALLETTE.UPLOAD","icon":"images/form-builder/uploadfield-icon.png","width":1,"tabs":[{"id":"general","name":"FORM-BUILDER.TABS.GENERAL","properties":[{"id":"label","name":"FORM-BUILDER.COMPONENT.LABEL","type":"label"},{"id":"id","name":"FORM-BUILDER.COMPONENT.ID","type":"id"},{"id":"required","name":"FORM-BUILDER.COMPONENT.REQUIRED","type":"required"},{"id":"colspan","name":"FORM-BUILDER.COMPONENT.COLSPAN","type":"colspan"},{"id":"placeholder","name":"FORM-BUILDER.COMPONENT.PLACEHOLDER","type":"placeholder"}]},{"id":"upload","name":"FORM-BUILDER.TABS.UPLOAD-OPTIONS","properties":[{"id":"uploadconfig","name":"FORM-BUILDER.TABS.UPLOAD-OPTIONS","type":"uploadconfig"}]},{"id":"visibility","name":"FORM-BUILDER.TABS.VISIBILITY","properties":[{"id":"visibility","name":"FORM-BUILDER.TABS.VISIBILITY","type":"visibility","hideLabel":true}]},{"id":"style","name":"FORM-BUILDER.TABS.STYLE","properties":[{"id":"className","name":"FORM-BUILDER.COMPONENT.CLASSNAME","type":"className"}]}]},{"type":"readonly","title":"FORM-BUILDER.PALLETTE.DISPLAY-VALUE","icon":"images/form-builder/readonly-icon.png","width":1,"tabs":[{"id":"general","name":"FORM-BUILDER.TABS.GENERAL","properties":[{"id":"label","name":"FORM-BUILDER.COMPONENT.LABEL","type":"label"},{"id":"readonly","name":"FORM-BUILDER.MESSAGE.READONLY-TEXT-SELECT-FIELD","type":"readonly","hideLabel":true},{"id":"colspan","name":"FORM-BUILDER.COMPONENT.COLSPAN","type":"colspan"}]},{"id":"visibility","name":"FORM-BUILDER.TABS.VISIBILITY","properties":[{"id":"visibility","name":"FORM-BUILDER.TABS.VISIBILITY","type":"visibility","hideLabel":true}]},{"id":"style","name":"FORM-BUILDER.TABS.STYLE","properties":[{"id":"className","name":"FORM-BUILDER.COMPONENT.CLASSNAME","type":"className"}]}]},{"type":"readonly-text","title":"FORM-BUILDER.PALLETTE.DISPLAY-TEXT","icon":"images/form-builder/readonly-text-icon.png","width":1,"tabs":[{"id":"general","name":"FORM-BUILDER.TABS.GENERAL","properties":[{"id":"label","name":"FORM-BUILDER.COMPONENT.LABEL","type":"label"},{"id":"id","name":"FORM-BUILDER.COMPONENT.ID","type":"id"},{"id":"readonlytext","name":"FORM-BUILDER.COMPONENT.READONLY-TEXT","type":"readonlytext"},{"id":"colspan","name":"FORM-BUILDER.COMPONENT.COLSPAN","type":"colspan"}]},{"id":"visibility","name":"FORM-BUILDER.TABS.VISIBILITY","properties":[{"id":"visibility","name":"FORM-BUILDER.TABS.VISIBILITY","type":"visibility","hideLabel":true}]},{"id":"style","name":"FORM-BUILDER.TABS.STYLE","properties":[{"id":"className","name":"FORM-BUILDER.COMPONENT.CLASSNAME","type":"className"}]}]},{"type":"custom","customType":"richtext","title":"Rich Text Editor","customIconId":1,"width":1,"template":"<div ng-controller=\"TinyMceController\">\n    <textarea ui-tinymce=\"tinymceOptions\" ng-model=\"tinymceModel\"></textarea>\n</div>","componentControllerCode":"//.controller('TinyMceController', ['$rootScope', '$scope', function ($rootScope, $scope) {\nangular.module('activitiApp')\n.controller('TinyMceController', ['$rootScope', '$scope','$timeout', function ($rootScope, $scope, $timeout) {\n    console.log('TinyMceController instantiated');\n    var readonly = 0\n    if($scope.field.type ==='readonly' || ($scope.field.params.customProperties && $scope.field.params.customProperties.readonlyconfig === \"true\")){\n        readonly = 1\n    }\n    var fieldVal = $scope.field.value\n    $scope.tinymceModel = fieldVal;\n    \n    $scope.registerCustomFieldListener(this);\n        this.formRendered = function (form, scope) {\n            console.log('rendered')\n            $scope.tinymceModel = fieldVal\n        }\n        \n    $scope.tinymceOptions = {\n        plugins: 'link image code advlist lists table',\n        setup: function(editor) {\n          editor.on(\"init\", function() {\n            $scope.tinymceModel = $scope.field.value\n          });\n          editor.on(\"click keyup change\", function() {\n            $scope.field.value = $scope.tinymceModel\n          });\n        },\n        readonly: readonly\n\n    };\n}]);\n\n\n/**\n * Binds a TinyMCE widget to <textarea> elements.\n */\nangular.module('activitiApp')\n  .value('uiTinymceConfig', {})\n  .directive('uiTinymce', ['$rootScope', '$compile', '$timeout', '$window', '$sce', 'uiTinymceConfig', 'uiTinymceService', function($rootScope, $compile, $timeout, $window, $sce, uiTinymceConfig, uiTinymceService) {\n    uiTinymceConfig = uiTinymceConfig || {};\n\n    if (uiTinymceConfig.baseUrl) {\n      tinymce.baseURL = uiTinymceConfig.baseUrl;\n    }\n\n    return {\n      require: ['ngModel', '^?form'],\n      priority: 599,\n      link: function(scope, element, attrs, ctrls) {\n        if (!$window.tinymce) {\n          return;\n        }\n\n        var ngModel = ctrls[0],\n          form = ctrls[1] || null;\n\n        var expression, options = {\n          debounce: true\n        }, tinyInstance,\n          updateView = function(editor) {\n            var content = editor.getContent({format: options.format}).trim();\n            content = $sce.trustAsHtml(content);\n\n            ngModel.$setViewValue(content);\n            if (!$rootScope.$$phase) {\n              scope.$digest();\n            }\n          };\n\n        function toggleDisable(disabled) {\n          if (disabled) {\n            ensureInstance();\n\n            if (tinyInstance) {\n              tinyInstance.getBody().setAttribute('contenteditable', false);\n            }\n          } else {\n            ensureInstance();\n\n            if (tinyInstance && !tinyInstance.settings.readonly && tinyInstance.getDoc()) {\n              tinyInstance.getBody().setAttribute('contenteditable', true);\n            }\n          }\n        }\n\n        // fetch a unique ID from the service\n        var uniqueId = uiTinymceService.getUniqueId();\n        attrs.$set('id', uniqueId);\n\n        expression = {};\n\n        angular.extend(expression, scope.$eval(attrs.uiTinymce));\n\n        //Debounce update and save action\n        var debouncedUpdate = (function(debouncedUpdateDelay) {\n          var debouncedUpdateTimer;\n          return function(ed) {\n\t        $timeout.cancel(debouncedUpdateTimer);\n\t         debouncedUpdateTimer = $timeout(function() {\n              return (function(ed) {\n                if (ed.isDirty()) {\n                  ed.save();\n                  updateView(ed);\n                }\n              })(ed);\n            }, debouncedUpdateDelay);\n          };\n        })(400);\n\n        var setupOptions = {\n          // Update model when calling setContent\n          // (such as from the source editor popup)\n          setup: function(ed) {\n            ed.on('init', function() {\n              ngModel.$render();\n              ngModel.$setPristine();\n                ngModel.$setUntouched();\n              if (form) {\n                form.$setPristine();\n              }\n            });\n\n            // Update model when:\n            // - a button has been clicked [ExecCommand]\n            // - the editor content has been modified [change]\n            // - the node has changed [NodeChange]\n            // - an object has been resized (table, image) [ObjectResized]\n            ed.on('ExecCommand change NodeChange ObjectResized', function() {\n              if (!options.debounce) {\n                ed.save();\n                updateView(ed);\n              \treturn;\n              }\n              debouncedUpdate(ed);\n            });\n\n            ed.on('blur', function() {\n              element[0].blur();\n              ngModel.$setTouched();\n              if (!$rootScope.$$phase) {\n                scope.$digest();\n              }\n            });\n\n            ed.on('remove', function() {\n              element.remove();\n            });\n\n            if (uiTinymceConfig.setup) {\n              uiTinymceConfig.setup(ed, {\n                updateView: updateView\n              });\n            }\n\n            if (expression.setup) {\n              expression.setup(ed, {\n                updateView: updateView\n              });\n            }\n          },\n          format: expression.format || 'html',\n          selector: '#' + attrs.id\n        };\n        // extend options with initial uiTinymceConfig and\n        // options from directive attribute value\n        angular.extend(options, uiTinymceConfig, expression, setupOptions);\n        // Wrapped in $timeout due to $tinymce:refresh implementation, requires\n        // element to be present in DOM before instantiating editor when\n        // re-rendering directive\n        $timeout(function() {\n          if (options.baseURL){\n            tinymce.baseURL = options.baseURL;\n          }\n          var maybeInitPromise = tinymce.init(options);\n          if(maybeInitPromise && typeof maybeInitPromise.then === 'function') {\n            maybeInitPromise.then(function() {\n              toggleDisable(scope.$eval(attrs.ngDisabled));\n            });\n          } else {\n            toggleDisable(scope.$eval(attrs.ngDisabled));\n          }\n        });\n\n        ngModel.$formatters.unshift(function(modelValue) {\n          return modelValue ? $sce.trustAsHtml(modelValue) : '';\n        });\n\n        ngModel.$parsers.unshift(function(viewValue) {\n          return viewValue ? $sce.getTrustedHtml(viewValue) : '';\n        });\n\n        ngModel.$render = function() {\n          ensureInstance();\n\n          var viewValue = ngModel.$viewValue ?\n            $sce.getTrustedHtml(ngModel.$viewValue) : '';\n\n          // instance.getDoc() check is a guard against null value\n          // when destruction & recreation of instances happen\n          if (tinyInstance &&\n            tinyInstance.getDoc()\n          ) {\n            tinyInstance.setContent(viewValue);\n            // Triggering change event due to TinyMCE not firing event &\n            // becoming out of sync for change callbacks\n            tinyInstance.fire('change');\n          }\n        };\n\n        attrs.$observe('disabled', toggleDisable);\n\n        // This block is because of TinyMCE not playing well with removal and\n        // recreation of instances, requiring instances to have different\n        // selectors in order to render new instances properly\n        scope.$on('$tinymce:refresh', function(e, id) {\n          var eid = attrs.id;\n          if (angular.isUndefined(id) || id === eid) {\n            var parentElement = element.parent();\n            var clonedElement = element.clone();\n            clonedElement.removeAttr('id');\n            clonedElement.removeAttr('style');\n            clonedElement.removeAttr('aria-hidden');\n            tinymce.execCommand('mceRemoveEditor', false, eid);\n            parentElement.append($compile(clonedElement)(scope));\n          }\n        });\n\n        scope.$on('$destroy', function() {\n          ensureInstance();\n\n          if (tinyInstance) {\n            tinyInstance.remove();\n            tinyInstance = null;\n          }\n        });\n\n        function ensureInstance() {\n          if (!tinyInstance) {\n            tinyInstance = tinymce.get(attrs.id);\n          }\n        }\n      }\n    };\n  }])\n  .service('uiTinymceService', [\n    /**\n     * A service is used to create unique ID's, this prevents duplicate ID's if there are multiple editors on screen.\n     */\n    function() {\n      var UITinymceService = function() {\n   \t    var ID_ATTR = 'ui-tinymce';\n    \t// uniqueId keeps track of the latest assigned ID\n    \tvar uniqueId = 0;\n        // getUniqueId returns a unique ID\n    \tvar getUniqueId = function() {\n          uniqueId ++;\n          return ID_ATTR + '-' + uniqueId;\n        };\n        // return the function as a public method of the service\n        return {\n        \tgetUniqueId: getUniqueId\n        };\n      };\n      // return a new instance of the service\n      return new UITinymceService();\n    }\n  ]);","tabs":[{"id":"general","name":"FORM-BUILDER.TABS.GENERAL","properties":[{"id":"label","name":"FORM-BUILDER.COMPONENT.LABEL","type":"label"},{"id":"id","name":"FORM-BUILDER.COMPONENT.ID","type":"id"},{"id":"required","name":"FORM-BUILDER.COMPONENT.REQUIRED","type":"required"}]},{"id":"visibility","name":"FORM-BUILDER.TABS.VISIBILITY","properties":[{"id":"visibility","name":"FORM-BUILDER.TABS.VISIBILITY","type":"visibility","hideLabel":true}]},{"id":"customproperties","name":"CustomProperties","properties":[{"id":"readonlyconfig","name":"Read Only","type":"text","custom":{"isCustomProperty":true}}]}]}],"stencilInfoAttributes":{"name":"rich-text","description":"","stencilType":3,"contentType":"form"}}