{"bounds":{"lowerRight":{"x":1485.0,"y":700.0},"upperLeft":{"x":0.0,"y":0.0}},"resourceId":"canvas","stencil":{"id":"BPMNDiagram"},"stencilset":{"namespace":"http://b3mn.org/stencilset/bpmn2.0#","url":"../editor/stencilsets/bpmn2.0/bpmn2.0.json"},"properties":{"process_id":"ClaimsProcess","name":"Claims Process","executionlisteners":{"executionListeners":[]},"eventlisteners":{"eventListeners":[]},"signaldefinitions":[],"messagedefinitions":[],"process_namespace":"http://www.activiti.org/processdef"},"childShapes":[{"bounds":{"lowerRight":{"x":60.0,"y":193.0},"upperLeft":{"x":30.0,"y":163.0}},"resourceId":"startEvent1","childShapes":[],"stencil":{"id":"StartNoneEvent"},"properties":{"overrideid":"startEvent1","formreference":{"id":7,"name":"New Claim Form"},"fieldstovariables":[{"formField":{"id":"policyId","name":"Policy ID"},"mappedDataModel":9,"mappedEntity":"Policy","mappedColumn":"policyId","mappedVariableName":"policyDetails"}],"executionlisteners":{"executionListeners":[]},"asynchronousdefinition":false,"exclusivedefinition":false},"outgoing":[{"resourceId":"sid-5391A11A-A5B5-4A6A-A45B-600FB6A4A54E"}]},{"bounds":{"lowerRight":{"x":310.0,"y":218.0},"upperLeft":{"x":210.0,"y":138.0}},"resourceId":"sid-E2F67D51-5793-4184-A5AF-349530A0CE28","childShapes":[],"stencil":{"id":"UserTask"},"properties":{"overrideid":"sid-E2F67D51-5793-4184-A5AF-349530A0CE28","name":"Review Claim","usertasksendemail":false,"usertaskassignment":{"assignment":{"type":"idm","idm":{"type":"initiator"},"initiatorCanCompleteTask":false}},"formreference":{"id":6,"name":"Review Claim"},"executionlisteners":{"executionListeners":[]},"isforcompensation":false,"asynchronousdefinition":false,"exclusivedefinition":false,"tasklisteners":{"taskListeners":[]}},"outgoing":[{"resourceId":"sid-233A5CA4-297F-438A-A499-450941EF26A0"}]},{"bounds":{"lowerRight":{"x":883.0,"y":192.0},"upperLeft":{"x":855.0,"y":164.0}},"resourceId":"sid-93218A7F-393B-412C-BAF1-BB630057E97A","childShapes":[],"stencil":{"id":"EndNoneEvent"},"properties":{"overrideid":"sid-93218A7F-393B-412C-BAF1-BB630057E97A","executionlisteners":{"executionListeners":[]},"asynchronousdefinition":false,"exclusivedefinition":false},"outgoing":[]},{"bounds":{"lowerRight":{"x":505.0,"y":218.0},"upperLeft":{"x":405.0,"y":138.0}},"resourceId":"sid-9316AABC-A07D-45C5-980E-68F365DCA6DF","childShapes":[],"stencil":{"id":"StoreEntityTask"},"properties":{"overrideid":"sid-9316AABC-A07D-45C5-980E-68F365DCA6DF","name":"Create Claim","alfrescoactiontask_publish_as_type":{},"entityattributemapping":{"mappedDataModel":9,"mappedEntity":"Claim","variableType":"new","newVariableName":"currentClaim","attributeMappings":[{"attributeName":"claimId","valueType":"field","formField":{"id":"claimId","name":"Claim ID","type":"text"}},{"attributeName":"policyId","valueType":"field","formField":{"id":"policyId","name":"Policy ID","type":"text"}},{"attributeName":"customerName","valueType":"variable","variable":{"id":"policyDetails.customerName","name":"policyDetails.customerName","type":"string"}},{"attributeName":"customerEmail","valueType":"field","formField":{"id":"contactEmail","name":"Contact Email","type":"text"}},{"attributeName":"contactNumber","valueType":"field","formField":{"id":"contactNumber","name":"Contact Number","type":"text"}},{"attributeName":"claimAmount","valueType":"field","formField":{"id":"claimAmount","name":"Claim Amount","type":"amount"}},{"attributeName":"contactNumberOnPolicy","valueType":"variable","variable":{"id":"policyDetails.contactNumber","name":"policyDetails.contactNumber","type":"string"}}]},"executionlisteners":{"executionListeners":[]},"isforcompensation":false,"asynchronousdefinition":false,"exclusivedefinition":false},"outgoing":[{"resourceId":"sid-1B114E55-237C-442E-82F5-0C768F72D7BF"}]},{"bounds":{"lowerRight":{"x":172.0,"y":212.0},"upperLeft":{"x":128.0,"y":212.0}},"resourceId":"sid-233A5CA4-297F-438A-A499-450941EF26A0","childShapes":[],"stencil":{"id":"SequenceFlow"},"dockers":[{"x":50.0,"y":40.0},{"x":50.0,"y":40.0}],"outgoing":[{"resourceId":"sid-9316AABC-A07D-45C5-980E-68F365DCA6DF"}],"target":{"resourceId":"sid-9316AABC-A07D-45C5-980E-68F365DCA6DF"},"properties":{"overrideid":"sid-233A5CA4-297F-438A-A499-450941EF26A0","executionlisteners":{"executionListeners":[]}}},{"bounds":{"lowerRight":{"x":172.0,"y":212.0},"upperLeft":{"x":128.0,"y":212.0}},"resourceId":"sid-5391A11A-A5B5-4A6A-A45B-600FB6A4A54E","childShapes":[],"stencil":{"id":"SequenceFlow"},"dockers":[{"x":15.0,"y":15.0},{"x":20.0,"y":20.0}],"outgoing":[{"resourceId":"sid-B7F12F1B-9854-40B7-B3B0-9FA6885F86CC"}],"target":{"resourceId":"sid-B7F12F1B-9854-40B7-B3B0-9FA6885F86CC"},"properties":{"overrideid":"sid-5391A11A-A5B5-4A6A-A45B-600FB6A4A54E","executionlisteners":{"executionListeners":[]}}},{"bounds":{"lowerRight":{"x":172.0,"y":212.0},"upperLeft":{"x":128.0,"y":212.0}},"resourceId":"sid-CF90039E-0B09-4AEB-A9AB-6B151E98DA11","childShapes":[],"stencil":{"id":"SequenceFlow"},"dockers":[{"x":20.0,"y":20.0},{"x":50.0,"y":40.0}],"outgoing":[{"resourceId":"sid-E2F67D51-5793-4184-A5AF-349530A0CE28"}],"target":{"resourceId":"sid-E2F67D51-5793-4184-A5AF-349530A0CE28"},"properties":{"overrideid":"sid-CF90039E-0B09-4AEB-A9AB-6B151E98DA11","executionlisteners":{"executionListeners":[]}}},{"bounds":{"lowerRight":{"x":172.0,"y":212.0},"upperLeft":{"x":128.0,"y":212.0}},"resourceId":"sid-62932395-1C5B-49B3-B666-63AA62B9C878","childShapes":[],"stencil":{"id":"SequenceFlow"},"dockers":[{"x":20.0,"y":20.0},{"x":126.625,"y":310.0},{"x":50.0,"y":40.0}],"outgoing":[{"resourceId":"sid-CD601B1B-BF98-474B-A1A0-765830538401"}],"target":{"resourceId":"sid-CD601B1B-BF98-474B-A1A0-765830538401"},"properties":{"overrideid":"sid-62932395-1C5B-49B3-B666-63AA62B9C878","executionlisteners":{"executionListeners":[]}}},{"bounds":{"lowerRight":{"x":172.0,"y":212.0},"upperLeft":{"x":128.0,"y":212.0}},"resourceId":"sid-1B114E55-237C-442E-82F5-0C768F72D7BF","childShapes":[],"stencil":{"id":"SequenceFlow"},"dockers":[{"x":50.0,"y":40.0},{"x":20.0,"y":20.0}],"outgoing":[{"resourceId":"sid-6259501B-1887-4E73-8979-FD74E564243D"}],"target":{"resourceId":"sid-6259501B-1887-4E73-8979-FD74E564243D"},"properties":{"overrideid":"sid-1B114E55-237C-442E-82F5-0C768F72D7BF","executionlisteners":{"executionListeners":[]}}},{"bounds":{"lowerRight":{"x":635.0,"y":198.0},"upperLeft":{"x":595.0,"y":158.0}},"resourceId":"sid-6259501B-1887-4E73-8979-FD74E564243D","childShapes":[],"stencil":{"id":"ParallelGateway"},"properties":{"overrideid":"sid-6259501B-1887-4E73-8979-FD74E564243D","executionlisteners":{"executionListeners":[]},"asynchronousdefinition":false,"exclusivedefinition":false},"outgoing":[{"resourceId":"sid-F4331F01-A1EA-4ADF-ADCD-41209E376EE5"}]},{"bounds":{"lowerRight":{"x":310.0,"y":350.0},"upperLeft":{"x":210.0,"y":270.0}},"resourceId":"sid-CD601B1B-BF98-474B-A1A0-765830538401","childShapes":[],"stencil":{"id":"DecisionTask"},"properties":{"overrideid":"sid-CD601B1B-BF98-474B-A1A0-765830538401","name":"Verify Data","decisiontaskdecisiontablereference":{"id":8,"name":"Verify Data Against Policy"},"executionlisteners":{"executionListeners":[]},"isforcompensation":false,"asynchronousdefinition":true,"exclusivedefinition":false},"outgoing":[{"resourceId":"sid-EF964A1D-F152-45E6-9109-1F0BC2C184F4"}]},{"bounds":{"lowerRight":{"x":145.0,"y":198.0},"upperLeft":{"x":105.0,"y":158.0}},"resourceId":"sid-B7F12F1B-9854-40B7-B3B0-9FA6885F86CC","childShapes":[],"stencil":{"id":"ParallelGateway"},"properties":{"overrideid":"sid-4D611138-567D-4FA0-8A1B-539EA3808C00","executionlisteners":{"executionListeners":[]},"asynchronousdefinition":false,"exclusivedefinition":false},"outgoing":[{"resourceId":"sid-CF90039E-0B09-4AEB-A9AB-6B151E98DA11"},{"resourceId":"sid-62932395-1C5B-49B3-B666-63AA62B9C878"}]},{"bounds":{"lowerRight":{"x":395.0,"y":330.0},"upperLeft":{"x":355.0,"y":290.0}},"resourceId":"sid-8BF8F8C6-D973-4C6A-BB8A-D6B4EE6046C2","childShapes":[],"stencil":{"id":"ExclusiveGateway"},"properties":{"overrideid":"sid-8BF8F8C6-D973-4C6A-BB8A-D6B4EE6046C2","executionlisteners":{"executionListeners":[]},"asynchronousdefinition":false,"exclusivedefinition":false},"outgoing":[{"resourceId":"sid-035D33B4-E0F9-4EB4-9E00-051B71C0DEFF"},{"resourceId":"sid-BB8FBFBF-2E50-4AA6-A8AD-898B43B08EFA"}]},{"bounds":{"lowerRight":{"x":172.0,"y":212.0},"upperLeft":{"x":128.0,"y":212.0}},"resourceId":"sid-EF964A1D-F152-45E6-9109-1F0BC2C184F4","childShapes":[],"stencil":{"id":"SequenceFlow"},"dockers":[{"x":50.0,"y":40.0},{"x":20.0,"y":20.0}],"outgoing":[{"resourceId":"sid-8BF8F8C6-D973-4C6A-BB8A-D6B4EE6046C2"}],"target":{"resourceId":"sid-8BF8F8C6-D973-4C6A-BB8A-D6B4EE6046C2"},"properties":{"overrideid":"sid-EF964A1D-F152-45E6-9109-1F0BC2C184F4","executionlisteners":{"executionListeners":[]}}},{"bounds":{"lowerRight":{"x":425.0,"y":470.0},"upperLeft":{"x":325.0,"y":390.0}},"resourceId":"sid-159608CF-6E96-418B-9BF6-2C603FE1BFF9","childShapes":[],"stencil":{"id":"UserTask"},"properties":{"overrideid":"sid-159608CF-6E96-418B-9BF6-2C603FE1BFF9","name":"Update Policy","usertasksendemail":false,"usertaskassignment":{"assignment":{"type":"idm","idm":{"type":"initiator"},"initiatorCanCompleteTask":false}},"formreference":{"id":5,"name":"Update Policy Form"},"executionlisteners":{"executionListeners":[]},"isforcompensation":false,"asynchronousdefinition":false,"exclusivedefinition":false,"tasklisteners":{"taskListeners":[]}},"outgoing":[{"resourceId":"sid-91A8BF94-E381-488A-BF74-7C6D235BDE31"}]},{"bounds":{"lowerRight":{"x":635.0,"y":330.0},"upperLeft":{"x":595.0,"y":290.0}},"resourceId":"sid-C7FDA36D-D42A-4F80-A9E8-9DD695084D51","childShapes":[],"stencil":{"id":"ExclusiveGateway"},"properties":{"overrideid":"sid-C7FDA36D-D42A-4F80-A9E8-9DD695084D51","executionlisteners":{"executionListeners":[]},"asynchronousdefinition":false,"exclusivedefinition":false},"outgoing":[{"resourceId":"sid-0DC2896F-20CB-4919-9AD6-A064B3CEA467"}]},{"bounds":{"lowerRight":{"x":172.0,"y":212.0},"upperLeft":{"x":128.0,"y":212.0}},"resourceId":"sid-035D33B4-E0F9-4EB4-9E00-051B71C0DEFF","childShapes":[],"stencil":{"id":"SequenceFlow"},"dockers":[{"x":20.0,"y":20.0},{"x":20.0,"y":20.0}],"outgoing":[{"resourceId":"sid-C7FDA36D-D42A-4F80-A9E8-9DD695084D51"}],"target":{"resourceId":"sid-C7FDA36D-D42A-4F80-A9E8-9DD695084D51"},"properties":{"overrideid":"sid-035D33B4-E0F9-4EB4-9E00-051B71C0DEFF","executionlisteners":{"executionListeners":[]},"defaultflow":true}},{"bounds":{"lowerRight":{"x":172.0,"y":212.0},"upperLeft":{"x":128.0,"y":212.0}},"resourceId":"sid-BB8FBFBF-2E50-4AA6-A8AD-898B43B08EFA","childShapes":[],"stencil":{"id":"SequenceFlow"},"dockers":[{"x":20.0,"y":20.0},{"x":50.0,"y":40.0}],"outgoing":[{"resourceId":"sid-159608CF-6E96-418B-9BF6-2C603FE1BFF9"}],"target":{"resourceId":"sid-159608CF-6E96-418B-9BF6-2C603FE1BFF9"},"properties":{"overrideid":"sid-BB8FBFBF-2E50-4AA6-A8AD-898B43B08EFA","executionlisteners":{"executionListeners":[]},"conditionsequenceflow":{"expression":{"index":"0","leftRestResponseId":"dataNeedsFixing","rightValue":"true","operator":"==","type":"variables"}}}},{"bounds":{"lowerRight":{"x":172.0,"y":212.0},"upperLeft":{"x":128.0,"y":212.0}},"resourceId":"sid-1B59ACC2-864A-4E25-87C5-9EE304B674D2","childShapes":[],"stencil":{"id":"SequenceFlow"},"dockers":[{"x":50.0,"y":40.0},{"x":20.0,"y":20.0}],"outgoing":[{"resourceId":"sid-C7FDA36D-D42A-4F80-A9E8-9DD695084D51"}],"target":{"resourceId":"sid-C7FDA36D-D42A-4F80-A9E8-9DD695084D51"},"properties":{"overrideid":"sid-1B59ACC2-864A-4E25-87C5-9EE304B674D2","executionlisteners":{"executionListeners":[]}}},{"bounds":{"lowerRight":{"x":665.0,"y":470.0},"upperLeft":{"x":565.0,"y":390.0}},"resourceId":"sid-7137FFFA-D656-4887-A3A8-6E08EFA513CC","childShapes":[],"stencil":{"id":"StoreEntityTask"},"properties":{"overrideid":"sid-7137FFFA-D656-4887-A3A8-6E08EFA513CC","name":"Update Policy","alfrescoactiontask_publish_as_type":{},"entityattributemapping":{"mappedDataModel":9,"mappedEntity":"Policy","variableType":"new","newVariableName":"updatedPolicy","attributeMappings":[{"attributeName":"policyId","valueType":"variable","variable":{"id":"policyDetails.policyId","name":"policyDetails.policyId","type":"string"}},{"attributeName":"customerName","valueType":"variable","variable":{"id":"policyDetails.customerName","name":"policyDetails.customerName","type":"string"}},{"attributeName":"customerEmail","valueType":"field","formField":{"id":"newCustomerEmail","name":"New Customer Email","type":"text"}},{"attributeName":"contactNumber","valueType":"field","formField":{"id":"newContactNumber","name":"New Contact Number","type":"text"}}]},"executionlisteners":{"executionListeners":[]},"isforcompensation":false,"asynchronousdefinition":false,"exclusivedefinition":false},"outgoing":[{"resourceId":"sid-1B59ACC2-864A-4E25-87C5-9EE304B674D2"}]},{"bounds":{"lowerRight":{"x":172.0,"y":212.0},"upperLeft":{"x":128.0,"y":212.0}},"resourceId":"sid-91A8BF94-E381-488A-BF74-7C6D235BDE31","childShapes":[],"stencil":{"id":"SequenceFlow"},"dockers":[{"x":50.0,"y":40.0},{"x":50.0,"y":40.0}],"outgoing":[{"resourceId":"sid-7137FFFA-D656-4887-A3A8-6E08EFA513CC"}],"target":{"resourceId":"sid-7137FFFA-D656-4887-A3A8-6E08EFA513CC"},"properties":{"overrideid":"sid-91A8BF94-E381-488A-BF74-7C6D235BDE31","executionlisteners":{"executionListeners":[]}}},{"bounds":{"lowerRight":{"x":172.0,"y":212.0},"upperLeft":{"x":128.0,"y":212.0}},"resourceId":"sid-0DC2896F-20CB-4919-9AD6-A064B3CEA467","childShapes":[],"stencil":{"id":"SequenceFlow"},"dockers":[{"x":20.0,"y":20.0},{"x":20.0,"y":20.0}],"outgoing":[{"resourceId":"sid-6259501B-1887-4E73-8979-FD74E564243D"}],"target":{"resourceId":"sid-6259501B-1887-4E73-8979-FD74E564243D"},"properties":{"overrideid":"sid-0DC2896F-20CB-4919-9AD6-A064B3CEA467","executionlisteners":{"executionListeners":[]}}},{"bounds":{"lowerRight":{"x":172.0,"y":212.0},"upperLeft":{"x":128.0,"y":212.0}},"resourceId":"sid-F4331F01-A1EA-4ADF-ADCD-41209E376EE5","childShapes":[],"stencil":{"id":"SequenceFlow"},"dockers":[{"x":20.0,"y":20.0},{"x":14.0,"y":14.0}],"outgoing":[{"resourceId":"sid-93218A7F-393B-412C-BAF1-BB630057E97A"}],"target":{"resourceId":"sid-93218A7F-393B-412C-BAF1-BB630057E97A"},"properties":{"overrideid":"sid-F4331F01-A1EA-4ADF-ADCD-41209E376EE5","executionlisteners":{"executionListeners":[]}}}]}