{"bounds":{"lowerRight":{"x":1485.0,"y":700.0},"upperLeft":{"x":0.0,"y":0.0}},"resourceId":"canvas","stencil":{"id":"BPMNDiagram"},"stencilset":{"namespace":"http://b3mn.org/stencilset/bpmn2.0#","url":"../editor/stencilsets/bpmn2.0/bpmn2.0.json"},"properties":{"process_id":"CreatePolicy","name":"Create Policy","executionlisteners":{"executionListeners":[]},"eventlisteners":{"eventListeners":[]},"signaldefinitions":[],"messagedefinitions":[],"process_namespace":"http://www.activiti.org/processdef"},"childShapes":[{"bounds":{"lowerRight":{"x":130.0,"y":193.0},"upperLeft":{"x":100.0,"y":163.0}},"resourceId":"startEvent1","childShapes":[],"stencil":{"id":"StartNoneEvent"},"properties":{"overrideid":"startEvent1","formreference":{"id":4,"name":"Create Policy Form"},"executionlisteners":{"executionListeners":[]},"asynchronousdefinition":false,"exclusivedefinition":false},"outgoing":[{"resourceId":"sid-72D08015-779D-4C85-A441-2088CF1D391B"}]},{"bounds":{"lowerRight":{"x":172.0,"y":212.0},"upperLeft":{"x":128.0,"y":212.0}},"resourceId":"sid-72D08015-779D-4C85-A441-2088CF1D391B","childShapes":[],"stencil":{"id":"SequenceFlow"},"dockers":[{"x":15.0,"y":15.0},{"x":170.0,"y":178.0},{"x":170.0,"y":175.0},{"x":50.0,"y":40.0}],"outgoing":[{"resourceId":"sid-7D7569D7-3953-4252-9772-E2D3820A2EC6"}],"target":{"resourceId":"sid-7D7569D7-3953-4252-9772-E2D3820A2EC6"},"properties":{"overrideid":"sid-72D08015-779D-4C85-A441-2088CF1D391B","executionlisteners":{"executionListeners":[]}}},{"bounds":{"lowerRight":{"x":433.0,"y":192.0},"upperLeft":{"x":405.0,"y":164.0}},"resourceId":"sid-FCB07906-B80C-4C38-B21A-46B7CE72706E","childShapes":[],"stencil":{"id":"EndNoneEvent"},"properties":{"overrideid":"sid-FCB07906-B80C-4C38-B21A-46B7CE72706E","executionlisteners":{"executionListeners":[]},"asynchronousdefinition":false,"exclusivedefinition":false},"outgoing":[]},{"bounds":{"lowerRight":{"x":310.0,"y":215.0},"upperLeft":{"x":210.0,"y":135.0}},"resourceId":"sid-7D7569D7-3953-4252-9772-E2D3820A2EC6","childShapes":[],"stencil":{"id":"StoreEntityTask"},"properties":{"overrideid":"sid-7D7569D7-3953-4252-9772-E2D3820A2EC6","name":"Save Policy","alfrescoactiontask_publish_as_type":{},"entityattributemapping":{"mappedDataModel":9,"mappedEntity":"Policy","variableType":"new","newVariableName":"var","attributeMappings":[{"attributeName":"policyId","valueType":"field","formField":{"id":"policyId","name":"Policy ID","type":"text"}},{"attributeName":"customerName","valueType":"field","formField":{"id":"customerName","name":"Customer Name","type":"text"}},{"attributeName":"customerEmail","valueType":"field","formField":{"id":"customerEmail","name":"Customer Email","type":"text"}},{"attributeName":"contactNumber","valueType":"field","formField":{"id":"contactNumber","name":"Contact Number","type":"text"}}]},"executionlisteners":{"executionListeners":[]},"isforcompensation":false,"asynchronousdefinition":false,"exclusivedefinition":false},"outgoing":[{"resourceId":"sid-B6B34462-D30C-4F30-88E1-A2D17ADFEDA5"}]},{"bounds":{"lowerRight":{"x":172.0,"y":212.0},"upperLeft":{"x":128.0,"y":212.0}},"resourceId":"sid-B6B34462-D30C-4F30-88E1-A2D17ADFEDA5","childShapes":[],"stencil":{"id":"SequenceFlow"},"dockers":[{"x":50.0,"y":40.0},{"x":14.0,"y":14.0}],"outgoing":[{"resourceId":"sid-FCB07906-B80C-4C38-B21A-46B7CE72706E"}],"target":{"resourceId":"sid-FCB07906-B80C-4C38-B21A-46B7CE72706E"},"properties":{"overrideid":"sid-B6B34462-D30C-4F30-88E1-A2D17ADFEDA5","executionlisteners":{"executionListeners":[]}}}]}