{"referenceId":null,"name":"SOAP Retrieval of data","description":"","editorJson":{"tabs":[],"fields":[{"fieldType":"ContainerRepresentation","id":"soapformstencil","name":"SOAP Form Stencil","type":"group","value":null,"required":false,"readOnly":false,"overrideId":false,"colspan":1,"placeholder":null,"minLength":0,"maxLength":0,"minValue":null,"maxValue":null,"regexPattern":null,"optionType":null,"hasEmptyValue":null,"options":null,"restUrl":null,"restResponsePath":null,"restIdProperty":null,"restLabelProperty":null,"tab":null,"className":null,"dateDisplayFormat":null,"layout":{"row":-1,"column":-1,"colspan":2},"sizeX":2,"sizeY":1,"row":-1,"col":-1,"visibilityCondition":null,"numberOfColumns":2,"fields":{"1":[{"fieldType":"RestFieldRepresentation","id":"dropdownfromsoap","name":"Dropdown from SOAP","type":"dropdown","value":"Choose one...","required":false,"readOnly":false,"overrideId":false,"colspan":1,"placeholder":null,"minLength":0,"maxLength":0,"minValue":null,"maxValue":null,"regexPattern":null,"optionType":"rest","hasEmptyValue":true,"options":[{"id":"empty","name":"Choose one..."}],"restUrl":"enterprise/soapproxy?lookupModel=true&searchId=4","restResponsePath":null,"restIdProperty":"id","restLabelProperty":"label","tab":null,"className":null,"params":{"existingColspan":1,"maxColspan":2,"customProperties":{"dropdown-soapAction":"GetStudentList","dropdown-isSoap12":"true","dropdown-soapRequestTemplate":"<soap:Envelope xmlns:soap=\"http://www.w3.org/2003/05/soap-envelope\" xmlns:stud=\"http://in28minutes.com/students\">\n   <soap:Header/>\n   <soap:Body>\n      <stud:GetStudentListRequest>\n         <stud:id>${searchId}</stud:id>\n      </stud:GetStudentListRequest>\n   </soap:Body>\n</soap:Envelope>","dropdown-soapResponsePathMapping":"id:id,label:name,repeatingNodePath:/GetStudentListResponse/StudentDetails","dropdown-endpointUrl":"","dropdown-sharedEndpointConfigurationName":"WS-Endpoint"}},"dateDisplayFormat":null,"layout":{"row":-1,"column":-1,"colspan":1},"sizeX":1,"sizeY":1,"row":-1,"col":-1,"visibilityCondition":null,"endpoint":{"id":1,"tenantId":1,"name":"APS API","protocol":"HTTP","host":"localhost","port":"8080","path":"activiti-app/api/","basicAuthId":1,"basicAuthName":"test","requestHeaders":null},"requestHeaders":null},{"fieldType":"RestFieldRepresentation","id":"typeaheadfromsoap","name":"Typeahead from SOAP","type":"typeahead","value":null,"required":false,"readOnly":false,"overrideId":false,"colspan":1,"placeholder":null,"minLength":0,"maxLength":0,"minValue":null,"maxValue":null,"regexPattern":null,"optionType":null,"hasEmptyValue":null,"options":null,"restUrl":"enterprise/soapproxy?lookupModel=true&searchId=4","restResponsePath":null,"restIdProperty":"id","restLabelProperty":"label","tab":null,"className":null,"params":{"existingColspan":1,"maxColspan":2,"customProperties":{"typeahead-endpointUrl":"","typeahead-soapAction":"GetStudentList","typeahead-isSoap12":"true","typeahead-soapRequestTemplate":"<soap:Envelope xmlns:soap=\"http://www.w3.org/2003/05/soap-envelope\" xmlns:stud=\"http://in28minutes.com/students\">\n   <soap:Header/>\n   <soap:Body>\n      <stud:GetStudentListRequest>\n         <stud:id>${searchId}</stud:id>\n      </stud:GetStudentListRequest>\n   </soap:Body>\n</soap:Envelope>","typeahead-soapResponsePathMapping":"id:id,label:name,repeatingNodePath:/GetStudentListResponse/StudentDetails","typeahead-sharedEndpointConfigurationName":"WS-Endpoint"}},"dateDisplayFormat":null,"layout":{"row":-1,"column":-1,"colspan":1},"sizeX":1,"sizeY":1,"row":-1,"col":-1,"visibilityCondition":null,"endpoint":{"id":1,"tenantId":1,"name":"APS API","protocol":"HTTP","host":"localhost","port":"8080","path":"activiti-app/api/","basicAuthId":1,"basicAuthName":"test","requestHeaders":null},"requestHeaders":null},{"fieldType":"RestFieldRepresentation","id":"radiobuttonfromsoap","name":"Radio Button from SOAP","type":"radio-buttons","value":null,"required":false,"readOnly":false,"overrideId":false,"colspan":1,"placeholder":null,"minLength":0,"maxLength":0,"minValue":null,"maxValue":null,"regexPattern":null,"optionType":"rest","hasEmptyValue":null,"options":[{"id":"option_1","name":"Option 1"},{"id":"option_2","name":"Option 2"}],"restUrl":"enterprise/soapproxy?lookupModel=true&searchId=4","restResponsePath":null,"restIdProperty":"id","restLabelProperty":"label","tab":null,"className":null,"params":{"existingColspan":1,"maxColspan":2,"customProperties":{"radio-buttons-endpointUrl":"","radio-buttons-soapAction":"GetStudentList","radio-buttons-isSoap12":"true","radio-buttons-soapRequestTemplate":"<soap:Envelope xmlns:soap=\"http://www.w3.org/2003/05/soap-envelope\" xmlns:stud=\"http://in28minutes.com/students\">\n   <soap:Header/>\n   <soap:Body>\n      <stud:GetStudentListRequest>\n         <stud:id>${searchId}</stud:id>\n      </stud:GetStudentListRequest>\n   </soap:Body>\n</soap:Envelope>","radio-buttons-soapResponsePathMapping":"id:id,label:name,repeatingNodePath:/GetStudentListResponse/StudentDetails","radio-buttons-sharedEndpointConfigurationName":"WS-Endpoint"}},"dateDisplayFormat":null,"layout":{"row":-1,"column":-1,"colspan":1},"sizeX":1,"sizeY":1,"row":-1,"col":-1,"visibilityCondition":null,"endpoint":{"id":1,"tenantId":1,"name":"APS API","protocol":"HTTP","host":"localhost","port":"8080","path":"activiti-app/api/","basicAuthId":1,"basicAuthName":"test","requestHeaders":null},"requestHeaders":null}],"2":[]}},{"fieldType":"ContainerRepresentation","id":"soapbpmnstencil","name":"SOAP BPMN Stencil","type":"group","value":null,"required":false,"readOnly":false,"overrideId":false,"colspan":1,"placeholder":null,"minLength":0,"maxLength":0,"minValue":null,"maxValue":null,"regexPattern":null,"optionType":null,"hasEmptyValue":null,"options":null,"restUrl":null,"restResponsePath":null,"restIdProperty":null,"restLabelProperty":null,"tab":null,"className":null,"dateDisplayFormat":null,"layout":{"row":-1,"column":-1,"colspan":2},"sizeX":2,"sizeY":1,"row":-1,"col":-1,"visibilityCondition":null,"numberOfColumns":2,"fields":{"1":[{"fieldType":"FormFieldRepresentation","id":"soaprequestinputid","name":"SOAP Request Input ID","type":"text","value":null,"required":false,"readOnly":false,"overrideId":false,"colspan":1,"placeholder":null,"minLength":0,"maxLength":0,"minValue":null,"maxValue":null,"regexPattern":null,"optionType":null,"hasEmptyValue":null,"options":null,"restUrl":null,"restResponsePath":null,"restIdProperty":null,"restLabelProperty":null,"tab":null,"className":null,"params":{"existingColspan":1,"maxColspan":2},"dateDisplayFormat":null,"layout":{"row":-1,"column":-1,"colspan":1},"sizeX":1,"sizeY":1,"row":-1,"col":-1,"visibilityCondition":null}],"2":[]}}],"outcomes":[],"javascriptEvents":[],"className":"","style":"","customFieldTemplates":{},"metadata":{},"variables":[],"customFieldsValueInfo":{},"gridsterForm":false}}