<?xml version='1.0' encoding='UTF-8'?>
<definitions xmlns="http://www.omg.org/spec/BPMN/20100524/MODEL" xmlns:xsi="http://www.w3.org/2001/XMLSchema-instance" xmlns:xsd="http://www.w3.org/2001/XMLSchema" xmlns:activiti="http://activiti.org/bpmn" xmlns:bpmndi="http://www.omg.org/spec/BPMN/20100524/DI" xmlns:omgdc="http://www.omg.org/spec/DD/20100524/DC" xmlns:omgdi="http://www.omg.org/spec/DD/20100524/DI" typeLanguage="http://www.w3.org/2001/XMLSchema" expressionLanguage="http://www.w3.org/1999/XPath" targetNamespace="http://www.activiti.org/processdef" xmlns:modeler="http://activiti.com/modeler" modeler:version="1.0en" modeler:exportDateTime="20170420120508219" modeler:modelId="13025" modeler:modelVersion="15" modeler:modelLastUpdated="1492707905353">
  <process id="Signature-Stencil-Process" name="Signature-Stencil-Process" isExecutable="true">
    <extensionElements>
      <modeler:executionvariables xmlns:modeler="http://activiti.com/modeler" modeler:variableName="sign" modeler:variableType="string"/>
    </extensionElements>
    <startEvent id="startEvent1">
      <extensionElements>
        <modeler:editor-resource-id><![CDATA[startEvent1]]></modeler:editor-resource-id>
      </extensionElements>
    </startEvent>
    <userTask id="sid-5166F197-F3D1-4577-B12E-B67856209FF2" name="Sign Here" activiti:assignee="$INITIATOR" activiti:formKey="13027">
      <extensionElements>
        <modeler:allow-send-email><![CDATA[true]]></modeler:allow-send-email>
        <modeler:form-reference-id><![CDATA[13027]]></modeler:form-reference-id>
        <modeler:form-reference-name><![CDATA[sign-form]]></modeler:form-reference-name>
        <modeler:activiti-idm-initiator><![CDATA[true]]></modeler:activiti-idm-initiator>
        <modeler:editor-resource-id><![CDATA[sid-5166F197-F3D1-4577-B12E-B67856209FF2]]></modeler:editor-resource-id>
      </extensionElements>
    </userTask>
    <sequenceFlow id="sid-9E867434-FACA-493A-BA06-58672C1DC7FF" sourceRef="startEvent1" targetRef="sid-5166F197-F3D1-4577-B12E-B67856209FF2">
      <extensionElements>
        <modeler:editor-resource-id><![CDATA[sid-9E867434-FACA-493A-BA06-58672C1DC7FF]]></modeler:editor-resource-id>
      </extensionElements>
    </sequenceFlow>
    <userTask id="sid-A94B98B9-0791-4DFD-8EE6-C23205013578" name="View Sign" activiti:assignee="$INITIATOR" activiti:formKey="13028">
      <extensionElements>
        <modeler:allow-send-email><![CDATA[true]]></modeler:allow-send-email>
        <modeler:form-reference-id><![CDATA[13028]]></modeler:form-reference-id>
        <modeler:form-reference-name><![CDATA[view-sign]]></modeler:form-reference-name>
        <modeler:activiti-idm-initiator><![CDATA[true]]></modeler:activiti-idm-initiator>
        <modeler:editor-resource-id><![CDATA[sid-A94B98B9-0791-4DFD-8EE6-C23205013578]]></modeler:editor-resource-id>
      </extensionElements>
    </userTask>
    <sequenceFlow id="sid-A8747E3D-6834-4F65-A0A6-7F11B4249A8F" sourceRef="sid-5166F197-F3D1-4577-B12E-B67856209FF2" targetRef="sid-A94B98B9-0791-4DFD-8EE6-C23205013578">
      <extensionElements>
        <modeler:editor-resource-id><![CDATA[sid-A8747E3D-6834-4F65-A0A6-7F11B4249A8F]]></modeler:editor-resource-id>
      </extensionElements>
    </sequenceFlow>
    <endEvent id="sid-F2C9613F-0161-47FB-B94C-16DD01BF84AF">
      <extensionElements>
        <modeler:editor-resource-id><![CDATA[sid-F2C9613F-0161-47FB-B94C-16DD01BF84AF]]></modeler:editor-resource-id>
      </extensionElements>
    </endEvent>
    <sequenceFlow id="sid-F11719BE-B8C9-4CD3-9712-30AF9E251397" sourceRef="sid-A94B98B9-0791-4DFD-8EE6-C23205013578" targetRef="sid-F2C9613F-0161-47FB-B94C-16DD01BF84AF">
      <extensionElements>
        <modeler:editor-resource-id><![CDATA[sid-F11719BE-B8C9-4CD3-9712-30AF9E251397]]></modeler:editor-resource-id>
      </extensionElements>
    </sequenceFlow>
  </process>
  <bpmndi:BPMNDiagram id="BPMNDiagram_Signature-Stencil-Process">
    <bpmndi:BPMNPlane bpmnElement="Signature-Stencil-Process" id="BPMNPlane_Signature-Stencil-Process">
      <bpmndi:BPMNShape bpmnElement="startEvent1" id="BPMNShape_startEvent1">
        <omgdc:Bounds height="30.0" width="30.0" x="100.0" y="163.0"/>
      </bpmndi:BPMNShape>
      <bpmndi:BPMNShape bpmnElement="sid-5166F197-F3D1-4577-B12E-B67856209FF2" id="BPMNShape_sid-5166F197-F3D1-4577-B12E-B67856209FF2">
        <omgdc:Bounds height="80.0" width="100.0" x="165.0" y="135.0"/>
      </bpmndi:BPMNShape>
      <bpmndi:BPMNShape bpmnElement="sid-A94B98B9-0791-4DFD-8EE6-C23205013578" id="BPMNShape_sid-A94B98B9-0791-4DFD-8EE6-C23205013578">
        <omgdc:Bounds height="80.0" width="100.0" x="300.0" y="135.0"/>
      </bpmndi:BPMNShape>
      <bpmndi:BPMNShape bpmnElement="sid-F2C9613F-0161-47FB-B94C-16DD01BF84AF" id="BPMNShape_sid-F2C9613F-0161-47FB-B94C-16DD01BF84AF">
        <omgdc:Bounds height="28.0" width="28.0" x="455.0" y="161.0"/>
      </bpmndi:BPMNShape>
      <bpmndi:BPMNEdge bpmnElement="sid-A8747E3D-6834-4F65-A0A6-7F11B4249A8F" id="BPMNEdge_sid-A8747E3D-6834-4F65-A0A6-7F11B4249A8F">
        <omgdi:waypoint x="265.0" y="175.0"/>
        <omgdi:waypoint x="300.0" y="175.0"/>
      </bpmndi:BPMNEdge>
      <bpmndi:BPMNEdge bpmnElement="sid-9E867434-FACA-493A-BA06-58672C1DC7FF" id="BPMNEdge_sid-9E867434-FACA-493A-BA06-58672C1DC7FF">
        <omgdi:waypoint x="129.9932545528355" y="177.5502023634149"/>
        <omgdi:waypoint x="165.0" y="176.5"/>
      </bpmndi:BPMNEdge>
      <bpmndi:BPMNEdge bpmnElement="sid-F11719BE-B8C9-4CD3-9712-30AF9E251397" id="BPMNEdge_sid-F11719BE-B8C9-4CD3-9712-30AF9E251397">
        <omgdi:waypoint x="400.0" y="175.0"/>
        <omgdi:waypoint x="455.0" y="175.0"/>
      </bpmndi:BPMNEdge>
    </bpmndi:BPMNPlane>
  </bpmndi:BPMNDiagram>
</definitions>