{"resourceId":13025,"properties":{"process_id":"Signature-Stencil-Process","name":"Signature-Stencil-Process","documentation":"","process_author":"","process_version":"","process_namespace":"http://www.activiti.org/processdef","executionlisteners":"","eventlisteners":"","signaldefinitions":"","messagedefinitions":"","executionvariables":"[{\"variableName\":\"sign\",\"variableType\":\"string\",\"$$hashKey\":\"uiGrid-0011\"}]","metadata":""},"stencil":{"id":"BPMNDiagram"},"childShapes":[{"resourceId":"startEvent1","properties":{"overrideid":"","name":"","documentation":"","executionlisteners":"","initiator":"","formkeydefinition":"","formreference":null,"fieldstovariables":"","formproperties":""},"stencil":{"id":"StartNoneEvent"},"childShapes":[],"outgoing":[{"resourceId":"sid-9E867434-FACA-493A-BA06-58672C1DC7FF"}],"bounds":{"lowerRight":{"x":130,"y":193},"upperLeft":{"x":100,"y":163}},"dockers":[]},{"resourceId":"sid-5166F197-F3D1-4577-B12E-B67856209FF2","properties":{"overrideid":"","name":"Sign Here","documentation":"","asynchronousdefinition":"false","exclusivedefinition":"false","executionlisteners":"","multiinstance_type":"None","multiinstance_cardinality":"","multiinstance_collection":"","multiinstance_variable":"","multiinstance_condition":"","isforcompensation":"false","usertasksendemail":true,"usertaskassignment":"","formkeydefinition":"","formreference":{"id":13027,"name":"sign-form","referenceId":13025,"variablesmapping":[]},"fieldstovariables":"","duedatedefinition":"","prioritydefinition":"","categorydefinition":"","formproperties":"","tasklisteners":"","emailtemplate":""},"stencil":{"id":"UserTask"},"childShapes":[],"outgoing":[{"resourceId":"sid-A8747E3D-6834-4F65-A0A6-7F11B4249A8F"}],"bounds":{"lowerRight":{"x":265,"y":215},"upperLeft":{"x":165,"y":135}},"dockers":[]},{"resourceId":"sid-9E867434-FACA-493A-BA06-58672C1DC7FF","properties":{"overrideid":"","name":"","documentation":"","conditionsequenceflow":"","executionlisteners":"","defaultflow":"false"},"stencil":{"id":"SequenceFlow"},"childShapes":[],"outgoing":[{"resourceId":"sid-5166F197-F3D1-4577-B12E-B67856209FF2"}],"bounds":{"lowerRight":{"x":164.78169969647763,"y":177.54813849089433},"upperLeft":{"x":130.06205030352237,"y":176.50654900910567}},"dockers":[{"x":15,"y":15},{"x":50,"y":40}],"target":{"resourceId":"sid-5166F197-F3D1-4577-B12E-B67856209FF2"}},{"resourceId":"sid-A94B98B9-0791-4DFD-8EE6-C23205013578","properties":{"overrideid":"","name":"View Sign","documentation":"","asynchronousdefinition":"false","exclusivedefinition":"false","executionlisteners":"","multiinstance_type":"None","multiinstance_cardinality":"","multiinstance_collection":"","multiinstance_variable":"","multiinstance_condition":"","isforcompensation":"false","usertasksendemail":true,"usertaskassignment":"","formkeydefinition":"","formreference":{"id":13028,"name":"view-sign","referenceId":13025},"fieldstovariables":"","duedatedefinition":"","prioritydefinition":"","categorydefinition":"","formproperties":"","tasklisteners":"","emailtemplate":""},"stencil":{"id":"UserTask"},"childShapes":[],"outgoing":[{"resourceId":"sid-F11719BE-B8C9-4CD3-9712-30AF9E251397"}],"bounds":{"lowerRight":{"x":400,"y":215},"upperLeft":{"x":300,"y":135}},"dockers":[]},{"resourceId":"sid-A8747E3D-6834-4F65-A0A6-7F11B4249A8F","properties":{"overrideid":"","name":"","documentation":"","conditionsequenceflow":"","executionlisteners":"","defaultflow":"false"},"stencil":{"id":"SequenceFlow"},"childShapes":[],"outgoing":[{"resourceId":"sid-A94B98B9-0791-4DFD-8EE6-C23205013578"}],"bounds":{"lowerRight":{"x":299.4296875,"y":175},"upperLeft":{"x":265.5703125,"y":175}},"dockers":[{"x":50,"y":40},{"x":50,"y":40}],"target":{"resourceId":"sid-A94B98B9-0791-4DFD-8EE6-C23205013578"}},{"resourceId":"sid-F2C9613F-0161-47FB-B94C-16DD01BF84AF","properties":{"overrideid":"","name":"","documentation":"","executionlisteners":""},"stencil":{"id":"EndNoneEvent"},"childShapes":[],"outgoing":[],"bounds":{"lowerRight":{"x":483,"y":189},"upperLeft":{"x":455,"y":161}},"dockers":[]},{"resourceId":"sid-F11719BE-B8C9-4CD3-9712-30AF9E251397","properties":{"overrideid":"","name":"","documentation":"","conditionsequenceflow":"","executionlisteners":"","defaultflow":"false"},"stencil":{"id":"SequenceFlow"},"childShapes":[],"outgoing":[{"resourceId":"sid-F2C9613F-0161-47FB-B94C-16DD01BF84AF"}],"bounds":{"lowerRight":{"x":454.984375,"y":175},"upperLeft":{"x":400.2734375,"y":175}},"dockers":[{"x":50,"y":40},{"x":14,"y":14}],"target":{"resourceId":"sid-F2C9613F-0161-47FB-B94C-16DD01BF84AF"}}],"bounds":{"lowerRight":{"x":1200,"y":1050},"upperLeft":{"x":0,"y":0}},"stencilset":{"url":"stencilsets/bpmn2.0/bpmn2.0.json","namespace":"http://b3mn.org/stencilset/bpmn2.0#"},"ssextensions":[]}