{"models":[{"id":19072,"name":"Generate Doc with Signature","version":1,"modelType":0,"description":"","stencilSetId":0,"createdByFullName":" Administrator","createdBy":1,"lastUpdatedByFullName":" Administrator","lastUpdatedBy":1,"lastUpdated":"2017-04-30T22:16:19.799+0000"},{"id":19070,"name":"Signature-Stencil-Process","version":1,"modelType":0,"description":null,"stencilSetId":null,"createdByFullName":" Administrator","createdBy":1,"lastUpdatedByFullName":" Administrator","lastUpdatedBy":1,"lastUpdated":"2017-04-30T22:09:28.814+0000"}],"theme":"theme-1","icon":"glyphicon-asterisk","publishIdentityInfo":[]}