<?xml version='1.0' encoding='UTF-8'?>
<definitions xmlns="http://www.omg.org/spec/BPMN/20100524/MODEL" xmlns:xsi="http://www.w3.org/2001/XMLSchema-instance" xmlns:xsd="http://www.w3.org/2001/XMLSchema" xmlns:activiti="http://activiti.org/bpmn" xmlns:bpmndi="http://www.omg.org/spec/BPMN/20100524/DI" xmlns:omgdc="http://www.omg.org/spec/DD/20100524/DC" xmlns:omgdi="http://www.omg.org/spec/DD/20100524/DI" typeLanguage="http://www.w3.org/2001/XMLSchema" expressionLanguage="http://www.w3.org/1999/XPath" targetNamespace="http://www.activiti.org/processdef" xmlns:modeler="http://activiti.com/modeler" modeler:version="1.0en" modeler:exportDateTime="20171211113555644" modeler:modelId="3022" modeler:modelVersion="4" modeler:modelLastUpdated="1513013720674">
  <process id="SSN-Stencil-Process" name="SSN-Stencil-Process" isExecutable="true">
    <startEvent id="startEvent1" activiti:formKey="3021">
      <extensionElements>
        <modeler:form-reference-id><![CDATA[3021]]></modeler:form-reference-id>
        <modeler:form-reference-name><![CDATA[SSNStencilForm]]></modeler:form-reference-name>
        <modeler:editor-resource-id><![CDATA[startEvent1]]></modeler:editor-resource-id>
      </extensionElements>
    </startEvent>
    <userTask id="sid-EF202097-7B85-44AA-B1D7-A89E9363C014" activiti:assignee="$INITIATOR" activiti:formKey="3021">
      <extensionElements>
        <modeler:allow-send-email><![CDATA[true]]></modeler:allow-send-email>
        <modeler:form-reference-id><![CDATA[3021]]></modeler:form-reference-id>
        <modeler:form-reference-name><![CDATA[SSNStencilForm]]></modeler:form-reference-name>
        <modeler:activiti-idm-initiator><![CDATA[true]]></modeler:activiti-idm-initiator>
        <modeler:editor-resource-id><![CDATA[sid-EF202097-7B85-44AA-B1D7-A89E9363C014]]></modeler:editor-resource-id>
      </extensionElements>
    </userTask>
    <sequenceFlow id="sid-46382DEF-854F-40B3-A0C4-1BFBADC8EACF" sourceRef="startEvent1" targetRef="sid-EF202097-7B85-44AA-B1D7-A89E9363C014">
      <extensionElements>
        <modeler:editor-resource-id><![CDATA[sid-46382DEF-854F-40B3-A0C4-1BFBADC8EACF]]></modeler:editor-resource-id>
      </extensionElements>
    </sequenceFlow>
    <endEvent id="sid-529C5C6D-B52B-416E-A584-FD41AEF4BF52">
      <extensionElements>
        <modeler:editor-resource-id><![CDATA[sid-529C5C6D-B52B-416E-A584-FD41AEF4BF52]]></modeler:editor-resource-id>
      </extensionElements>
    </endEvent>
    <sequenceFlow id="sid-B70741EB-AFE4-4788-B1C0-F4E29D593AA8" sourceRef="sid-EF202097-7B85-44AA-B1D7-A89E9363C014" targetRef="sid-529C5C6D-B52B-416E-A584-FD41AEF4BF52">
      <extensionElements>
        <modeler:editor-resource-id><![CDATA[sid-B70741EB-AFE4-4788-B1C0-F4E29D593AA8]]></modeler:editor-resource-id>
      </extensionElements>
    </sequenceFlow>
  </process>
  <bpmndi:BPMNDiagram id="BPMNDiagram_SSN-Stencil-Process">
    <bpmndi:BPMNPlane bpmnElement="SSN-Stencil-Process" id="BPMNPlane_SSN-Stencil-Process">
      <bpmndi:BPMNShape bpmnElement="startEvent1" id="BPMNShape_startEvent1">
        <omgdc:Bounds height="30.0" width="30.0" x="100.0" y="163.0"/>
      </bpmndi:BPMNShape>
      <bpmndi:BPMNShape bpmnElement="sid-EF202097-7B85-44AA-B1D7-A89E9363C014" id="BPMNShape_sid-EF202097-7B85-44AA-B1D7-A89E9363C014">
        <omgdc:Bounds height="80.0" width="100.0" x="175.0" y="138.0"/>
      </bpmndi:BPMNShape>
      <bpmndi:BPMNShape bpmnElement="sid-529C5C6D-B52B-416E-A584-FD41AEF4BF52" id="BPMNShape_sid-529C5C6D-B52B-416E-A584-FD41AEF4BF52">
        <omgdc:Bounds height="28.0" width="28.0" x="320.0" y="164.0"/>
      </bpmndi:BPMNShape>
      <bpmndi:BPMNEdge bpmnElement="sid-B70741EB-AFE4-4788-B1C0-F4E29D593AA8" id="BPMNEdge_sid-B70741EB-AFE4-4788-B1C0-F4E29D593AA8">
        <omgdi:waypoint x="275.0" y="178.0"/>
        <omgdi:waypoint x="320.0" y="178.0"/>
      </bpmndi:BPMNEdge>
      <bpmndi:BPMNEdge bpmnElement="sid-46382DEF-854F-40B3-A0C4-1BFBADC8EACF" id="BPMNEdge_sid-46382DEF-854F-40B3-A0C4-1BFBADC8EACF">
        <omgdi:waypoint x="130.0" y="178.0"/>
        <omgdi:waypoint x="175.0" y="178.0"/>
      </bpmndi:BPMNEdge>
    </bpmndi:BPMNPlane>
  </bpmndi:BPMNDiagram>
</definitions>