{"referenceId":null,"name":"Claim Fraud Check Rules","description":null,"editorJson":{"id":3005,"name":"Claim Fraud Check Rules","key":"ClaimFraudCheckRules","hitIndicator":"FIRST","inputExpressions":[{"id":"11","variableId":"moreInvestigationRequired","variableType":"formfield","type":"boolean","label":"Deep Investigation Required","entries":null,"newVariable":false},{"id":"14","variableId":"requirePoliceReport","variableType":"formfield","type":"boolean","label":"Police Report Required","entries":null,"newVariable":false},{"id":"15","variableId":"isPoliceReportAvailable","variableType":"formfield","type":"boolean","label":"Police Report Available","entries":null,"newVariable":false}],"outputExpressions":[{"id":"9","variableId":"autoRejectFraudCheckFailed","variableType":"variable","type":"boolean","label":"Auto Reject","entries":null,"newVariable":true},{"id":"10","variableId":"fraudInvestigationRequired","variableType":"variable","type":"boolean","label":"Fraud Investigation Required","entries":null,"newVariable":true}],"rules":[{"9":"","10":"true","11":"== true","14":"","15":""},{"9":"true","10":"","11":"","14":"== true","15":"== false"}],"executionVariables":[]}}