{"resourceId":2002,"properties":{"process_id":"testTaskListener","name":"testTaskListener","documentation":"","process_author":"","process_version":"","process_namespace":"http://www.activiti.org/processdef","executionlisteners":"","eventlisteners":"{\"eventListeners\":[{\"event\":\"TASK_ASSIGNED\",\"implementation\":\"${customTaskAssignmentListener}\",\"className\":\"\",\"delegateExpression\":\"${customTaskAssignmentListener}\",\"retrowEvent\":false,\"$$hashKey\":\"uiGrid-0009\",\"fields\":[],\"events\":[{\"event\":\"TASK_ASSIGNED\",\"$$hashKey\":\"object:2901\"}]}]}","signaldefinitions":"","messagedefinitions":"","executionvariables":"","metadata":""},"stencil":{"id":"BPMNDiagram"},"childShapes":[{"resourceId":"startEvent1","properties":{"overrideid":"","name":"","documentation":"","executionlisteners":"","initiator":"","formkeydefinition":"","formreference":{"id":5006,"name":"startForm","referenceId":2002},"fieldstovariables":"","formproperties":""},"stencil":{"id":"StartNoneEvent"},"childShapes":[],"outgoing":[{"resourceId":"sid-AF791A52-9DD6-4BD0-A6A0-589FAA851BEF"}],"bounds":{"lowerRight":{"x":130,"y":193},"upperLeft":{"x":100,"y":163}},"dockers":[]},{"resourceId":"sid-8990974F-E59B-47B9-9F69-34E99A11E7A2","properties":{"overrideid":"task-1","name":"Task 1","documentation":"","asynchronousdefinition":"false","exclusivedefinition":"false","executionlisteners":"","multiinstance_type":"None","multiinstance_cardinality":"","multiinstance_collection":"","multiinstance_variable":"","multiinstance_condition":"","isforcompensation":"false","usertasksendemail":false,"usertaskassignment":"","formkeydefinition":"","formreference":"","fieldstovariables":"","duedatedefinition":{"duedate":{"fixed":{"days":5}}},"prioritydefinition":"","categorydefinition":"","formproperties":"","tasklisteners":"","emailtemplate":""},"stencil":{"id":"UserTask"},"childShapes":[],"outgoing":[{"resourceId":"sid-8DE7E324-D90A-49BC-84C2-79887B4456D4"}],"bounds":{"lowerRight":{"x":275,"y":218},"upperLeft":{"x":175,"y":138}},"dockers":[]},{"resourceId":"sid-AF791A52-9DD6-4BD0-A6A0-589FAA851BEF","properties":{"overrideid":"","name":"","documentation":"","conditionsequenceflow":"","executionlisteners":"","defaultflow":"false"},"stencil":{"id":"SequenceFlow"},"childShapes":[],"outgoing":[{"resourceId":"sid-8990974F-E59B-47B9-9F69-34E99A11E7A2"}],"bounds":{"lowerRight":{"x":174.15625,"y":178},"upperLeft":{"x":130.609375,"y":178}},"dockers":[{"x":15,"y":15},{"x":50,"y":40}],"target":{"resourceId":"sid-8990974F-E59B-47B9-9F69-34E99A11E7A2"}},{"resourceId":"sid-D87B5157-BD58-4520-9CA7-351247CEC8AF","properties":{"overrideid":"task-2","name":"Task 2","documentation":"","asynchronousdefinition":"false","exclusivedefinition":"false","executionlisteners":"","multiinstance_type":"None","multiinstance_cardinality":"","multiinstance_collection":"","multiinstance_variable":"","multiinstance_condition":"","isforcompensation":"false","usertasksendemail":false,"usertaskassignment":"","formkeydefinition":"","formreference":"","fieldstovariables":"","duedatedefinition":{"duedate":{"fixed":{"days":5}}},"prioritydefinition":"","categorydefinition":"","formproperties":"","tasklisteners":"","emailtemplate":""},"stencil":{"id":"UserTask"},"childShapes":[],"outgoing":[{"resourceId":"sid-AFE918BB-607E-4AE5-A337-D26A82008668"}],"bounds":{"lowerRight":{"x":420,"y":218},"upperLeft":{"x":320,"y":138}},"dockers":[]},{"resourceId":"sid-8DE7E324-D90A-49BC-84C2-79887B4456D4","properties":{"overrideid":"","name":"","documentation":"","conditionsequenceflow":"","executionlisteners":"","defaultflow":"false"},"stencil":{"id":"SequenceFlow"},"childShapes":[],"outgoing":[{"resourceId":"sid-D87B5157-BD58-4520-9CA7-351247CEC8AF"}],"bounds":{"lowerRight":{"x":319.15625,"y":178},"upperLeft":{"x":275.84375,"y":178}},"dockers":[{"x":50,"y":40},{"x":50,"y":40}],"target":{"resourceId":"sid-D87B5157-BD58-4520-9CA7-351247CEC8AF"}},{"resourceId":"sid-CD44B059-EC50-47A2-99F5-64B810DC0123","properties":{"overrideid":"task-3","name":"Task 3","documentation":"","asynchronousdefinition":"false","exclusivedefinition":"false","executionlisteners":"","multiinstance_type":"None","multiinstance_cardinality":"","multiinstance_collection":"","multiinstance_variable":"","multiinstance_condition":"","isforcompensation":"false","usertasksendemail":false,"usertaskassignment":"","formkeydefinition":"","formreference":"","fieldstovariables":"","duedatedefinition":{"duedate":{"fixed":{"days":1}}},"prioritydefinition":"","categorydefinition":"","formproperties":"","tasklisteners":"","emailtemplate":""},"stencil":{"id":"UserTask"},"childShapes":[],"outgoing":[{"resourceId":"sid-FE721E9C-D618-42BC-8CB7-1A8FCE02A01C"}],"bounds":{"lowerRight":{"x":565,"y":218},"upperLeft":{"x":465,"y":138}},"dockers":[]},{"resourceId":"sid-AFE918BB-607E-4AE5-A337-D26A82008668","properties":{"overrideid":"","name":"","documentation":"","conditionsequenceflow":"","executionlisteners":"","defaultflow":"false"},"stencil":{"id":"SequenceFlow"},"childShapes":[],"outgoing":[{"resourceId":"sid-CD44B059-EC50-47A2-99F5-64B810DC0123"}],"bounds":{"lowerRight":{"x":464.15625,"y":178},"upperLeft":{"x":420.84375,"y":178}},"dockers":[{"x":50,"y":40},{"x":50,"y":40}],"target":{"resourceId":"sid-CD44B059-EC50-47A2-99F5-64B810DC0123"}},{"resourceId":"sid-0E0F1984-15C8-4079-9B9C-3AD00B40DCB0","properties":{"overrideid":"","name":"","documentation":"","executionlisteners":""},"stencil":{"id":"EndNoneEvent"},"childShapes":[],"outgoing":[],"bounds":{"lowerRight":{"x":638,"y":192},"upperLeft":{"x":610,"y":164}},"dockers":[]},{"resourceId":"sid-FE721E9C-D618-42BC-8CB7-1A8FCE02A01C","properties":{"overrideid":"","name":"","documentation":"","conditionsequenceflow":"","executionlisteners":"","defaultflow":"false"},"stencil":{"id":"SequenceFlow"},"childShapes":[],"outgoing":[{"resourceId":"sid-0E0F1984-15C8-4079-9B9C-3AD00B40DCB0"}],"bounds":{"lowerRight":{"x":609.375,"y":178},"upperLeft":{"x":565.390625,"y":178}},"dockers":[{"x":50,"y":40},{"x":14,"y":14}],"target":{"resourceId":"sid-0E0F1984-15C8-4079-9B9C-3AD00B40DCB0"}}],"bounds":{"lowerRight":{"x":1200,"y":1050},"upperLeft":{"x":0,"y":0}},"stencilset":{"url":"stencilsets/bpmn2.0/bpmn2.0.json","namespace":"http://b3mn.org/stencilset/bpmn2.0#"},"ssextensions":[]}