<?xml version='1.0' encoding='UTF-8'?>
<definitions xmlns="http://www.omg.org/spec/BPMN/20100524/MODEL" xmlns:xsi="http://www.w3.org/2001/XMLSchema-instance" xmlns:xsd="http://www.w3.org/2001/XMLSchema" xmlns:activiti="http://activiti.org/bpmn" xmlns:bpmndi="http://www.omg.org/spec/BPMN/20100524/DI" xmlns:omgdc="http://www.omg.org/spec/DD/20100524/DC" xmlns:omgdi="http://www.omg.org/spec/DD/20100524/DI" typeLanguage="http://www.w3.org/2001/XMLSchema" expressionLanguage="http://www.w3.org/1999/XPath" targetNamespace="http://www.activiti.org/processdef" xmlns:modeler="http://activiti.com/modeler" modeler:version="1.0en" modeler:exportDateTime="20161214145616826" modeler:modelId="2002" modeler:modelVersion="5" modeler:modelLastUpdated="1481748975000">
  <process id="testTaskListener" name="testTaskListener" isExecutable="true">
    <extensionElements>
      <activiti:eventListener events="TASK_ASSIGNED" delegateExpression="${customTaskAssignmentListener}"/>
    </extensionElements>
    <startEvent id="startEvent1" activiti:formKey="5006">
      <extensionElements>
        <modeler:form-reference-id><![CDATA[5006]]></modeler:form-reference-id>
        <modeler:form-reference-name><![CDATA[startForm]]></modeler:form-reference-name>
        <modeler:editor-resource-id><![CDATA[startEvent1]]></modeler:editor-resource-id>
      </extensionElements>
    </startEvent>
    <userTask id="task-1" name="Task 1" activiti:async="true" activiti:exclusive="false" activiti:assignee="$INITIATOR" activiti:dueDate="${taskDueDateBean.calculateDueDate(0,0,5,0,0,0)}">
      <extensionElements>
        <activiti:executionListener event="start" class="com.activiti.runtime.activiti.ContentProcessorExecutionListener">
          <activiti:field name="externalContentHandler">
            <activiti:expression><![CDATA[${externalContentHandler}]]></activiti:expression>
          </activiti:field>
        </activiti:executionListener>
        <modeler:allow-send-email><![CDATA[false]]></modeler:allow-send-email>
        <modeler:duedate-type><![CDATA[fixed]]></modeler:duedate-type>
        <modeler:duedate-days><![CDATA[5]]></modeler:duedate-days>
        <modeler:activiti-idm-initiator><![CDATA[true]]></modeler:activiti-idm-initiator>
        <modeler:editor-resource-id><![CDATA[sid-8990974F-E59B-47B9-9F69-34E99A11E7A2]]></modeler:editor-resource-id>
        <modeler:ignore-listener-on-import><![CDATA[com.activiti.runtime.activiti.ContentProcessorExecutionListener]]></modeler:ignore-listener-on-import>
      </extensionElements>
    </userTask>
    <sequenceFlow id="sid-AF791A52-9DD6-4BD0-A6A0-589FAA851BEF" sourceRef="startEvent1" targetRef="task-1">
      <extensionElements>
        <modeler:editor-resource-id><![CDATA[sid-AF791A52-9DD6-4BD0-A6A0-589FAA851BEF]]></modeler:editor-resource-id>
      </extensionElements>
    </sequenceFlow>
    <userTask id="task-2" name="Task 2" activiti:assignee="$INITIATOR" activiti:dueDate="${taskDueDateBean.calculateDueDate(0,0,5,0,0,0)}">
      <extensionElements>
        <modeler:allow-send-email><![CDATA[false]]></modeler:allow-send-email>
        <modeler:duedate-type><![CDATA[fixed]]></modeler:duedate-type>
        <modeler:duedate-days><![CDATA[5]]></modeler:duedate-days>
        <modeler:activiti-idm-initiator><![CDATA[true]]></modeler:activiti-idm-initiator>
        <modeler:editor-resource-id><![CDATA[sid-D87B5157-BD58-4520-9CA7-351247CEC8AF]]></modeler:editor-resource-id>
      </extensionElements>
    </userTask>
    <sequenceFlow id="sid-8DE7E324-D90A-49BC-84C2-79887B4456D4" sourceRef="task-1" targetRef="task-2">
      <extensionElements>
        <modeler:editor-resource-id><![CDATA[sid-8DE7E324-D90A-49BC-84C2-79887B4456D4]]></modeler:editor-resource-id>
      </extensionElements>
    </sequenceFlow>
    <userTask id="task-3" name="Task 3" activiti:assignee="$INITIATOR" activiti:dueDate="${taskDueDateBean.calculateDueDate(0,0,1,0,0,0)}">
      <extensionElements>
        <modeler:allow-send-email><![CDATA[false]]></modeler:allow-send-email>
        <modeler:duedate-type><![CDATA[fixed]]></modeler:duedate-type>
        <modeler:duedate-days><![CDATA[1]]></modeler:duedate-days>
        <modeler:activiti-idm-initiator><![CDATA[true]]></modeler:activiti-idm-initiator>
        <modeler:editor-resource-id><![CDATA[sid-CD44B059-EC50-47A2-99F5-64B810DC0123]]></modeler:editor-resource-id>
      </extensionElements>
    </userTask>
    <sequenceFlow id="sid-AFE918BB-607E-4AE5-A337-D26A82008668" sourceRef="task-2" targetRef="task-3">
      <extensionElements>
        <modeler:editor-resource-id><![CDATA[sid-AFE918BB-607E-4AE5-A337-D26A82008668]]></modeler:editor-resource-id>
      </extensionElements>
    </sequenceFlow>
    <endEvent id="sid-0E0F1984-15C8-4079-9B9C-3AD00B40DCB0">
      <extensionElements>
        <modeler:editor-resource-id><![CDATA[sid-0E0F1984-15C8-4079-9B9C-3AD00B40DCB0]]></modeler:editor-resource-id>
      </extensionElements>
    </endEvent>
    <sequenceFlow id="sid-FE721E9C-D618-42BC-8CB7-1A8FCE02A01C" sourceRef="task-3" targetRef="sid-0E0F1984-15C8-4079-9B9C-3AD00B40DCB0">
      <extensionElements>
        <modeler:editor-resource-id><![CDATA[sid-FE721E9C-D618-42BC-8CB7-1A8FCE02A01C]]></modeler:editor-resource-id>
      </extensionElements>
    </sequenceFlow>
  </process>
  <bpmndi:BPMNDiagram id="BPMNDiagram_testTaskListener">
    <bpmndi:BPMNPlane bpmnElement="testTaskListener" id="BPMNPlane_testTaskListener">
      <bpmndi:BPMNShape bpmnElement="startEvent1" id="BPMNShape_startEvent1">
        <omgdc:Bounds height="30.0" width="30.0" x="100.0" y="163.0"/>
      </bpmndi:BPMNShape>
      <bpmndi:BPMNShape bpmnElement="task-1" id="BPMNShape_task-1">
        <omgdc:Bounds height="80.0" width="100.0" x="175.0" y="138.0"/>
      </bpmndi:BPMNShape>
      <bpmndi:BPMNShape bpmnElement="task-2" id="BPMNShape_task-2">
        <omgdc:Bounds height="80.0" width="100.0" x="320.0" y="138.0"/>
      </bpmndi:BPMNShape>
      <bpmndi:BPMNShape bpmnElement="task-3" id="BPMNShape_task-3">
        <omgdc:Bounds height="80.0" width="100.0" x="465.0" y="138.0"/>
      </bpmndi:BPMNShape>
      <bpmndi:BPMNShape bpmnElement="sid-0E0F1984-15C8-4079-9B9C-3AD00B40DCB0" id="BPMNShape_sid-0E0F1984-15C8-4079-9B9C-3AD00B40DCB0">
        <omgdc:Bounds height="28.0" width="28.0" x="610.0" y="164.0"/>
      </bpmndi:BPMNShape>
      <bpmndi:BPMNEdge bpmnElement="sid-AF791A52-9DD6-4BD0-A6A0-589FAA851BEF" id="BPMNEdge_sid-AF791A52-9DD6-4BD0-A6A0-589FAA851BEF">
        <omgdi:waypoint x="130.0" y="178.0"/>
        <omgdi:waypoint x="175.0" y="178.0"/>
      </bpmndi:BPMNEdge>
      <bpmndi:BPMNEdge bpmnElement="sid-AFE918BB-607E-4AE5-A337-D26A82008668" id="BPMNEdge_sid-AFE918BB-607E-4AE5-A337-D26A82008668">
        <omgdi:waypoint x="420.0" y="178.0"/>
        <omgdi:waypoint x="465.0" y="178.0"/>
      </bpmndi:BPMNEdge>
      <bpmndi:BPMNEdge bpmnElement="sid-8DE7E324-D90A-49BC-84C2-79887B4456D4" id="BPMNEdge_sid-8DE7E324-D90A-49BC-84C2-79887B4456D4">
        <omgdi:waypoint x="275.0" y="178.0"/>
        <omgdi:waypoint x="320.0" y="178.0"/>
      </bpmndi:BPMNEdge>
      <bpmndi:BPMNEdge bpmnElement="sid-FE721E9C-D618-42BC-8CB7-1A8FCE02A01C" id="BPMNEdge_sid-FE721E9C-D618-42BC-8CB7-1A8FCE02A01C">
        <omgdi:waypoint x="565.0" y="178.0"/>
        <omgdi:waypoint x="610.0" y="178.0"/>
      </bpmndi:BPMNEdge>
    </bpmndi:BPMNPlane>
  </bpmndi:BPMNDiagram>
</definitions>